api_class,download_subject,configured_year,source_stem,data_zip_url,dictionary_zip_url,reference_period,evidence
Characteristics,characteristics,1984,IC1984,https://nces.ed.gov/ipeds/datacenter/data/IC1984.zip,https://nces.ed.gov/ipeds/datacenter/data/IC1984_Dict.zip,institution/collection year; some measures have other dates,configured endpoint in src/genpeds/cfg.json; URL not independently rechecked by this CSV
Characteristics,characteristics,1985,IC1985,https://nces.ed.gov/ipeds/datacenter/data/IC1985.zip,https://nces.ed.gov/ipeds/datacenter/data/IC1985_Dict.zip,institution/collection year; some measures have other dates,configured endpoint in src/genpeds/cfg.json; URL not independently rechecked by this CSV
Characteristics,characteristics,1986,IC1986_A,https://nces.ed.gov/ipeds/datacenter/data/IC1986_A.zip,https://nces.ed.gov/ipeds/datacenter/data/IC1986_A_Dict.zip,institution/collection year; some measures have other dates,configured endpoint in src/genpeds/cfg.json; URL not independently rechecked by this CSV
Characteristics,characteristics,1987,IC1987_A,https://nces.ed.gov/ipeds/datacenter/data/IC1987_A.zip,https://nces.ed.gov/ipeds/datacenter/data/IC1987_A_Dict.zip,institution/collection year; some measures have other dates,configured endpoint in src/genpeds/cfg.json; URL not independently rechecked by this CSV
Characteristics,characteristics,1988,IC1988_A,https://nces.ed.gov/ipeds/datacenter/data/IC1988_A.zip,https://nces.ed.gov/ipeds/datacenter/data/IC1988_A_Dict.zip,institution/collection year; some measures have other dates,configured endpoint in src/genpeds/cfg.json; URL not independently rechecked by this CSV
Characteristics,characteristics,1989,IC1989_A,https://nces.ed.gov/ipeds/datacenter/data/IC1989_A.zip,https://nces.ed.gov/ipeds/datacenter/data/IC1989_A_Dict.zip,institution/collection year; some measures have other dates,configured endpoint in src/genpeds/cfg.json; URL not independently rechecked by this CSV
Characteristics,characteristics,1990,IC90HD,https://nces.ed.gov/ipeds/datacenter/data/IC90HD.zip,https://nces.ed.gov/ipeds/datacenter/data/IC90HD_Dict.zip,institution/collection year; some measures have other dates,configured endpoint in src/genpeds/cfg.json; URL not independently rechecked by this CSV
Characteristics,characteristics,1991,IC1991_hdr,https://nces.ed.gov/ipeds/datacenter/data/IC1991_hdr.zip,https://nces.ed.gov/ipeds/datacenter/data/IC1991_hdr_Dict.zip,institution/collection year; some measures have other dates,configured endpoint in src/genpeds/cfg.json; URL not independently rechecked by this CSV
Characteristics,characteristics,1992,IC1992_A,https://nces.ed.gov/ipeds/datacenter/data/IC1992_A.zip,https://nces.ed.gov/ipeds/datacenter/data/IC1992_A_Dict.zip,institution/collection year; some measures have other dates,configured endpoint in src/genpeds/cfg.json; URL not independently rechecked by this CSV
Characteristics,characteristics,1993,IC1993_A,https://nces.ed.gov/ipeds/datacenter/data/IC1993_A.zip,https://nces.ed.gov/ipeds/datacenter/data/IC1993_A_Dict.zip,institution/collection year; some measures have other dates,configured endpoint in src/genpeds/cfg.json; URL not independently rechecked by this CSV
Characteristics,characteristics,1994,IC1994_A,https://nces.ed.gov/ipeds/datacenter/data/IC1994_A.zip,https://nces.ed.gov/ipeds/datacenter/data/IC1994_A_Dict.zip,institution/collection year; some measures have other dates,configured endpoint in src/genpeds/cfg.json; URL not independently rechecked by this CSV
Characteristics,characteristics,1995,ic9596_A,https://nces.ed.gov/ipeds/datacenter/data/ic9596_A.zip,https://nces.ed.gov/ipeds/datacenter/data/ic9596_A_Dict.zip,institution/collection year; some measures have other dates,configured endpoint in src/genpeds/cfg.json; URL not independently rechecked by this CSV
Characteristics,characteristics,1996,ic9697_A,https://nces.ed.gov/ipeds/datacenter/data/ic9697_A.zip,https://nces.ed.gov/ipeds/datacenter/data/ic9697_A_Dict.zip,institution/collection year; some measures have other dates,configured endpoint in src/genpeds/cfg.json; URL not independently rechecked by this CSV
Characteristics,characteristics,1997,ic9798_HDR,https://nces.ed.gov/ipeds/datacenter/data/ic9798_HDR.zip,https://nces.ed.gov/ipeds/datacenter/data/ic9798_HDR_Dict.zip,institution/collection year; some measures have other dates,configured endpoint in src/genpeds/cfg.json; URL not independently rechecked by this CSV
Characteristics,characteristics,1998,IC98hdac,https://nces.ed.gov/ipeds/datacenter/data/IC98hdac.zip,https://nces.ed.gov/ipeds/datacenter/data/IC98hdac_Dict.zip,institution/collection year; some measures have other dates,configured endpoint in src/genpeds/cfg.json; URL not independently rechecked by this CSV
Characteristics,characteristics,1999,IC99_HD,https://nces.ed.gov/ipeds/datacenter/data/IC99_HD.zip,https://nces.ed.gov/ipeds/datacenter/data/IC99_HD_Dict.zip,institution/collection year; some measures have other dates,configured endpoint in src/genpeds/cfg.json; URL not independently rechecked by this CSV
Characteristics,characteristics,2000,FA2000HD,https://nces.ed.gov/ipeds/datacenter/data/FA2000HD.zip,https://nces.ed.gov/ipeds/datacenter/data/FA2000HD_Dict.zip,institution/collection year; some measures have other dates,configured endpoint in src/genpeds/cfg.json; URL not independently rechecked by this CSV
Characteristics,characteristics,2001,FA2001HD,https://nces.ed.gov/ipeds/datacenter/data/FA2001HD.zip,https://nces.ed.gov/ipeds/datacenter/data/FA2001HD_Dict.zip,institution/collection year; some measures have other dates,configured endpoint in src/genpeds/cfg.json; URL not independently rechecked by this CSV
Characteristics,characteristics,2002,HD2002,https://nces.ed.gov/ipeds/datacenter/data/HD2002.zip,https://nces.ed.gov/ipeds/datacenter/data/HD2002_Dict.zip,institution/collection year; some measures have other dates,configured endpoint in src/genpeds/cfg.json; URL not independently rechecked by this CSV
Characteristics,characteristics,2003,HD2003,https://nces.ed.gov/ipeds/datacenter/data/HD2003.zip,https://nces.ed.gov/ipeds/datacenter/data/HD2003_Dict.zip,institution/collection year; some measures have other dates,configured endpoint in src/genpeds/cfg.json; URL not independently rechecked by this CSV
Characteristics,characteristics,2004,HD2004,https://nces.ed.gov/ipeds/datacenter/data/HD2004.zip,https://nces.ed.gov/ipeds/datacenter/data/HD2004_Dict.zip,institution/collection year; some measures have other dates,configured endpoint in src/genpeds/cfg.json; URL not independently rechecked by this CSV
Characteristics,characteristics,2005,HD2005,https://nces.ed.gov/ipeds/datacenter/data/HD2005.zip,https://nces.ed.gov/ipeds/datacenter/data/HD2005_Dict.zip,institution/collection year; some measures have other dates,configured endpoint in src/genpeds/cfg.json; URL not independently rechecked by this CSV
Characteristics,characteristics,2006,HD2006,https://nces.ed.gov/ipeds/datacenter/data/HD2006.zip,https://nces.ed.gov/ipeds/datacenter/data/HD2006_Dict.zip,institution/collection year; some measures have other dates,configured endpoint in src/genpeds/cfg.json; URL not independently rechecked by this CSV
Characteristics,characteristics,2007,HD2007,https://nces.ed.gov/ipeds/datacenter/data/HD2007.zip,https://nces.ed.gov/ipeds/datacenter/data/HD2007_Dict.zip,institution/collection year; some measures have other dates,configured endpoint in src/genpeds/cfg.json; URL not independently rechecked by this CSV
Characteristics,characteristics,2008,HD2008,https://nces.ed.gov/ipeds/datacenter/data/HD2008.zip,https://nces.ed.gov/ipeds/datacenter/data/HD2008_Dict.zip,institution/collection year; some measures have other dates,configured endpoint in src/genpeds/cfg.json; URL not independently rechecked by this CSV
Characteristics,characteristics,2009,HD2009,https://nces.ed.gov/ipeds/datacenter/data/HD2009.zip,https://nces.ed.gov/ipeds/datacenter/data/HD2009_Dict.zip,institution/collection year; some measures have other dates,configured endpoint in src/genpeds/cfg.json; URL not independently rechecked by this CSV
Characteristics,characteristics,2010,HD2010,https://nces.ed.gov/ipeds/datacenter/data/HD2010.zip,https://nces.ed.gov/ipeds/datacenter/data/HD2010_Dict.zip,institution/collection year; some measures have other dates,configured endpoint in src/genpeds/cfg.json; URL not independently rechecked by this CSV
Characteristics,characteristics,2011,HD2011,https://nces.ed.gov/ipeds/datacenter/data/HD2011.zip,https://nces.ed.gov/ipeds/datacenter/data/HD2011_Dict.zip,institution/collection year; some measures have other dates,configured endpoint in src/genpeds/cfg.json; URL not independently rechecked by this CSV
Characteristics,characteristics,2012,HD2012,https://nces.ed.gov/ipeds/datacenter/data/HD2012.zip,https://nces.ed.gov/ipeds/datacenter/data/HD2012_Dict.zip,institution/collection year; some measures have other dates,configured endpoint in src/genpeds/cfg.json; URL not independently rechecked by this CSV
Characteristics,characteristics,2013,HD2013,https://nces.ed.gov/ipeds/datacenter/data/HD2013.zip,https://nces.ed.gov/ipeds/datacenter/data/HD2013_Dict.zip,institution/collection year; some measures have other dates,configured endpoint in src/genpeds/cfg.json; URL not independently rechecked by this CSV
Characteristics,characteristics,2014,HD2014,https://nces.ed.gov/ipeds/datacenter/data/HD2014.zip,https://nces.ed.gov/ipeds/datacenter/data/HD2014_Dict.zip,institution/collection year; some measures have other dates,configured endpoint in src/genpeds/cfg.json; URL not independently rechecked by this CSV
Characteristics,characteristics,2015,HD2015,https://nces.ed.gov/ipeds/datacenter/data/HD2015.zip,https://nces.ed.gov/ipeds/datacenter/data/HD2015_Dict.zip,institution/collection year; some measures have other dates,configured endpoint in src/genpeds/cfg.json; URL not independently rechecked by this CSV
Characteristics,characteristics,2016,HD2016,https://nces.ed.gov/ipeds/datacenter/data/HD2016.zip,https://nces.ed.gov/ipeds/datacenter/data/HD2016_Dict.zip,institution/collection year; some measures have other dates,configured endpoint in src/genpeds/cfg.json; URL not independently rechecked by this CSV
Characteristics,characteristics,2017,HD2017,https://nces.ed.gov/ipeds/datacenter/data/HD2017.zip,https://nces.ed.gov/ipeds/datacenter/data/HD2017_Dict.zip,institution/collection year; some measures have other dates,configured endpoint in src/genpeds/cfg.json; URL not independently rechecked by this CSV
Characteristics,characteristics,2018,HD2018,https://nces.ed.gov/ipeds/datacenter/data/HD2018.zip,https://nces.ed.gov/ipeds/datacenter/data/HD2018_Dict.zip,institution/collection year; some measures have other dates,configured endpoint in src/genpeds/cfg.json; URL not independently rechecked by this CSV
Characteristics,characteristics,2019,HD2019,https://nces.ed.gov/ipeds/datacenter/data/HD2019.zip,https://nces.ed.gov/ipeds/datacenter/data/HD2019_Dict.zip,institution/collection year; some measures have other dates,configured endpoint in src/genpeds/cfg.json; URL not independently rechecked by this CSV
Characteristics,characteristics,2020,HD2020,https://nces.ed.gov/ipeds/datacenter/data/HD2020.zip,https://nces.ed.gov/ipeds/datacenter/data/HD2020_Dict.zip,institution/collection year; some measures have other dates,configured endpoint in src/genpeds/cfg.json; URL not independently rechecked by this CSV
Characteristics,characteristics,2021,HD2021,https://nces.ed.gov/ipeds/datacenter/data/HD2021.zip,https://nces.ed.gov/ipeds/datacenter/data/HD2021_Dict.zip,institution/collection year; some measures have other dates,configured endpoint in src/genpeds/cfg.json; URL not independently rechecked by this CSV
Characteristics,characteristics,2022,HD2022,https://nces.ed.gov/ipeds/datacenter/data/HD2022.zip,https://nces.ed.gov/ipeds/datacenter/data/HD2022_Dict.zip,institution/collection year; some measures have other dates,configured endpoint in src/genpeds/cfg.json; URL not independently rechecked by this CSV
Characteristics,characteristics,2023,HD2023,https://nces.ed.gov/ipeds/complete-data-files/HD2023.zip,https://nces.ed.gov/ipeds/complete-data-files/HD2023_Dict.zip,institution/collection year; some measures have other dates,configured endpoint in src/genpeds/cfg.json; URL not independently rechecked by this CSV
Characteristics,characteristics,2024,HD2024,https://nces.ed.gov/ipeds/complete-data-files/HD2024.zip,https://nces.ed.gov/ipeds/complete-data-files/HD2024_Dict.zip,institution/collection year; some measures have other dates,configured endpoint in src/genpeds/cfg.json; URL not independently rechecked by this CSV
Characteristics,characteristics,2025,HD2025,https://nces.ed.gov/ipeds/complete-data-files/HD2025.zip,https://nces.ed.gov/ipeds/complete-data-files/HD2025_Dict.zip,institution/collection year; some measures have other dates,configured endpoint in src/genpeds/cfg.json; URL not independently rechecked by this CSV
Admissions,admissions,2001,IC2001,https://nces.ed.gov/ipeds/datacenter/data/IC2001.zip,https://nces.ed.gov/ipeds/datacenter/data/IC2001_Dict.zip,institution/collection year; some measures have other dates,configured endpoint in src/genpeds/cfg.json; URL not independently rechecked by this CSV
Admissions,admissions,2002,IC2002,https://nces.ed.gov/ipeds/datacenter/data/IC2002.zip,https://nces.ed.gov/ipeds/datacenter/data/IC2002_Dict.zip,institution/collection year; some measures have other dates,configured endpoint in src/genpeds/cfg.json; URL not independently rechecked by this CSV
Admissions,admissions,2003,IC2003,https://nces.ed.gov/ipeds/datacenter/data/IC2003.zip,https://nces.ed.gov/ipeds/datacenter/data/IC2003_Dict.zip,institution/collection year; some measures have other dates,configured endpoint in src/genpeds/cfg.json; URL not independently rechecked by this CSV
Admissions,admissions,2004,IC2004,https://nces.ed.gov/ipeds/datacenter/data/IC2004.zip,https://nces.ed.gov/ipeds/datacenter/data/IC2004_Dict.zip,institution/collection year; some measures have other dates,configured endpoint in src/genpeds/cfg.json; URL not independently rechecked by this CSV
Admissions,admissions,2005,IC2005,https://nces.ed.gov/ipeds/datacenter/data/IC2005.zip,https://nces.ed.gov/ipeds/datacenter/data/IC2005_Dict.zip,institution/collection year; some measures have other dates,configured endpoint in src/genpeds/cfg.json; URL not independently rechecked by this CSV
Admissions,admissions,2006,IC2006,https://nces.ed.gov/ipeds/datacenter/data/IC2006.zip,https://nces.ed.gov/ipeds/datacenter/data/IC2006_Dict.zip,institution/collection year; some measures have other dates,configured endpoint in src/genpeds/cfg.json; URL not independently rechecked by this CSV
Admissions,admissions,2007,IC2007,https://nces.ed.gov/ipeds/datacenter/data/IC2007.zip,https://nces.ed.gov/ipeds/datacenter/data/IC2007_Dict.zip,institution/collection year; some measures have other dates,configured endpoint in src/genpeds/cfg.json; URL not independently rechecked by this CSV
Admissions,admissions,2008,IC2008,https://nces.ed.gov/ipeds/datacenter/data/IC2008.zip,https://nces.ed.gov/ipeds/datacenter/data/IC2008_Dict.zip,institution/collection year; some measures have other dates,configured endpoint in src/genpeds/cfg.json; URL not independently rechecked by this CSV
Admissions,admissions,2009,IC2009,https://nces.ed.gov/ipeds/datacenter/data/IC2009.zip,https://nces.ed.gov/ipeds/datacenter/data/IC2009_Dict.zip,institution/collection year; some measures have other dates,configured endpoint in src/genpeds/cfg.json; URL not independently rechecked by this CSV
Admissions,admissions,2010,IC2010,https://nces.ed.gov/ipeds/datacenter/data/IC2010.zip,https://nces.ed.gov/ipeds/datacenter/data/IC2010_Dict.zip,institution/collection year; some measures have other dates,configured endpoint in src/genpeds/cfg.json; URL not independently rechecked by this CSV
Admissions,admissions,2011,IC2011,https://nces.ed.gov/ipeds/datacenter/data/IC2011.zip,https://nces.ed.gov/ipeds/datacenter/data/IC2011_Dict.zip,institution/collection year; some measures have other dates,configured endpoint in src/genpeds/cfg.json; URL not independently rechecked by this CSV
Admissions,admissions,2012,IC2012,https://nces.ed.gov/ipeds/datacenter/data/IC2012.zip,https://nces.ed.gov/ipeds/datacenter/data/IC2012_Dict.zip,institution/collection year; some measures have other dates,configured endpoint in src/genpeds/cfg.json; URL not independently rechecked by this CSV
Admissions,admissions,2013,IC2013,https://nces.ed.gov/ipeds/datacenter/data/IC2013.zip,https://nces.ed.gov/ipeds/datacenter/data/IC2013_Dict.zip,institution/collection year; some measures have other dates,configured endpoint in src/genpeds/cfg.json; URL not independently rechecked by this CSV
Admissions,admissions,2014,ADM2014,https://nces.ed.gov/ipeds/datacenter/data/ADM2014.zip,https://nces.ed.gov/ipeds/datacenter/data/ADM2014_Dict.zip,institution/collection year; some measures have other dates,configured endpoint in src/genpeds/cfg.json; URL not independently rechecked by this CSV
Admissions,admissions,2015,ADM2015,https://nces.ed.gov/ipeds/datacenter/data/ADM2015.zip,https://nces.ed.gov/ipeds/datacenter/data/ADM2015_Dict.zip,institution/collection year; some measures have other dates,configured endpoint in src/genpeds/cfg.json; URL not independently rechecked by this CSV
Admissions,admissions,2016,ADM2016,https://nces.ed.gov/ipeds/datacenter/data/ADM2016.zip,https://nces.ed.gov/ipeds/datacenter/data/ADM2016_Dict.zip,institution/collection year; some measures have other dates,configured endpoint in src/genpeds/cfg.json; URL not independently rechecked by this CSV
Admissions,admissions,2017,ADM2017,https://nces.ed.gov/ipeds/datacenter/data/ADM2017.zip,https://nces.ed.gov/ipeds/datacenter/data/ADM2017_Dict.zip,institution/collection year; some measures have other dates,configured endpoint in src/genpeds/cfg.json; URL not independently rechecked by this CSV
Admissions,admissions,2018,ADM2018,https://nces.ed.gov/ipeds/datacenter/data/ADM2018.zip,https://nces.ed.gov/ipeds/datacenter/data/ADM2018_Dict.zip,institution/collection year; some measures have other dates,configured endpoint in src/genpeds/cfg.json; URL not independently rechecked by this CSV
Admissions,admissions,2019,ADM2019,https://nces.ed.gov/ipeds/datacenter/data/ADM2019.zip,https://nces.ed.gov/ipeds/datacenter/data/ADM2019_Dict.zip,institution/collection year; some measures have other dates,configured endpoint in src/genpeds/cfg.json; URL not independently rechecked by this CSV
Admissions,admissions,2020,ADM2020,https://nces.ed.gov/ipeds/datacenter/data/ADM2020.zip,https://nces.ed.gov/ipeds/datacenter/data/ADM2020_Dict.zip,institution/collection year; some measures have other dates,configured endpoint in src/genpeds/cfg.json; URL not independently rechecked by this CSV
Admissions,admissions,2021,ADM2021,https://nces.ed.gov/ipeds/datacenter/data/ADM2021.zip,https://nces.ed.gov/ipeds/datacenter/data/ADM2021_Dict.zip,institution/collection year; some measures have other dates,configured endpoint in src/genpeds/cfg.json; URL not independently rechecked by this CSV
Admissions,admissions,2022,ADM2022,https://nces.ed.gov/ipeds/datacenter/data/ADM2022.zip,https://nces.ed.gov/ipeds/datacenter/data/ADM2022_Dict.zip,institution/collection year; some measures have other dates,configured endpoint in src/genpeds/cfg.json; URL not independently rechecked by this CSV
Admissions,admissions,2023,ADM2023,https://nces.ed.gov/ipeds/complete-data-files/ADM2023.zip,https://nces.ed.gov/ipeds/complete-data-files/ADM2023_Dict.zip,institution/collection year; some measures have other dates,configured endpoint in src/genpeds/cfg.json; URL not independently rechecked by this CSV
Admissions,admissions,2024,ADM2024,https://nces.ed.gov/ipeds/complete-data-files/ADM2024.zip,https://nces.ed.gov/ipeds/complete-data-files/ADM2024_Dict.zip,institution/collection year; some measures have other dates,configured endpoint in src/genpeds/cfg.json; URL not independently rechecked by this CSV
Enrollment,enrollment,1984,EF1984,https://nces.ed.gov/ipeds/datacenter/data/EF1984.zip,https://nces.ed.gov/ipeds/datacenter/data/EF1984_Dict.zip,institution/collection year; some measures have other dates,configured endpoint in src/genpeds/cfg.json; URL not independently rechecked by this CSV
Enrollment,enrollment,1985,EF1985,https://nces.ed.gov/ipeds/datacenter/data/EF1985.zip,https://nces.ed.gov/ipeds/datacenter/data/EF1985_Dict.zip,institution/collection year; some measures have other dates,configured endpoint in src/genpeds/cfg.json; URL not independently rechecked by this CSV
Enrollment,enrollment,1986,EF1986_A,https://nces.ed.gov/ipeds/datacenter/data/EF1986_A.zip,https://nces.ed.gov/ipeds/datacenter/data/EF1986_A_Dict.zip,institution/collection year; some measures have other dates,configured endpoint in src/genpeds/cfg.json; URL not independently rechecked by this CSV
Enrollment,enrollment,1987,EF1987_A,https://nces.ed.gov/ipeds/datacenter/data/EF1987_A.zip,https://nces.ed.gov/ipeds/datacenter/data/EF1987_A_Dict.zip,institution/collection year; some measures have other dates,configured endpoint in src/genpeds/cfg.json; URL not independently rechecked by this CSV
Enrollment,enrollment,1988,EF1988_A,https://nces.ed.gov/ipeds/datacenter/data/EF1988_A.zip,https://nces.ed.gov/ipeds/datacenter/data/EF1988_A_Dict.zip,institution/collection year; some measures have other dates,configured endpoint in src/genpeds/cfg.json; URL not independently rechecked by this CSV
Enrollment,enrollment,1989,EF1989_A,https://nces.ed.gov/ipeds/datacenter/data/EF1989_A.zip,https://nces.ed.gov/ipeds/datacenter/data/EF1989_A_Dict.zip,institution/collection year; some measures have other dates,configured endpoint in src/genpeds/cfg.json; URL not independently rechecked by this CSV
Enrollment,enrollment,1990,EF90_A,https://nces.ed.gov/ipeds/datacenter/data/EF90_A.zip,https://nces.ed.gov/ipeds/datacenter/data/EF90_A_Dict.zip,institution/collection year; some measures have other dates,configured endpoint in src/genpeds/cfg.json; URL not independently rechecked by this CSV
Enrollment,enrollment,1991,ef1991_A,https://nces.ed.gov/ipeds/datacenter/data/ef1991_A.zip,https://nces.ed.gov/ipeds/datacenter/data/ef1991_A_Dict.zip,institution/collection year; some measures have other dates,configured endpoint in src/genpeds/cfg.json; URL not independently rechecked by this CSV
Enrollment,enrollment,1992,EF1992_A,https://nces.ed.gov/ipeds/datacenter/data/EF1992_A.zip,https://nces.ed.gov/ipeds/datacenter/data/EF1992_A_Dict.zip,institution/collection year; some measures have other dates,configured endpoint in src/genpeds/cfg.json; URL not independently rechecked by this CSV
Enrollment,enrollment,1993,EF1993_A,https://nces.ed.gov/ipeds/datacenter/data/EF1993_A.zip,https://nces.ed.gov/ipeds/datacenter/data/EF1993_A_Dict.zip,institution/collection year; some measures have other dates,configured endpoint in src/genpeds/cfg.json; URL not independently rechecked by this CSV
Enrollment,enrollment,1994,EF1994_ANR,https://nces.ed.gov/ipeds/datacenter/data/EF1994_ANR.zip,https://nces.ed.gov/ipeds/datacenter/data/EF1994_ANR_Dict.zip,institution/collection year; some measures have other dates,configured endpoint in src/genpeds/cfg.json; URL not independently rechecked by this CSV
Enrollment,enrollment,1995,EF95_ANR,https://nces.ed.gov/ipeds/datacenter/data/EF95_ANR.zip,https://nces.ed.gov/ipeds/datacenter/data/EF95_ANR_Dict.zip,institution/collection year; some measures have other dates,configured endpoint in src/genpeds/cfg.json; URL not independently rechecked by this CSV
Enrollment,enrollment,1996,EF96_ANR,https://nces.ed.gov/ipeds/datacenter/data/EF96_ANR.zip,https://nces.ed.gov/ipeds/datacenter/data/EF96_ANR_Dict.zip,institution/collection year; some measures have other dates,configured endpoint in src/genpeds/cfg.json; URL not independently rechecked by this CSV
Enrollment,enrollment,1997,EF97_ANR,https://nces.ed.gov/ipeds/datacenter/data/EF97_ANR.zip,https://nces.ed.gov/ipeds/datacenter/data/EF97_ANR_Dict.zip,institution/collection year; some measures have other dates,configured endpoint in src/genpeds/cfg.json; URL not independently rechecked by this CSV
Enrollment,enrollment,1998,EF98_ANR,https://nces.ed.gov/ipeds/datacenter/data/EF98_ANR.zip,https://nces.ed.gov/ipeds/datacenter/data/EF98_ANR_Dict.zip,institution/collection year; some measures have other dates,configured endpoint in src/genpeds/cfg.json; URL not independently rechecked by this CSV
Enrollment,enrollment,1999,EF99_ANR,https://nces.ed.gov/ipeds/datacenter/data/EF99_ANR.zip,https://nces.ed.gov/ipeds/datacenter/data/EF99_ANR_Dict.zip,institution/collection year; some measures have other dates,configured endpoint in src/genpeds/cfg.json; URL not independently rechecked by this CSV
Enrollment,enrollment,2000,EF2000A,https://nces.ed.gov/ipeds/datacenter/data/EF2000A.zip,https://nces.ed.gov/ipeds/datacenter/data/EF2000A_Dict.zip,institution/collection year; some measures have other dates,configured endpoint in src/genpeds/cfg.json; URL not independently rechecked by this CSV
Enrollment,enrollment,2001,EF2001A,https://nces.ed.gov/ipeds/datacenter/data/EF2001A.zip,https://nces.ed.gov/ipeds/datacenter/data/EF2001A_Dict.zip,institution/collection year; some measures have other dates,configured endpoint in src/genpeds/cfg.json; URL not independently rechecked by this CSV
Enrollment,enrollment,2002,EF2002A,https://nces.ed.gov/ipeds/datacenter/data/EF2002A.zip,https://nces.ed.gov/ipeds/datacenter/data/EF2002A_Dict.zip,institution/collection year; some measures have other dates,configured endpoint in src/genpeds/cfg.json; URL not independently rechecked by this CSV
Enrollment,enrollment,2003,EF2003A,https://nces.ed.gov/ipeds/datacenter/data/EF2003A.zip,https://nces.ed.gov/ipeds/datacenter/data/EF2003A_Dict.zip,institution/collection year; some measures have other dates,configured endpoint in src/genpeds/cfg.json; URL not independently rechecked by this CSV
Enrollment,enrollment,2004,EF2004A,https://nces.ed.gov/ipeds/datacenter/data/EF2004A.zip,https://nces.ed.gov/ipeds/datacenter/data/EF2004A_Dict.zip,institution/collection year; some measures have other dates,configured endpoint in src/genpeds/cfg.json; URL not independently rechecked by this CSV
Enrollment,enrollment,2005,EF2005A,https://nces.ed.gov/ipeds/datacenter/data/EF2005A.zip,https://nces.ed.gov/ipeds/datacenter/data/EF2005A_Dict.zip,institution/collection year; some measures have other dates,configured endpoint in src/genpeds/cfg.json; URL not independently rechecked by this CSV
Enrollment,enrollment,2006,EF2006A,https://nces.ed.gov/ipeds/datacenter/data/EF2006A.zip,https://nces.ed.gov/ipeds/datacenter/data/EF2006A_Dict.zip,institution/collection year; some measures have other dates,configured endpoint in src/genpeds/cfg.json; URL not independently rechecked by this CSV
Enrollment,enrollment,2007,EF2007A,https://nces.ed.gov/ipeds/datacenter/data/EF2007A.zip,https://nces.ed.gov/ipeds/datacenter/data/EF2007A_Dict.zip,institution/collection year; some measures have other dates,configured endpoint in src/genpeds/cfg.json; URL not independently rechecked by this CSV
Enrollment,enrollment,2008,EF2008A,https://nces.ed.gov/ipeds/datacenter/data/EF2008A.zip,https://nces.ed.gov/ipeds/datacenter/data/EF2008A_Dict.zip,institution/collection year; some measures have other dates,configured endpoint in src/genpeds/cfg.json; URL not independently rechecked by this CSV
Enrollment,enrollment,2009,EF2009A,https://nces.ed.gov/ipeds/datacenter/data/EF2009A.zip,https://nces.ed.gov/ipeds/datacenter/data/EF2009A_Dict.zip,institution/collection year; some measures have other dates,configured endpoint in src/genpeds/cfg.json; URL not independently rechecked by this CSV
Enrollment,enrollment,2010,EF2010A,https://nces.ed.gov/ipeds/datacenter/data/EF2010A.zip,https://nces.ed.gov/ipeds/datacenter/data/EF2010A_Dict.zip,institution/collection year; some measures have other dates,configured endpoint in src/genpeds/cfg.json; URL not independently rechecked by this CSV
Enrollment,enrollment,2011,EF2011A,https://nces.ed.gov/ipeds/datacenter/data/EF2011A.zip,https://nces.ed.gov/ipeds/datacenter/data/EF2011A_Dict.zip,institution/collection year; some measures have other dates,configured endpoint in src/genpeds/cfg.json; URL not independently rechecked by this CSV
Enrollment,enrollment,2012,EF2012A,https://nces.ed.gov/ipeds/datacenter/data/EF2012A.zip,https://nces.ed.gov/ipeds/datacenter/data/EF2012A_Dict.zip,institution/collection year; some measures have other dates,configured endpoint in src/genpeds/cfg.json; URL not independently rechecked by this CSV
Enrollment,enrollment,2013,EF2013A,https://nces.ed.gov/ipeds/datacenter/data/EF2013A.zip,https://nces.ed.gov/ipeds/datacenter/data/EF2013A_Dict.zip,institution/collection year; some measures have other dates,configured endpoint in src/genpeds/cfg.json; URL not independently rechecked by this CSV
Enrollment,enrollment,2014,EF2014A,https://nces.ed.gov/ipeds/datacenter/data/EF2014A.zip,https://nces.ed.gov/ipeds/datacenter/data/EF2014A_Dict.zip,institution/collection year; some measures have other dates,configured endpoint in src/genpeds/cfg.json; URL not independently rechecked by this CSV
Enrollment,enrollment,2015,EF2015A,https://nces.ed.gov/ipeds/datacenter/data/EF2015A.zip,https://nces.ed.gov/ipeds/datacenter/data/EF2015A_Dict.zip,institution/collection year; some measures have other dates,configured endpoint in src/genpeds/cfg.json; URL not independently rechecked by this CSV
Enrollment,enrollment,2016,EF2016A,https://nces.ed.gov/ipeds/datacenter/data/EF2016A.zip,https://nces.ed.gov/ipeds/datacenter/data/EF2016A_Dict.zip,institution/collection year; some measures have other dates,configured endpoint in src/genpeds/cfg.json; URL not independently rechecked by this CSV
Enrollment,enrollment,2017,EF2017A,https://nces.ed.gov/ipeds/datacenter/data/EF2017A.zip,https://nces.ed.gov/ipeds/datacenter/data/EF2017A_Dict.zip,institution/collection year; some measures have other dates,configured endpoint in src/genpeds/cfg.json; URL not independently rechecked by this CSV
Enrollment,enrollment,2018,EF2018A,https://nces.ed.gov/ipeds/datacenter/data/EF2018A.zip,https://nces.ed.gov/ipeds/datacenter/data/EF2018A_Dict.zip,institution/collection year; some measures have other dates,configured endpoint in src/genpeds/cfg.json; URL not independently rechecked by this CSV
Enrollment,enrollment,2019,EF2019A,https://nces.ed.gov/ipeds/datacenter/data/EF2019A.zip,https://nces.ed.gov/ipeds/datacenter/data/EF2019A_Dict.zip,institution/collection year; some measures have other dates,configured endpoint in src/genpeds/cfg.json; URL not independently rechecked by this CSV
Enrollment,enrollment,2020,EF2020A,https://nces.ed.gov/ipeds/datacenter/data/EF2020A.zip,https://nces.ed.gov/ipeds/datacenter/data/EF2020A_Dict.zip,institution/collection year; some measures have other dates,configured endpoint in src/genpeds/cfg.json; URL not independently rechecked by this CSV
Enrollment,enrollment,2021,EF2021A,https://nces.ed.gov/ipeds/datacenter/data/EF2021A.zip,https://nces.ed.gov/ipeds/datacenter/data/EF2021A_Dict.zip,institution/collection year; some measures have other dates,configured endpoint in src/genpeds/cfg.json; URL not independently rechecked by this CSV
Enrollment,enrollment,2022,EF2022A,https://nces.ed.gov/ipeds/datacenter/data/EF2022A.zip,https://nces.ed.gov/ipeds/datacenter/data/EF2022A_Dict.zip,institution/collection year; some measures have other dates,configured endpoint in src/genpeds/cfg.json; URL not independently rechecked by this CSV
Enrollment,enrollment,2023,EF2023A,https://nces.ed.gov/ipeds/complete-data-files/EF2023A.zip,https://nces.ed.gov/ipeds/complete-data-files/EF2023A_Dict.zip,institution/collection year; some measures have other dates,configured endpoint in src/genpeds/cfg.json; URL not independently rechecked by this CSV
Enrollment,enrollment,2024,EF2024A,https://nces.ed.gov/ipeds/complete-data-files/EF2024A.zip,https://nces.ed.gov/ipeds/complete-data-files/EF2024A_Dict.zip,institution/collection year; some measures have other dates,configured endpoint in src/genpeds/cfg.json; URL not independently rechecked by this CSV
DistanceEnrollment,distance_enrollment,2012,EF2012A_DIST,https://nces.ed.gov/ipeds/datacenter/data/EF2012A_DIST.zip,https://nces.ed.gov/ipeds/datacenter/data/EF2012A_DIST_Dict.zip,see subject year definition in variables.csv / harmonization.md,configured endpoint in src/genpeds/cfg.json; URL not independently rechecked by this CSV
DistanceEnrollment,distance_enrollment,2013,EF2013A_DIST,https://nces.ed.gov/ipeds/datacenter/data/EF2013A_DIST.zip,https://nces.ed.gov/ipeds/datacenter/data/EF2013A_DIST_Dict.zip,see subject year definition in variables.csv / harmonization.md,configured endpoint in src/genpeds/cfg.json; URL not independently rechecked by this CSV
DistanceEnrollment,distance_enrollment,2014,EF2014A_DIST,https://nces.ed.gov/ipeds/datacenter/data/EF2014A_DIST.zip,https://nces.ed.gov/ipeds/datacenter/data/EF2014A_DIST_Dict.zip,see subject year definition in variables.csv / harmonization.md,configured endpoint in src/genpeds/cfg.json; URL not independently rechecked by this CSV
DistanceEnrollment,distance_enrollment,2015,EF2015A_DIST,https://nces.ed.gov/ipeds/datacenter/data/EF2015A_DIST.zip,https://nces.ed.gov/ipeds/datacenter/data/EF2015A_DIST_Dict.zip,see subject year definition in variables.csv / harmonization.md,configured endpoint in src/genpeds/cfg.json; URL not independently rechecked by this CSV
DistanceEnrollment,distance_enrollment,2016,EF2016A_DIST,https://nces.ed.gov/ipeds/datacenter/data/EF2016A_DIST.zip,https://nces.ed.gov/ipeds/datacenter/data/EF2016A_DIST_Dict.zip,see subject year definition in variables.csv / harmonization.md,configured endpoint in src/genpeds/cfg.json; URL not independently rechecked by this CSV
DistanceEnrollment,distance_enrollment,2017,EF2017A_DIST,https://nces.ed.gov/ipeds/datacenter/data/EF2017A_DIST.zip,https://nces.ed.gov/ipeds/datacenter/data/EF2017A_DIST_Dict.zip,see subject year definition in variables.csv / harmonization.md,configured endpoint in src/genpeds/cfg.json; URL not independently rechecked by this CSV
DistanceEnrollment,distance_enrollment,2018,EF2018A_DIST,https://nces.ed.gov/ipeds/datacenter/data/EF2018A_DIST.zip,https://nces.ed.gov/ipeds/datacenter/data/EF2018A_DIST_Dict.zip,see subject year definition in variables.csv / harmonization.md,configured endpoint in src/genpeds/cfg.json; URL not independently rechecked by this CSV
DistanceEnrollment,distance_enrollment,2019,EF2019A_DIST,https://nces.ed.gov/ipeds/datacenter/data/EF2019A_DIST.zip,https://nces.ed.gov/ipeds/datacenter/data/EF2019A_DIST_Dict.zip,see subject year definition in variables.csv / harmonization.md,configured endpoint in src/genpeds/cfg.json; URL not independently rechecked by this CSV
DistanceEnrollment,distance_enrollment,2020,EF2020A_DIST,https://nces.ed.gov/ipeds/datacenter/data/EF2020A_DIST.zip,https://nces.ed.gov/ipeds/datacenter/data/EF2020A_DIST_Dict.zip,see subject year definition in variables.csv / harmonization.md,configured endpoint in src/genpeds/cfg.json; URL not independently rechecked by this CSV
DistanceEnrollment,distance_enrollment,2021,EF2021A_DIST,https://nces.ed.gov/ipeds/datacenter/data/EF2021A_DIST.zip,https://nces.ed.gov/ipeds/datacenter/data/EF2021A_DIST_Dict.zip,see subject year definition in variables.csv / harmonization.md,configured endpoint in src/genpeds/cfg.json; URL not independently rechecked by this CSV
DistanceEnrollment,distance_enrollment,2022,EF2022A_DIST,https://nces.ed.gov/ipeds/datacenter/data/EF2022A_DIST.zip,https://nces.ed.gov/ipeds/datacenter/data/EF2022A_DIST_Dict.zip,see subject year definition in variables.csv / harmonization.md,configured endpoint in src/genpeds/cfg.json; URL not independently rechecked by this CSV
DistanceEnrollment,distance_enrollment,2023,EF2023A_DIST,https://nces.ed.gov/ipeds/complete-data-files/EF2023A_DIST.zip,https://nces.ed.gov/ipeds/complete-data-files/EF2023A_DIST_Dict.zip,see subject year definition in variables.csv / harmonization.md,configured endpoint in src/genpeds/cfg.json; URL not independently rechecked by this CSV
DistanceEnrollment,distance_enrollment,2024,EF2024A_DIST,https://nces.ed.gov/ipeds/complete-data-files/EF2024A_DIST.zip,https://nces.ed.gov/ipeds/complete-data-files/EF2024A_DIST_Dict.zip,see subject year definition in variables.csv / harmonization.md,configured endpoint in src/genpeds/cfg.json; URL not independently rechecked by this CSV
TwelveMonthEnrollment,twelve_month_enrollment,2002,EFFY2002,https://nces.ed.gov/ipeds/datacenter/data/EFFY2002.zip,https://nces.ed.gov/ipeds/datacenter/data/EFFY2002_Dict.zip,see subject year definition in variables.csv / harmonization.md,configured endpoint in src/genpeds/cfg.json; URL not independently rechecked by this CSV
TwelveMonthEnrollment,twelve_month_enrollment,2003,EFFY2003,https://nces.ed.gov/ipeds/datacenter/data/EFFY2003.zip,https://nces.ed.gov/ipeds/datacenter/data/EFFY2003_Dict.zip,see subject year definition in variables.csv / harmonization.md,configured endpoint in src/genpeds/cfg.json; URL not independently rechecked by this CSV
TwelveMonthEnrollment,twelve_month_enrollment,2004,EFFY2004,https://nces.ed.gov/ipeds/datacenter/data/EFFY2004.zip,https://nces.ed.gov/ipeds/datacenter/data/EFFY2004_Dict.zip,see subject year definition in variables.csv / harmonization.md,configured endpoint in src/genpeds/cfg.json; URL not independently rechecked by this CSV
TwelveMonthEnrollment,twelve_month_enrollment,2005,EFFY2005,https://nces.ed.gov/ipeds/datacenter/data/EFFY2005.zip,https://nces.ed.gov/ipeds/datacenter/data/EFFY2005_Dict.zip,see subject year definition in variables.csv / harmonization.md,configured endpoint in src/genpeds/cfg.json; URL not independently rechecked by this CSV
TwelveMonthEnrollment,twelve_month_enrollment,2006,EFFY2006,https://nces.ed.gov/ipeds/datacenter/data/EFFY2006.zip,https://nces.ed.gov/ipeds/datacenter/data/EFFY2006_Dict.zip,see subject year definition in variables.csv / harmonization.md,configured endpoint in src/genpeds/cfg.json; URL not independently rechecked by this CSV
TwelveMonthEnrollment,twelve_month_enrollment,2007,EFFY2007,https://nces.ed.gov/ipeds/datacenter/data/EFFY2007.zip,https://nces.ed.gov/ipeds/datacenter/data/EFFY2007_Dict.zip,see subject year definition in variables.csv / harmonization.md,configured endpoint in src/genpeds/cfg.json; URL not independently rechecked by this CSV
TwelveMonthEnrollment,twelve_month_enrollment,2008,EFFY2008,https://nces.ed.gov/ipeds/datacenter/data/EFFY2008.zip,https://nces.ed.gov/ipeds/datacenter/data/EFFY2008_Dict.zip,see subject year definition in variables.csv / harmonization.md,configured endpoint in src/genpeds/cfg.json; URL not independently rechecked by this CSV
TwelveMonthEnrollment,twelve_month_enrollment,2009,EFFY2009,https://nces.ed.gov/ipeds/datacenter/data/EFFY2009.zip,https://nces.ed.gov/ipeds/datacenter/data/EFFY2009_Dict.zip,see subject year definition in variables.csv / harmonization.md,configured endpoint in src/genpeds/cfg.json; URL not independently rechecked by this CSV
TwelveMonthEnrollment,twelve_month_enrollment,2010,EFFY2010,https://nces.ed.gov/ipeds/datacenter/data/EFFY2010.zip,https://nces.ed.gov/ipeds/datacenter/data/EFFY2010_Dict.zip,see subject year definition in variables.csv / harmonization.md,configured endpoint in src/genpeds/cfg.json; URL not independently rechecked by this CSV
TwelveMonthEnrollment,twelve_month_enrollment,2011,EFFY2011,https://nces.ed.gov/ipeds/datacenter/data/EFFY2011.zip,https://nces.ed.gov/ipeds/datacenter/data/EFFY2011_Dict.zip,see subject year definition in variables.csv / harmonization.md,configured endpoint in src/genpeds/cfg.json; URL not independently rechecked by this CSV
TwelveMonthEnrollment,twelve_month_enrollment,2012,EFFY2012,https://nces.ed.gov/ipeds/datacenter/data/EFFY2012.zip,https://nces.ed.gov/ipeds/datacenter/data/EFFY2012_Dict.zip,see subject year definition in variables.csv / harmonization.md,configured endpoint in src/genpeds/cfg.json; URL not independently rechecked by this CSV
TwelveMonthEnrollment,twelve_month_enrollment,2013,EFFY2013,https://nces.ed.gov/ipeds/datacenter/data/EFFY2013.zip,https://nces.ed.gov/ipeds/datacenter/data/EFFY2013_Dict.zip,see subject year definition in variables.csv / harmonization.md,configured endpoint in src/genpeds/cfg.json; URL not independently rechecked by this CSV
TwelveMonthEnrollment,twelve_month_enrollment,2014,EFFY2014,https://nces.ed.gov/ipeds/datacenter/data/EFFY2014.zip,https://nces.ed.gov/ipeds/datacenter/data/EFFY2014_Dict.zip,see subject year definition in variables.csv / harmonization.md,configured endpoint in src/genpeds/cfg.json; URL not independently rechecked by this CSV
TwelveMonthEnrollment,twelve_month_enrollment,2015,EFFY2015,https://nces.ed.gov/ipeds/datacenter/data/EFFY2015.zip,https://nces.ed.gov/ipeds/datacenter/data/EFFY2015_Dict.zip,see subject year definition in variables.csv / harmonization.md,configured endpoint in src/genpeds/cfg.json; URL not independently rechecked by this CSV
TwelveMonthEnrollment,twelve_month_enrollment,2016,EFFY2016,https://nces.ed.gov/ipeds/datacenter/data/EFFY2016.zip,https://nces.ed.gov/ipeds/datacenter/data/EFFY2016_Dict.zip,see subject year definition in variables.csv / harmonization.md,configured endpoint in src/genpeds/cfg.json; URL not independently rechecked by this CSV
TwelveMonthEnrollment,twelve_month_enrollment,2017,EFFY2017,https://nces.ed.gov/ipeds/datacenter/data/EFFY2017.zip,https://nces.ed.gov/ipeds/datacenter/data/EFFY2017_Dict.zip,see subject year definition in variables.csv / harmonization.md,configured endpoint in src/genpeds/cfg.json; URL not independently rechecked by this CSV
TwelveMonthEnrollment,twelve_month_enrollment,2018,EFFY2018,https://nces.ed.gov/ipeds/datacenter/data/EFFY2018.zip,https://nces.ed.gov/ipeds/datacenter/data/EFFY2018_Dict.zip,see subject year definition in variables.csv / harmonization.md,configured endpoint in src/genpeds/cfg.json; URL not independently rechecked by this CSV
TwelveMonthEnrollment,twelve_month_enrollment,2019,EFFY2019,https://nces.ed.gov/ipeds/datacenter/data/EFFY2019.zip,https://nces.ed.gov/ipeds/datacenter/data/EFFY2019_Dict.zip,see subject year definition in variables.csv / harmonization.md,configured endpoint in src/genpeds/cfg.json; URL not independently rechecked by this CSV
TwelveMonthEnrollment,twelve_month_enrollment,2020,EFFY2020,https://nces.ed.gov/ipeds/datacenter/data/EFFY2020.zip,https://nces.ed.gov/ipeds/datacenter/data/EFFY2020_Dict.zip,see subject year definition in variables.csv / harmonization.md,configured endpoint in src/genpeds/cfg.json; URL not independently rechecked by this CSV
TwelveMonthEnrollment,twelve_month_enrollment,2021,EFFY2021,https://nces.ed.gov/ipeds/datacenter/data/EFFY2021.zip,https://nces.ed.gov/ipeds/datacenter/data/EFFY2021_Dict.zip,see subject year definition in variables.csv / harmonization.md,configured endpoint in src/genpeds/cfg.json; URL not independently rechecked by this CSV
TwelveMonthEnrollment,twelve_month_enrollment,2022,EFFY2022,https://nces.ed.gov/ipeds/datacenter/data/EFFY2022.zip,https://nces.ed.gov/ipeds/datacenter/data/EFFY2022_Dict.zip,see subject year definition in variables.csv / harmonization.md,configured endpoint in src/genpeds/cfg.json; URL not independently rechecked by this CSV
TwelveMonthEnrollment,twelve_month_enrollment,2023,EFFY2023,https://nces.ed.gov/ipeds/complete-data-files/EFFY2023.zip,https://nces.ed.gov/ipeds/complete-data-files/EFFY2023_Dict.zip,see subject year definition in variables.csv / harmonization.md,configured endpoint in src/genpeds/cfg.json; URL not independently rechecked by this CSV
TwelveMonthEnrollment,twelve_month_enrollment,2024,EFFY2024,https://nces.ed.gov/ipeds/complete-data-files/EFFY2024.zip,https://nces.ed.gov/ipeds/complete-data-files/EFFY2024_Dict.zip,see subject year definition in variables.csv / harmonization.md,configured endpoint in src/genpeds/cfg.json; URL not independently rechecked by this CSV
TwelveMonthEnrollment,twelve_month_enrollment,2025,EFFY2025,https://nces.ed.gov/ipeds/complete-data-files/EFFY2025.zip,https://nces.ed.gov/ipeds/complete-data-files/EFFY2025_Dict.zip,see subject year definition in variables.csv / harmonization.md,configured endpoint in src/genpeds/cfg.json; URL not independently rechecked by this CSV
Tuition,tuition,2000,IC2000_AY,https://nces.ed.gov/ipeds/datacenter/data/IC2000_AY.zip,https://nces.ed.gov/ipeds/datacenter/data/IC2000_AY_Dict.zip,see subject year definition in variables.csv / harmonization.md,configured endpoint in src/genpeds/cfg.json; URL not independently rechecked by this CSV
Tuition,tuition,2001,IC2001_AY,https://nces.ed.gov/ipeds/datacenter/data/IC2001_AY.zip,https://nces.ed.gov/ipeds/datacenter/data/IC2001_AY_Dict.zip,see subject year definition in variables.csv / harmonization.md,configured endpoint in src/genpeds/cfg.json; URL not independently rechecked by this CSV
Tuition,tuition,2002,IC2002_AY,https://nces.ed.gov/ipeds/datacenter/data/IC2002_AY.zip,https://nces.ed.gov/ipeds/datacenter/data/IC2002_AY_Dict.zip,see subject year definition in variables.csv / harmonization.md,configured endpoint in src/genpeds/cfg.json; URL not independently rechecked by this CSV
Tuition,tuition,2003,IC2003_AY,https://nces.ed.gov/ipeds/datacenter/data/IC2003_AY.zip,https://nces.ed.gov/ipeds/datacenter/data/IC2003_AY_Dict.zip,see subject year definition in variables.csv / harmonization.md,configured endpoint in src/genpeds/cfg.json; URL not independently rechecked by this CSV
Tuition,tuition,2004,IC2004_AY,https://nces.ed.gov/ipeds/datacenter/data/IC2004_AY.zip,https://nces.ed.gov/ipeds/datacenter/data/IC2004_AY_Dict.zip,see subject year definition in variables.csv / harmonization.md,configured endpoint in src/genpeds/cfg.json; URL not independently rechecked by this CSV
Tuition,tuition,2005,IC2005_AY,https://nces.ed.gov/ipeds/datacenter/data/IC2005_AY.zip,https://nces.ed.gov/ipeds/datacenter/data/IC2005_AY_Dict.zip,see subject year definition in variables.csv / harmonization.md,configured endpoint in src/genpeds/cfg.json; URL not independently rechecked by this CSV
Tuition,tuition,2006,IC2006_AY,https://nces.ed.gov/ipeds/datacenter/data/IC2006_AY.zip,https://nces.ed.gov/ipeds/datacenter/data/IC2006_AY_Dict.zip,see subject year definition in variables.csv / harmonization.md,configured endpoint in src/genpeds/cfg.json; URL not independently rechecked by this CSV
Tuition,tuition,2007,IC2007_AY,https://nces.ed.gov/ipeds/datacenter/data/IC2007_AY.zip,https://nces.ed.gov/ipeds/datacenter/data/IC2007_AY_Dict.zip,see subject year definition in variables.csv / harmonization.md,configured endpoint in src/genpeds/cfg.json; URL not independently rechecked by this CSV
Tuition,tuition,2008,IC2008_AY,https://nces.ed.gov/ipeds/datacenter/data/IC2008_AY.zip,https://nces.ed.gov/ipeds/datacenter/data/IC2008_AY_Dict.zip,see subject year definition in variables.csv / harmonization.md,configured endpoint in src/genpeds/cfg.json; URL not independently rechecked by this CSV
Tuition,tuition,2009,IC2009_AY,https://nces.ed.gov/ipeds/datacenter/data/IC2009_AY.zip,https://nces.ed.gov/ipeds/datacenter/data/IC2009_AY_Dict.zip,see subject year definition in variables.csv / harmonization.md,configured endpoint in src/genpeds/cfg.json; URL not independently rechecked by this CSV
Tuition,tuition,2010,IC2010_AY,https://nces.ed.gov/ipeds/datacenter/data/IC2010_AY.zip,https://nces.ed.gov/ipeds/datacenter/data/IC2010_AY_Dict.zip,see subject year definition in variables.csv / harmonization.md,configured endpoint in src/genpeds/cfg.json; URL not independently rechecked by this CSV
Tuition,tuition,2011,IC2011_AY,https://nces.ed.gov/ipeds/datacenter/data/IC2011_AY.zip,https://nces.ed.gov/ipeds/datacenter/data/IC2011_AY_Dict.zip,see subject year definition in variables.csv / harmonization.md,configured endpoint in src/genpeds/cfg.json; URL not independently rechecked by this CSV
Tuition,tuition,2012,IC2012_AY,https://nces.ed.gov/ipeds/datacenter/data/IC2012_AY.zip,https://nces.ed.gov/ipeds/datacenter/data/IC2012_AY_Dict.zip,see subject year definition in variables.csv / harmonization.md,configured endpoint in src/genpeds/cfg.json; URL not independently rechecked by this CSV
Tuition,tuition,2013,IC2013_AY,https://nces.ed.gov/ipeds/datacenter/data/IC2013_AY.zip,https://nces.ed.gov/ipeds/datacenter/data/IC2013_AY_Dict.zip,see subject year definition in variables.csv / harmonization.md,configured endpoint in src/genpeds/cfg.json; URL not independently rechecked by this CSV
Tuition,tuition,2014,IC2014_AY,https://nces.ed.gov/ipeds/datacenter/data/IC2014_AY.zip,https://nces.ed.gov/ipeds/datacenter/data/IC2014_AY_Dict.zip,see subject year definition in variables.csv / harmonization.md,configured endpoint in src/genpeds/cfg.json; URL not independently rechecked by this CSV
Tuition,tuition,2015,IC2015_AY,https://nces.ed.gov/ipeds/datacenter/data/IC2015_AY.zip,https://nces.ed.gov/ipeds/datacenter/data/IC2015_AY_Dict.zip,see subject year definition in variables.csv / harmonization.md,configured endpoint in src/genpeds/cfg.json; URL not independently rechecked by this CSV
Tuition,tuition,2016,IC2016_AY,https://nces.ed.gov/ipeds/datacenter/data/IC2016_AY.zip,https://nces.ed.gov/ipeds/datacenter/data/IC2016_AY_Dict.zip,see subject year definition in variables.csv / harmonization.md,configured endpoint in src/genpeds/cfg.json; URL not independently rechecked by this CSV
Tuition,tuition,2017,IC2017_AY,https://nces.ed.gov/ipeds/datacenter/data/IC2017_AY.zip,https://nces.ed.gov/ipeds/datacenter/data/IC2017_AY_Dict.zip,see subject year definition in variables.csv / harmonization.md,configured endpoint in src/genpeds/cfg.json; URL not independently rechecked by this CSV
Tuition,tuition,2018,IC2018_AY,https://nces.ed.gov/ipeds/datacenter/data/IC2018_AY.zip,https://nces.ed.gov/ipeds/datacenter/data/IC2018_AY_Dict.zip,see subject year definition in variables.csv / harmonization.md,configured endpoint in src/genpeds/cfg.json; URL not independently rechecked by this CSV
Tuition,tuition,2019,IC2019_AY,https://nces.ed.gov/ipeds/datacenter/data/IC2019_AY.zip,https://nces.ed.gov/ipeds/datacenter/data/IC2019_AY_Dict.zip,see subject year definition in variables.csv / harmonization.md,configured endpoint in src/genpeds/cfg.json; URL not independently rechecked by this CSV
Tuition,tuition,2020,IC2020_AY,https://nces.ed.gov/ipeds/datacenter/data/IC2020_AY.zip,https://nces.ed.gov/ipeds/datacenter/data/IC2020_AY_Dict.zip,see subject year definition in variables.csv / harmonization.md,configured endpoint in src/genpeds/cfg.json; URL not independently rechecked by this CSV
Tuition,tuition,2021,IC2021_AY,https://nces.ed.gov/ipeds/datacenter/data/IC2021_AY.zip,https://nces.ed.gov/ipeds/datacenter/data/IC2021_AY_Dict.zip,see subject year definition in variables.csv / harmonization.md,configured endpoint in src/genpeds/cfg.json; URL not independently rechecked by this CSV
Tuition,tuition,2022,IC2022_AY,https://nces.ed.gov/ipeds/datacenter/data/IC2022_AY.zip,https://nces.ed.gov/ipeds/datacenter/data/IC2022_AY_Dict.zip,see subject year definition in variables.csv / harmonization.md,configured endpoint in src/genpeds/cfg.json; URL not independently rechecked by this CSV
Tuition,tuition,2023,IC2023_AY,https://nces.ed.gov/ipeds/complete-data-files/IC2023_AY.zip,https://nces.ed.gov/ipeds/complete-data-files/IC2023_AY_Dict.zip,see subject year definition in variables.csv / harmonization.md,configured endpoint in src/genpeds/cfg.json; URL not independently rechecked by this CSV
Tuition,tuition,2024,COST1_2024,https://nces.ed.gov/ipeds/complete-data-files/COST1_2024.zip,https://nces.ed.gov/ipeds/complete-data-files/COST1_2024_Dict.zip,see subject year definition in variables.csv / harmonization.md,configured endpoint in src/genpeds/cfg.json; URL not independently rechecked by this CSV
Tuition,tuition_program,2000,IC2000_PY,https://nces.ed.gov/ipeds/datacenter/data/IC2000_PY.zip,https://nces.ed.gov/ipeds/datacenter/data/IC2000_PY_Dict.zip,see subject year definition in variables.csv / harmonization.md,configured endpoint in src/genpeds/cfg.json; URL not independently rechecked by this CSV
Tuition,tuition_program,2001,IC2001_PY,https://nces.ed.gov/ipeds/datacenter/data/IC2001_PY.zip,https://nces.ed.gov/ipeds/datacenter/data/IC2001_PY_Dict.zip,see subject year definition in variables.csv / harmonization.md,configured endpoint in src/genpeds/cfg.json; URL not independently rechecked by this CSV
Tuition,tuition_program,2002,IC2002_PY,https://nces.ed.gov/ipeds/datacenter/data/IC2002_PY.zip,https://nces.ed.gov/ipeds/datacenter/data/IC2002_PY_Dict.zip,see subject year definition in variables.csv / harmonization.md,configured endpoint in src/genpeds/cfg.json; URL not independently rechecked by this CSV
Tuition,tuition_program,2003,IC2003_PY,https://nces.ed.gov/ipeds/datacenter/data/IC2003_PY.zip,https://nces.ed.gov/ipeds/datacenter/data/IC2003_PY_Dict.zip,see subject year definition in variables.csv / harmonization.md,configured endpoint in src/genpeds/cfg.json; URL not independently rechecked by this CSV
Tuition,tuition_program,2004,IC2004_PY,https://nces.ed.gov/ipeds/datacenter/data/IC2004_PY.zip,https://nces.ed.gov/ipeds/datacenter/data/IC2004_PY_Dict.zip,see subject year definition in variables.csv / harmonization.md,configured endpoint in src/genpeds/cfg.json; URL not independently rechecked by this CSV
Tuition,tuition_program,2005,IC2005_PY,https://nces.ed.gov/ipeds/datacenter/data/IC2005_PY.zip,https://nces.ed.gov/ipeds/datacenter/data/IC2005_PY_Dict.zip,see subject year definition in variables.csv / harmonization.md,configured endpoint in src/genpeds/cfg.json; URL not independently rechecked by this CSV
Tuition,tuition_program,2006,IC2006_PY,https://nces.ed.gov/ipeds/datacenter/data/IC2006_PY.zip,https://nces.ed.gov/ipeds/datacenter/data/IC2006_PY_Dict.zip,see subject year definition in variables.csv / harmonization.md,configured endpoint in src/genpeds/cfg.json; URL not independently rechecked by this CSV
Tuition,tuition_program,2007,IC2007_PY,https://nces.ed.gov/ipeds/datacenter/data/IC2007_PY.zip,https://nces.ed.gov/ipeds/datacenter/data/IC2007_PY_Dict.zip,see subject year definition in variables.csv / harmonization.md,configured endpoint in src/genpeds/cfg.json; URL not independently rechecked by this CSV
Tuition,tuition_program,2008,IC2008_PY,https://nces.ed.gov/ipeds/datacenter/data/IC2008_PY.zip,https://nces.ed.gov/ipeds/datacenter/data/IC2008_PY_Dict.zip,see subject year definition in variables.csv / harmonization.md,configured endpoint in src/genpeds/cfg.json; URL not independently rechecked by this CSV
Tuition,tuition_program,2009,IC2009_PY,https://nces.ed.gov/ipeds/datacenter/data/IC2009_PY.zip,https://nces.ed.gov/ipeds/datacenter/data/IC2009_PY_Dict.zip,see subject year definition in variables.csv / harmonization.md,configured endpoint in src/genpeds/cfg.json; URL not independently rechecked by this CSV
Tuition,tuition_program,2010,IC2010_PY,https://nces.ed.gov/ipeds/datacenter/data/IC2010_PY.zip,https://nces.ed.gov/ipeds/datacenter/data/IC2010_PY_Dict.zip,see subject year definition in variables.csv / harmonization.md,configured endpoint in src/genpeds/cfg.json; URL not independently rechecked by this CSV
Tuition,tuition_program,2011,IC2011_PY,https://nces.ed.gov/ipeds/datacenter/data/IC2011_PY.zip,https://nces.ed.gov/ipeds/datacenter/data/IC2011_PY_Dict.zip,see subject year definition in variables.csv / harmonization.md,configured endpoint in src/genpeds/cfg.json; URL not independently rechecked by this CSV
Tuition,tuition_program,2012,IC2012_PY,https://nces.ed.gov/ipeds/datacenter/data/IC2012_PY.zip,https://nces.ed.gov/ipeds/datacenter/data/IC2012_PY_Dict.zip,see subject year definition in variables.csv / harmonization.md,configured endpoint in src/genpeds/cfg.json; URL not independently rechecked by this CSV
Tuition,tuition_program,2013,IC2013_PY,https://nces.ed.gov/ipeds/datacenter/data/IC2013_PY.zip,https://nces.ed.gov/ipeds/datacenter/data/IC2013_PY_Dict.zip,see subject year definition in variables.csv / harmonization.md,configured endpoint in src/genpeds/cfg.json; URL not independently rechecked by this CSV
Tuition,tuition_program,2014,IC2014_PY,https://nces.ed.gov/ipeds/datacenter/data/IC2014_PY.zip,https://nces.ed.gov/ipeds/datacenter/data/IC2014_PY_Dict.zip,see subject year definition in variables.csv / harmonization.md,configured endpoint in src/genpeds/cfg.json; URL not independently rechecked by this CSV
Tuition,tuition_program,2015,IC2015_PY,https://nces.ed.gov/ipeds/datacenter/data/IC2015_PY.zip,https://nces.ed.gov/ipeds/datacenter/data/IC2015_PY_Dict.zip,see subject year definition in variables.csv / harmonization.md,configured endpoint in src/genpeds/cfg.json; URL not independently rechecked by this CSV
Tuition,tuition_program,2016,IC2016_PY,https://nces.ed.gov/ipeds/datacenter/data/IC2016_PY.zip,https://nces.ed.gov/ipeds/datacenter/data/IC2016_PY_Dict.zip,see subject year definition in variables.csv / harmonization.md,configured endpoint in src/genpeds/cfg.json; URL not independently rechecked by this CSV
Tuition,tuition_program,2017,IC2017_PY,https://nces.ed.gov/ipeds/datacenter/data/IC2017_PY.zip,https://nces.ed.gov/ipeds/datacenter/data/IC2017_PY_Dict.zip,see subject year definition in variables.csv / harmonization.md,configured endpoint in src/genpeds/cfg.json; URL not independently rechecked by this CSV
Tuition,tuition_program,2018,IC2018_PY,https://nces.ed.gov/ipeds/datacenter/data/IC2018_PY.zip,https://nces.ed.gov/ipeds/datacenter/data/IC2018_PY_Dict.zip,see subject year definition in variables.csv / harmonization.md,configured endpoint in src/genpeds/cfg.json; URL not independently rechecked by this CSV
Tuition,tuition_program,2019,IC2019_PY,https://nces.ed.gov/ipeds/datacenter/data/IC2019_PY.zip,https://nces.ed.gov/ipeds/datacenter/data/IC2019_PY_Dict.zip,see subject year definition in variables.csv / harmonization.md,configured endpoint in src/genpeds/cfg.json; URL not independently rechecked by this CSV
Tuition,tuition_program,2020,IC2020_PY,https://nces.ed.gov/ipeds/datacenter/data/IC2020_PY.zip,https://nces.ed.gov/ipeds/datacenter/data/IC2020_PY_Dict.zip,see subject year definition in variables.csv / harmonization.md,configured endpoint in src/genpeds/cfg.json; URL not independently rechecked by this CSV
Tuition,tuition_program,2021,IC2021_PY,https://nces.ed.gov/ipeds/datacenter/data/IC2021_PY.zip,https://nces.ed.gov/ipeds/datacenter/data/IC2021_PY_Dict.zip,see subject year definition in variables.csv / harmonization.md,configured endpoint in src/genpeds/cfg.json; URL not independently rechecked by this CSV
Tuition,tuition_program,2022,IC2022_PY,https://nces.ed.gov/ipeds/datacenter/data/IC2022_PY.zip,https://nces.ed.gov/ipeds/datacenter/data/IC2022_PY_Dict.zip,see subject year definition in variables.csv / harmonization.md,configured endpoint in src/genpeds/cfg.json; URL not independently rechecked by this CSV
Tuition,tuition_program,2023,IC2023_PY,https://nces.ed.gov/ipeds/complete-data-files/IC2023_PY.zip,https://nces.ed.gov/ipeds/complete-data-files/IC2023_PY_Dict.zip,see subject year definition in variables.csv / harmonization.md,configured endpoint in src/genpeds/cfg.json; URL not independently rechecked by this CSV
Tuition,tuition_program,2024,COST1_2024,https://nces.ed.gov/ipeds/complete-data-files/COST1_2024.zip,https://nces.ed.gov/ipeds/complete-data-files/COST1_2024_Dict.zip,see subject year definition in variables.csv / harmonization.md,configured endpoint in src/genpeds/cfg.json; URL not independently rechecked by this CSV
StudentAid,student_aid,2002,SFA0102,https://nces.ed.gov/ipeds/datacenter/data/SFA0102.zip,https://nces.ed.gov/ipeds/datacenter/data/SFA0102_Dict.zip,see subject year definition in variables.csv / harmonization.md,configured endpoint in src/genpeds/cfg.json; URL not independently rechecked by this CSV
StudentAid,student_aid,2003,SFA0203,https://nces.ed.gov/ipeds/datacenter/data/SFA0203.zip,https://nces.ed.gov/ipeds/datacenter/data/SFA0203_Dict.zip,see subject year definition in variables.csv / harmonization.md,configured endpoint in src/genpeds/cfg.json; URL not independently rechecked by this CSV
StudentAid,student_aid,2004,SFA0304,https://nces.ed.gov/ipeds/datacenter/data/SFA0304.zip,https://nces.ed.gov/ipeds/datacenter/data/SFA0304_Dict.zip,see subject year definition in variables.csv / harmonization.md,configured endpoint in src/genpeds/cfg.json; URL not independently rechecked by this CSV
StudentAid,student_aid,2005,SFA0405,https://nces.ed.gov/ipeds/datacenter/data/SFA0405.zip,https://nces.ed.gov/ipeds/datacenter/data/SFA0405_Dict.zip,see subject year definition in variables.csv / harmonization.md,configured endpoint in src/genpeds/cfg.json; URL not independently rechecked by this CSV
StudentAid,student_aid,2006,SFA0506,https://nces.ed.gov/ipeds/datacenter/data/SFA0506.zip,https://nces.ed.gov/ipeds/datacenter/data/SFA0506_Dict.zip,see subject year definition in variables.csv / harmonization.md,configured endpoint in src/genpeds/cfg.json; URL not independently rechecked by this CSV
StudentAid,student_aid,2007,SFA0607,https://nces.ed.gov/ipeds/datacenter/data/SFA0607.zip,https://nces.ed.gov/ipeds/datacenter/data/SFA0607_Dict.zip,see subject year definition in variables.csv / harmonization.md,configured endpoint in src/genpeds/cfg.json; URL not independently rechecked by this CSV
StudentAid,student_aid,2008,SFA0708,https://nces.ed.gov/ipeds/datacenter/data/SFA0708.zip,https://nces.ed.gov/ipeds/datacenter/data/SFA0708_Dict.zip,see subject year definition in variables.csv / harmonization.md,configured endpoint in src/genpeds/cfg.json; URL not independently rechecked by this CSV
StudentAid,student_aid,2009,SFA0809,https://nces.ed.gov/ipeds/datacenter/data/SFA0809.zip,https://nces.ed.gov/ipeds/datacenter/data/SFA0809_Dict.zip,see subject year definition in variables.csv / harmonization.md,configured endpoint in src/genpeds/cfg.json; URL not independently rechecked by this CSV
StudentAid,student_aid,2010,SFA0910,https://nces.ed.gov/ipeds/datacenter/data/SFA0910.zip,https://nces.ed.gov/ipeds/datacenter/data/SFA0910_Dict.zip,see subject year definition in variables.csv / harmonization.md,configured endpoint in src/genpeds/cfg.json; URL not independently rechecked by this CSV
StudentAid,student_aid,2011,SFA1011,https://nces.ed.gov/ipeds/datacenter/data/SFA1011.zip,https://nces.ed.gov/ipeds/datacenter/data/SFA1011_Dict.zip,see subject year definition in variables.csv / harmonization.md,configured endpoint in src/genpeds/cfg.json; URL not independently rechecked by this CSV
StudentAid,student_aid,2012,SFA1112,https://nces.ed.gov/ipeds/datacenter/data/SFA1112.zip,https://nces.ed.gov/ipeds/datacenter/data/SFA1112_Dict.zip,see subject year definition in variables.csv / harmonization.md,configured endpoint in src/genpeds/cfg.json; URL not independently rechecked by this CSV
StudentAid,student_aid,2013,SFA1213,https://nces.ed.gov/ipeds/datacenter/data/SFA1213.zip,https://nces.ed.gov/ipeds/datacenter/data/SFA1213_Dict.zip,see subject year definition in variables.csv / harmonization.md,configured endpoint in src/genpeds/cfg.json; URL not independently rechecked by this CSV
StudentAid,student_aid,2014,SFA1314,https://nces.ed.gov/ipeds/datacenter/data/SFA1314.zip,https://nces.ed.gov/ipeds/datacenter/data/SFA1314_Dict.zip,see subject year definition in variables.csv / harmonization.md,configured endpoint in src/genpeds/cfg.json; URL not independently rechecked by this CSV
StudentAid,student_aid,2015,SFA1415,https://nces.ed.gov/ipeds/datacenter/data/SFA1415.zip,https://nces.ed.gov/ipeds/datacenter/data/SFA1415_Dict.zip,see subject year definition in variables.csv / harmonization.md,configured endpoint in src/genpeds/cfg.json; URL not independently rechecked by this CSV
StudentAid,student_aid,2016,SFA1516,https://nces.ed.gov/ipeds/datacenter/data/SFA1516.zip,https://nces.ed.gov/ipeds/datacenter/data/SFA1516_Dict.zip,see subject year definition in variables.csv / harmonization.md,configured endpoint in src/genpeds/cfg.json; URL not independently rechecked by this CSV
StudentAid,student_aid,2017,SFA1617,https://nces.ed.gov/ipeds/datacenter/data/SFA1617.zip,https://nces.ed.gov/ipeds/datacenter/data/SFA1617_Dict.zip,see subject year definition in variables.csv / harmonization.md,configured endpoint in src/genpeds/cfg.json; URL not independently rechecked by this CSV
StudentAid,student_aid,2018,SFA1718,https://nces.ed.gov/ipeds/datacenter/data/SFA1718.zip,https://nces.ed.gov/ipeds/datacenter/data/SFA1718_Dict.zip,see subject year definition in variables.csv / harmonization.md,configured endpoint in src/genpeds/cfg.json; URL not independently rechecked by this CSV
StudentAid,student_aid,2019,SFA1819,https://nces.ed.gov/ipeds/datacenter/data/SFA1819.zip,https://nces.ed.gov/ipeds/datacenter/data/SFA1819_Dict.zip,see subject year definition in variables.csv / harmonization.md,configured endpoint in src/genpeds/cfg.json; URL not independently rechecked by this CSV
StudentAid,student_aid,2020,SFA1920,https://nces.ed.gov/ipeds/datacenter/data/SFA1920.zip,https://nces.ed.gov/ipeds/datacenter/data/SFA1920_Dict.zip,see subject year definition in variables.csv / harmonization.md,configured endpoint in src/genpeds/cfg.json; URL not independently rechecked by this CSV
StudentAid,student_aid,2021,SFA2021,https://nces.ed.gov/ipeds/datacenter/data/SFA2021.zip,https://nces.ed.gov/ipeds/datacenter/data/SFA2021_Dict.zip,see subject year definition in variables.csv / harmonization.md,configured endpoint in src/genpeds/cfg.json; URL not independently rechecked by this CSV
StudentAid,student_aid,2022,SFA2122,https://nces.ed.gov/ipeds/datacenter/data/SFA2122.zip,https://nces.ed.gov/ipeds/datacenter/data/SFA2122_Dict.zip,see subject year definition in variables.csv / harmonization.md,configured endpoint in src/genpeds/cfg.json; URL not independently rechecked by this CSV
StudentAid,student_aid,2023,SFA2223,https://nces.ed.gov/ipeds/complete-data-files/SFA2223.zip,https://nces.ed.gov/ipeds/complete-data-files/SFA2223_Dict.zip,see subject year definition in variables.csv / harmonization.md,configured endpoint in src/genpeds/cfg.json; URL not independently rechecked by this CSV
StudentAid,student_aid,2024,SFA2324,https://nces.ed.gov/ipeds/complete-data-files/SFA2324.zip,https://nces.ed.gov/ipeds/complete-data-files/SFA2324_Dict.zip,see subject year definition in variables.csv / harmonization.md,configured endpoint in src/genpeds/cfg.json; URL not independently rechecked by this CSV
StudentAid,student_aid_net_price,2024,COST2_2024,https://nces.ed.gov/ipeds/complete-data-files/COST2_2024.zip,https://nces.ed.gov/ipeds/complete-data-files/COST2_2024_Dict.zip,see subject year definition in variables.csv / harmonization.md,configured endpoint in src/genpeds/cfg.json; URL not independently rechecked by this CSV
VeteransAid,veterans_aid,2014,SFAV1314,https://nces.ed.gov/ipeds/datacenter/data/SFAV1314.zip,https://nces.ed.gov/ipeds/datacenter/data/SFAV1314_Dict.zip,see subject year definition in variables.csv / harmonization.md,configured endpoint in src/genpeds/cfg.json; URL not independently rechecked by this CSV
VeteransAid,veterans_aid,2015,SFAV1415,https://nces.ed.gov/ipeds/datacenter/data/SFAV1415.zip,https://nces.ed.gov/ipeds/datacenter/data/SFAV1415_Dict.zip,see subject year definition in variables.csv / harmonization.md,configured endpoint in src/genpeds/cfg.json; URL not independently rechecked by this CSV
VeteransAid,veterans_aid,2016,SFAV1516,https://nces.ed.gov/ipeds/datacenter/data/SFAV1516.zip,https://nces.ed.gov/ipeds/datacenter/data/SFAV1516_Dict.zip,see subject year definition in variables.csv / harmonization.md,configured endpoint in src/genpeds/cfg.json; URL not independently rechecked by this CSV
VeteransAid,veterans_aid,2017,SFAV1617,https://nces.ed.gov/ipeds/datacenter/data/SFAV1617.zip,https://nces.ed.gov/ipeds/datacenter/data/SFAV1617_Dict.zip,see subject year definition in variables.csv / harmonization.md,configured endpoint in src/genpeds/cfg.json; URL not independently rechecked by this CSV
VeteransAid,veterans_aid,2018,SFAV1718,https://nces.ed.gov/ipeds/datacenter/data/SFAV1718.zip,https://nces.ed.gov/ipeds/datacenter/data/SFAV1718_Dict.zip,see subject year definition in variables.csv / harmonization.md,configured endpoint in src/genpeds/cfg.json; URL not independently rechecked by this CSV
VeteransAid,veterans_aid,2019,SFAV1819,https://nces.ed.gov/ipeds/datacenter/data/SFAV1819.zip,https://nces.ed.gov/ipeds/datacenter/data/SFAV1819_Dict.zip,see subject year definition in variables.csv / harmonization.md,configured endpoint in src/genpeds/cfg.json; URL not independently rechecked by this CSV
VeteransAid,veterans_aid,2020,SFAV1920,https://nces.ed.gov/ipeds/datacenter/data/SFAV1920.zip,https://nces.ed.gov/ipeds/datacenter/data/SFAV1920_Dict.zip,see subject year definition in variables.csv / harmonization.md,configured endpoint in src/genpeds/cfg.json; URL not independently rechecked by this CSV
VeteransAid,veterans_aid,2021,SFAV2021,https://nces.ed.gov/ipeds/datacenter/data/SFAV2021.zip,https://nces.ed.gov/ipeds/datacenter/data/SFAV2021_Dict.zip,see subject year definition in variables.csv / harmonization.md,configured endpoint in src/genpeds/cfg.json; URL not independently rechecked by this CSV
VeteransAid,veterans_aid,2022,SFAV2122,https://nces.ed.gov/ipeds/datacenter/data/SFAV2122.zip,https://nces.ed.gov/ipeds/datacenter/data/SFAV2122_Dict.zip,see subject year definition in variables.csv / harmonization.md,configured endpoint in src/genpeds/cfg.json; URL not independently rechecked by this CSV
VeteransAid,veterans_aid,2023,SFAV2223,https://nces.ed.gov/ipeds/complete-data-files/SFAV2223.zip,https://nces.ed.gov/ipeds/complete-data-files/SFAV2223_Dict.zip,see subject year definition in variables.csv / harmonization.md,configured endpoint in src/genpeds/cfg.json; URL not independently rechecked by this CSV
VeteransAid,veterans_aid,2024,SFAV2324,https://nces.ed.gov/ipeds/complete-data-files/SFAV2324.zip,https://nces.ed.gov/ipeds/complete-data-files/SFAV2324_Dict.zip,see subject year definition in variables.csv / harmonization.md,configured endpoint in src/genpeds/cfg.json; URL not independently rechecked by this CSV
Retention,retention,2003,EF2003D,https://nces.ed.gov/ipeds/datacenter/data/EF2003D.zip,https://nces.ed.gov/ipeds/datacenter/data/EF2003D_Dict.zip,institution/collection year; some measures have other dates,configured endpoint in src/genpeds/cfg.json; URL not independently rechecked by this CSV
Retention,retention,2004,EF2004D,https://nces.ed.gov/ipeds/datacenter/data/EF2004D.zip,https://nces.ed.gov/ipeds/datacenter/data/EF2004D_Dict.zip,institution/collection year; some measures have other dates,configured endpoint in src/genpeds/cfg.json; URL not independently rechecked by this CSV
Retention,retention,2005,EF2005D,https://nces.ed.gov/ipeds/datacenter/data/EF2005D.zip,https://nces.ed.gov/ipeds/datacenter/data/EF2005D_Dict.zip,institution/collection year; some measures have other dates,configured endpoint in src/genpeds/cfg.json; URL not independently rechecked by this CSV
Retention,retention,2006,EF2006D,https://nces.ed.gov/ipeds/datacenter/data/EF2006D.zip,https://nces.ed.gov/ipeds/datacenter/data/EF2006D_Dict.zip,institution/collection year; some measures have other dates,configured endpoint in src/genpeds/cfg.json; URL not independently rechecked by this CSV
Retention,retention,2007,EF2007D,https://nces.ed.gov/ipeds/datacenter/data/EF2007D.zip,https://nces.ed.gov/ipeds/datacenter/data/EF2007D_Dict.zip,institution/collection year; some measures have other dates,configured endpoint in src/genpeds/cfg.json; URL not independently rechecked by this CSV
Retention,retention,2008,EF2008D,https://nces.ed.gov/ipeds/datacenter/data/EF2008D.zip,https://nces.ed.gov/ipeds/datacenter/data/EF2008D_Dict.zip,institution/collection year; some measures have other dates,configured endpoint in src/genpeds/cfg.json; URL not independently rechecked by this CSV
Retention,retention,2009,EF2009D,https://nces.ed.gov/ipeds/datacenter/data/EF2009D.zip,https://nces.ed.gov/ipeds/datacenter/data/EF2009D_Dict.zip,institution/collection year; some measures have other dates,configured endpoint in src/genpeds/cfg.json; URL not independently rechecked by this CSV
Retention,retention,2010,EF2010D,https://nces.ed.gov/ipeds/datacenter/data/EF2010D.zip,https://nces.ed.gov/ipeds/datacenter/data/EF2010D_Dict.zip,institution/collection year; some measures have other dates,configured endpoint in src/genpeds/cfg.json; URL not independently rechecked by this CSV
Retention,retention,2011,EF2011D,https://nces.ed.gov/ipeds/datacenter/data/EF2011D.zip,https://nces.ed.gov/ipeds/datacenter/data/EF2011D_Dict.zip,institution/collection year; some measures have other dates,configured endpoint in src/genpeds/cfg.json; URL not independently rechecked by this CSV
Retention,retention,2012,EF2012D,https://nces.ed.gov/ipeds/datacenter/data/EF2012D.zip,https://nces.ed.gov/ipeds/datacenter/data/EF2012D_Dict.zip,institution/collection year; some measures have other dates,configured endpoint in src/genpeds/cfg.json; URL not independently rechecked by this CSV
Retention,retention,2013,EF2013D,https://nces.ed.gov/ipeds/datacenter/data/EF2013D.zip,https://nces.ed.gov/ipeds/datacenter/data/EF2013D_Dict.zip,institution/collection year; some measures have other dates,configured endpoint in src/genpeds/cfg.json; URL not independently rechecked by this CSV
Retention,retention,2014,EF2014D,https://nces.ed.gov/ipeds/datacenter/data/EF2014D.zip,https://nces.ed.gov/ipeds/datacenter/data/EF2014D_Dict.zip,institution/collection year; some measures have other dates,configured endpoint in src/genpeds/cfg.json; URL not independently rechecked by this CSV
Retention,retention,2015,EF2015D,https://nces.ed.gov/ipeds/datacenter/data/EF2015D.zip,https://nces.ed.gov/ipeds/datacenter/data/EF2015D_Dict.zip,institution/collection year; some measures have other dates,configured endpoint in src/genpeds/cfg.json; URL not independently rechecked by this CSV
Retention,retention,2016,EF2016D,https://nces.ed.gov/ipeds/datacenter/data/EF2016D.zip,https://nces.ed.gov/ipeds/datacenter/data/EF2016D_Dict.zip,institution/collection year; some measures have other dates,configured endpoint in src/genpeds/cfg.json; URL not independently rechecked by this CSV
Retention,retention,2017,EF2017D,https://nces.ed.gov/ipeds/datacenter/data/EF2017D.zip,https://nces.ed.gov/ipeds/datacenter/data/EF2017D_Dict.zip,institution/collection year; some measures have other dates,configured endpoint in src/genpeds/cfg.json; URL not independently rechecked by this CSV
Retention,retention,2018,EF2018D,https://nces.ed.gov/ipeds/datacenter/data/EF2018D.zip,https://nces.ed.gov/ipeds/datacenter/data/EF2018D_Dict.zip,institution/collection year; some measures have other dates,configured endpoint in src/genpeds/cfg.json; URL not independently rechecked by this CSV
Retention,retention,2019,EF2019D,https://nces.ed.gov/ipeds/datacenter/data/EF2019D.zip,https://nces.ed.gov/ipeds/datacenter/data/EF2019D_Dict.zip,institution/collection year; some measures have other dates,configured endpoint in src/genpeds/cfg.json; URL not independently rechecked by this CSV
Retention,retention,2020,EF2020D,https://nces.ed.gov/ipeds/datacenter/data/EF2020D.zip,https://nces.ed.gov/ipeds/datacenter/data/EF2020D_Dict.zip,institution/collection year; some measures have other dates,configured endpoint in src/genpeds/cfg.json; URL not independently rechecked by this CSV
Retention,retention,2021,EF2021D,https://nces.ed.gov/ipeds/datacenter/data/EF2021D.zip,https://nces.ed.gov/ipeds/datacenter/data/EF2021D_Dict.zip,institution/collection year; some measures have other dates,configured endpoint in src/genpeds/cfg.json; URL not independently rechecked by this CSV
Retention,retention,2022,EF2022D,https://nces.ed.gov/ipeds/datacenter/data/EF2022D.zip,https://nces.ed.gov/ipeds/datacenter/data/EF2022D_Dict.zip,institution/collection year; some measures have other dates,configured endpoint in src/genpeds/cfg.json; URL not independently rechecked by this CSV
Retention,retention,2023,EF2023D,https://nces.ed.gov/ipeds/complete-data-files/EF2023D.zip,https://nces.ed.gov/ipeds/complete-data-files/EF2023D_Dict.zip,institution/collection year; some measures have other dates,configured endpoint in src/genpeds/cfg.json; URL not independently rechecked by this CSV
Retention,retention,2024,EF2024D,https://nces.ed.gov/ipeds/complete-data-files/EF2024D.zip,https://nces.ed.gov/ipeds/complete-data-files/EF2024D_Dict.zip,institution/collection year; some measures have other dates,configured endpoint in src/genpeds/cfg.json; URL not independently rechecked by this CSV
Completion,completion,1984,C1984_CIP,https://nces.ed.gov/ipeds/datacenter/data/C1984_CIP.zip,https://nces.ed.gov/ipeds/datacenter/data/C1984_CIP_Dict.zip,see subject year definition in variables.csv / harmonization.md,configured endpoint in src/genpeds/cfg.json; URL not independently rechecked by this CSV
Completion,completion,1985,C1985_CIP,https://nces.ed.gov/ipeds/datacenter/data/C1985_CIP.zip,https://nces.ed.gov/ipeds/datacenter/data/C1985_CIP_Dict.zip,see subject year definition in variables.csv / harmonization.md,configured endpoint in src/genpeds/cfg.json; URL not independently rechecked by this CSV
Completion,completion,1986,C1986_CIP,https://nces.ed.gov/ipeds/datacenter/data/C1986_CIP.zip,https://nces.ed.gov/ipeds/datacenter/data/C1986_CIP_Dict.zip,see subject year definition in variables.csv / harmonization.md,configured endpoint in src/genpeds/cfg.json; URL not independently rechecked by this CSV
Completion,completion,1987,C1987_CIP,https://nces.ed.gov/ipeds/datacenter/data/C1987_CIP.zip,https://nces.ed.gov/ipeds/datacenter/data/C1987_CIP_Dict.zip,see subject year definition in variables.csv / harmonization.md,configured endpoint in src/genpeds/cfg.json; URL not independently rechecked by this CSV
Completion,completion,1988,C1988_CIP,https://nces.ed.gov/ipeds/datacenter/data/C1988_CIP.zip,https://nces.ed.gov/ipeds/datacenter/data/C1988_CIP_Dict.zip,see subject year definition in variables.csv / harmonization.md,configured endpoint in src/genpeds/cfg.json; URL not independently rechecked by this CSV
Completion,completion,1989,C1989_CIP,https://nces.ed.gov/ipeds/datacenter/data/C1989_CIP.zip,https://nces.ed.gov/ipeds/datacenter/data/C1989_CIP_Dict.zip,see subject year definition in variables.csv / harmonization.md,configured endpoint in src/genpeds/cfg.json; URL not independently rechecked by this CSV
Completion,completion,1990,C8990CIP,https://nces.ed.gov/ipeds/datacenter/data/C8990CIP.zip,https://nces.ed.gov/ipeds/datacenter/data/C8990CIP_Dict.zip,see subject year definition in variables.csv / harmonization.md,configured endpoint in src/genpeds/cfg.json; URL not independently rechecked by this CSV
Completion,completion,1991,c1991_cip,https://nces.ed.gov/ipeds/datacenter/data/c1991_cip.zip,https://nces.ed.gov/ipeds/datacenter/data/c1991_cip_Dict.zip,see subject year definition in variables.csv / harmonization.md,configured endpoint in src/genpeds/cfg.json; URL not independently rechecked by this CSV
Completion,completion,1992,C1992_CIP,https://nces.ed.gov/ipeds/datacenter/data/C1992_CIP.zip,https://nces.ed.gov/ipeds/datacenter/data/C1992_CIP_Dict.zip,see subject year definition in variables.csv / harmonization.md,configured endpoint in src/genpeds/cfg.json; URL not independently rechecked by this CSV
Completion,completion,1993,C1993_CIP,https://nces.ed.gov/ipeds/datacenter/data/C1993_CIP.zip,https://nces.ed.gov/ipeds/datacenter/data/C1993_CIP_Dict.zip,see subject year definition in variables.csv / harmonization.md,configured endpoint in src/genpeds/cfg.json; URL not independently rechecked by this CSV
Completion,completion,1994,C1994_CIP,https://nces.ed.gov/ipeds/datacenter/data/C1994_CIP.zip,https://nces.ed.gov/ipeds/datacenter/data/C1994_CIP_Dict.zip,see subject year definition in variables.csv / harmonization.md,configured endpoint in src/genpeds/cfg.json; URL not independently rechecked by this CSV
Completion,completion,1995,C9495_A,https://nces.ed.gov/ipeds/datacenter/data/C9495_A.zip,https://nces.ed.gov/ipeds/datacenter/data/C9495_A_Dict.zip,see subject year definition in variables.csv / harmonization.md,configured endpoint in src/genpeds/cfg.json; URL not independently rechecked by this CSV
Completion,completion,1996,C9596_A,https://nces.ed.gov/ipeds/datacenter/data/C9596_A.zip,https://nces.ed.gov/ipeds/datacenter/data/C9596_A_Dict.zip,see subject year definition in variables.csv / harmonization.md,configured endpoint in src/genpeds/cfg.json; URL not independently rechecked by this CSV
Completion,completion,1997,C9697_A,https://nces.ed.gov/ipeds/datacenter/data/C9697_A.zip,https://nces.ed.gov/ipeds/datacenter/data/C9697_A_Dict.zip,see subject year definition in variables.csv / harmonization.md,configured endpoint in src/genpeds/cfg.json; URL not independently rechecked by this CSV
Completion,completion,1998,C9798_A,https://nces.ed.gov/ipeds/datacenter/data/C9798_A.zip,https://nces.ed.gov/ipeds/datacenter/data/C9798_A_Dict.zip,see subject year definition in variables.csv / harmonization.md,configured endpoint in src/genpeds/cfg.json; URL not independently rechecked by this CSV
Completion,completion,1999,C9899_A,https://nces.ed.gov/ipeds/datacenter/data/C9899_A.zip,https://nces.ed.gov/ipeds/datacenter/data/C9899_A_Dict.zip,see subject year definition in variables.csv / harmonization.md,configured endpoint in src/genpeds/cfg.json; URL not independently rechecked by this CSV
Completion,completion,2000,C2000_A,https://nces.ed.gov/ipeds/datacenter/data/C2000_A.zip,https://nces.ed.gov/ipeds/datacenter/data/C2000_A_Dict.zip,see subject year definition in variables.csv / harmonization.md,configured endpoint in src/genpeds/cfg.json; URL not independently rechecked by this CSV
Completion,completion,2001,C2001_A,https://nces.ed.gov/ipeds/datacenter/data/C2001_A.zip,https://nces.ed.gov/ipeds/datacenter/data/C2001_A_Dict.zip,see subject year definition in variables.csv / harmonization.md,configured endpoint in src/genpeds/cfg.json; URL not independently rechecked by this CSV
Completion,completion,2002,C2002_A,https://nces.ed.gov/ipeds/datacenter/data/C2002_A.zip,https://nces.ed.gov/ipeds/datacenter/data/C2002_A_Dict.zip,see subject year definition in variables.csv / harmonization.md,configured endpoint in src/genpeds/cfg.json; URL not independently rechecked by this CSV
Completion,completion,2003,C2003_A,https://nces.ed.gov/ipeds/datacenter/data/C2003_A.zip,https://nces.ed.gov/ipeds/datacenter/data/C2003_A_Dict.zip,see subject year definition in variables.csv / harmonization.md,configured endpoint in src/genpeds/cfg.json; URL not independently rechecked by this CSV
Completion,completion,2004,C2004_A,https://nces.ed.gov/ipeds/datacenter/data/C2004_A.zip,https://nces.ed.gov/ipeds/datacenter/data/C2004_A_Dict.zip,see subject year definition in variables.csv / harmonization.md,configured endpoint in src/genpeds/cfg.json; URL not independently rechecked by this CSV
Completion,completion,2005,C2005_A,https://nces.ed.gov/ipeds/datacenter/data/C2005_A.zip,https://nces.ed.gov/ipeds/datacenter/data/C2005_A_Dict.zip,see subject year definition in variables.csv / harmonization.md,configured endpoint in src/genpeds/cfg.json; URL not independently rechecked by this CSV
Completion,completion,2006,C2006_A,https://nces.ed.gov/ipeds/datacenter/data/C2006_A.zip,https://nces.ed.gov/ipeds/datacenter/data/C2006_A_Dict.zip,see subject year definition in variables.csv / harmonization.md,configured endpoint in src/genpeds/cfg.json; URL not independently rechecked by this CSV
Completion,completion,2007,C2007_A,https://nces.ed.gov/ipeds/datacenter/data/C2007_A.zip,https://nces.ed.gov/ipeds/datacenter/data/C2007_A_Dict.zip,see subject year definition in variables.csv / harmonization.md,configured endpoint in src/genpeds/cfg.json; URL not independently rechecked by this CSV
Completion,completion,2008,C2008_A,https://nces.ed.gov/ipeds/datacenter/data/C2008_A.zip,https://nces.ed.gov/ipeds/datacenter/data/C2008_A_Dict.zip,see subject year definition in variables.csv / harmonization.md,configured endpoint in src/genpeds/cfg.json; URL not independently rechecked by this CSV
Completion,completion,2009,C2009_A,https://nces.ed.gov/ipeds/datacenter/data/C2009_A.zip,https://nces.ed.gov/ipeds/datacenter/data/C2009_A_Dict.zip,see subject year definition in variables.csv / harmonization.md,configured endpoint in src/genpeds/cfg.json; URL not independently rechecked by this CSV
Completion,completion,2010,C2010_A,https://nces.ed.gov/ipeds/datacenter/data/C2010_A.zip,https://nces.ed.gov/ipeds/datacenter/data/C2010_A_Dict.zip,see subject year definition in variables.csv / harmonization.md,configured endpoint in src/genpeds/cfg.json; URL not independently rechecked by this CSV
Completion,completion,2011,C2011_A,https://nces.ed.gov/ipeds/datacenter/data/C2011_A.zip,https://nces.ed.gov/ipeds/datacenter/data/C2011_A_Dict.zip,see subject year definition in variables.csv / harmonization.md,configured endpoint in src/genpeds/cfg.json; URL not independently rechecked by this CSV
Completion,completion,2012,C2012_A,https://nces.ed.gov/ipeds/datacenter/data/C2012_A.zip,https://nces.ed.gov/ipeds/datacenter/data/C2012_A_Dict.zip,see subject year definition in variables.csv / harmonization.md,configured endpoint in src/genpeds/cfg.json; URL not independently rechecked by this CSV
Completion,completion,2013,C2013_A,https://nces.ed.gov/ipeds/datacenter/data/C2013_A.zip,https://nces.ed.gov/ipeds/datacenter/data/C2013_A_Dict.zip,see subject year definition in variables.csv / harmonization.md,configured endpoint in src/genpeds/cfg.json; URL not independently rechecked by this CSV
Completion,completion,2014,C2014_A,https://nces.ed.gov/ipeds/datacenter/data/C2014_A.zip,https://nces.ed.gov/ipeds/datacenter/data/C2014_A_Dict.zip,see subject year definition in variables.csv / harmonization.md,configured endpoint in src/genpeds/cfg.json; URL not independently rechecked by this CSV
Completion,completion,2015,C2015_A,https://nces.ed.gov/ipeds/datacenter/data/C2015_A.zip,https://nces.ed.gov/ipeds/datacenter/data/C2015_A_Dict.zip,see subject year definition in variables.csv / harmonization.md,configured endpoint in src/genpeds/cfg.json; URL not independently rechecked by this CSV
Completion,completion,2016,C2016_A,https://nces.ed.gov/ipeds/datacenter/data/C2016_A.zip,https://nces.ed.gov/ipeds/datacenter/data/C2016_A_Dict.zip,see subject year definition in variables.csv / harmonization.md,configured endpoint in src/genpeds/cfg.json; URL not independently rechecked by this CSV
Completion,completion,2017,C2017_A,https://nces.ed.gov/ipeds/datacenter/data/C2017_A.zip,https://nces.ed.gov/ipeds/datacenter/data/C2017_A_Dict.zip,see subject year definition in variables.csv / harmonization.md,configured endpoint in src/genpeds/cfg.json; URL not independently rechecked by this CSV
Completion,completion,2018,C2018_A,https://nces.ed.gov/ipeds/datacenter/data/C2018_A.zip,https://nces.ed.gov/ipeds/datacenter/data/C2018_A_Dict.zip,see subject year definition in variables.csv / harmonization.md,configured endpoint in src/genpeds/cfg.json; URL not independently rechecked by this CSV
Completion,completion,2019,C2019_A,https://nces.ed.gov/ipeds/datacenter/data/C2019_A.zip,https://nces.ed.gov/ipeds/datacenter/data/C2019_A_Dict.zip,see subject year definition in variables.csv / harmonization.md,configured endpoint in src/genpeds/cfg.json; URL not independently rechecked by this CSV
Completion,completion,2020,C2020_A,https://nces.ed.gov/ipeds/datacenter/data/C2020_A.zip,https://nces.ed.gov/ipeds/datacenter/data/C2020_A_Dict.zip,see subject year definition in variables.csv / harmonization.md,configured endpoint in src/genpeds/cfg.json; URL not independently rechecked by this CSV
Completion,completion,2021,C2021_A,https://nces.ed.gov/ipeds/datacenter/data/C2021_A.zip,https://nces.ed.gov/ipeds/datacenter/data/C2021_A_Dict.zip,see subject year definition in variables.csv / harmonization.md,configured endpoint in src/genpeds/cfg.json; URL not independently rechecked by this CSV
Completion,completion,2022,C2022_A,https://nces.ed.gov/ipeds/datacenter/data/C2022_A.zip,https://nces.ed.gov/ipeds/datacenter/data/C2022_A_Dict.zip,see subject year definition in variables.csv / harmonization.md,configured endpoint in src/genpeds/cfg.json; URL not independently rechecked by this CSV
Completion,completion,2023,C2023_A,https://nces.ed.gov/ipeds/complete-data-files/C2023_A.zip,https://nces.ed.gov/ipeds/complete-data-files/C2023_A_Dict.zip,see subject year definition in variables.csv / harmonization.md,configured endpoint in src/genpeds/cfg.json; URL not independently rechecked by this CSV
Completion,completion,2024,C2024_A,https://nces.ed.gov/ipeds/complete-data-files/C2024_A.zip,https://nces.ed.gov/ipeds/complete-data-files/C2024_A_Dict.zip,see subject year definition in variables.csv / harmonization.md,configured endpoint in src/genpeds/cfg.json; URL not independently rechecked by this CSV
Completion,completion,2025,C2025_A,https://nces.ed.gov/ipeds/complete-data-files/C2025_A.zip,https://nces.ed.gov/ipeds/complete-data-files/C2025_A_Dict.zip,see subject year definition in variables.csv / harmonization.md,configured endpoint in src/genpeds/cfg.json; URL not independently rechecked by this CSV
Completers,completers,2012,C2012_B,https://nces.ed.gov/ipeds/datacenter/data/C2012_B.zip,https://nces.ed.gov/ipeds/datacenter/data/C2012_B_Dict.zip,see subject year definition in variables.csv / harmonization.md,configured endpoint in src/genpeds/cfg.json; URL not independently rechecked by this CSV
Completers,completers,2013,C2013_B,https://nces.ed.gov/ipeds/datacenter/data/C2013_B.zip,https://nces.ed.gov/ipeds/datacenter/data/C2013_B_Dict.zip,see subject year definition in variables.csv / harmonization.md,configured endpoint in src/genpeds/cfg.json; URL not independently rechecked by this CSV
Completers,completers,2014,C2014_B,https://nces.ed.gov/ipeds/datacenter/data/C2014_B.zip,https://nces.ed.gov/ipeds/datacenter/data/C2014_B_Dict.zip,see subject year definition in variables.csv / harmonization.md,configured endpoint in src/genpeds/cfg.json; URL not independently rechecked by this CSV
Completers,completers,2015,C2015_B,https://nces.ed.gov/ipeds/datacenter/data/C2015_B.zip,https://nces.ed.gov/ipeds/datacenter/data/C2015_B_Dict.zip,see subject year definition in variables.csv / harmonization.md,configured endpoint in src/genpeds/cfg.json; URL not independently rechecked by this CSV
Completers,completers,2016,C2016_B,https://nces.ed.gov/ipeds/datacenter/data/C2016_B.zip,https://nces.ed.gov/ipeds/datacenter/data/C2016_B_Dict.zip,see subject year definition in variables.csv / harmonization.md,configured endpoint in src/genpeds/cfg.json; URL not independently rechecked by this CSV
Completers,completers,2017,C2017_B,https://nces.ed.gov/ipeds/datacenter/data/C2017_B.zip,https://nces.ed.gov/ipeds/datacenter/data/C2017_B_Dict.zip,see subject year definition in variables.csv / harmonization.md,configured endpoint in src/genpeds/cfg.json; URL not independently rechecked by this CSV
Completers,completers,2018,C2018_B,https://nces.ed.gov/ipeds/datacenter/data/C2018_B.zip,https://nces.ed.gov/ipeds/datacenter/data/C2018_B_Dict.zip,see subject year definition in variables.csv / harmonization.md,configured endpoint in src/genpeds/cfg.json; URL not independently rechecked by this CSV
Completers,completers,2019,C2019_B,https://nces.ed.gov/ipeds/datacenter/data/C2019_B.zip,https://nces.ed.gov/ipeds/datacenter/data/C2019_B_Dict.zip,see subject year definition in variables.csv / harmonization.md,configured endpoint in src/genpeds/cfg.json; URL not independently rechecked by this CSV
Completers,completers,2020,C2020_B,https://nces.ed.gov/ipeds/datacenter/data/C2020_B.zip,https://nces.ed.gov/ipeds/datacenter/data/C2020_B_Dict.zip,see subject year definition in variables.csv / harmonization.md,configured endpoint in src/genpeds/cfg.json; URL not independently rechecked by this CSV
Completers,completers,2021,C2021_B,https://nces.ed.gov/ipeds/datacenter/data/C2021_B.zip,https://nces.ed.gov/ipeds/datacenter/data/C2021_B_Dict.zip,see subject year definition in variables.csv / harmonization.md,configured endpoint in src/genpeds/cfg.json; URL not independently rechecked by this CSV
Completers,completers,2022,C2022_B,https://nces.ed.gov/ipeds/datacenter/data/C2022_B.zip,https://nces.ed.gov/ipeds/datacenter/data/C2022_B_Dict.zip,see subject year definition in variables.csv / harmonization.md,configured endpoint in src/genpeds/cfg.json; URL not independently rechecked by this CSV
Completers,completers,2023,C2023_B,https://nces.ed.gov/ipeds/complete-data-files/C2023_B.zip,https://nces.ed.gov/ipeds/complete-data-files/C2023_B_Dict.zip,see subject year definition in variables.csv / harmonization.md,configured endpoint in src/genpeds/cfg.json; URL not independently rechecked by this CSV
Completers,completers,2024,C2024_B,https://nces.ed.gov/ipeds/complete-data-files/C2024_B.zip,https://nces.ed.gov/ipeds/complete-data-files/C2024_B_Dict.zip,see subject year definition in variables.csv / harmonization.md,configured endpoint in src/genpeds/cfg.json; URL not independently rechecked by this CSV
Completers,completers,2025,C2025_B,https://nces.ed.gov/ipeds/complete-data-files/C2025_B.zip,https://nces.ed.gov/ipeds/complete-data-files/C2025_B_Dict.zip,see subject year definition in variables.csv / harmonization.md,configured endpoint in src/genpeds/cfg.json; URL not independently rechecked by this CSV
Completers,completers_by_award,2012,C2012_C,https://nces.ed.gov/ipeds/datacenter/data/C2012_C.zip,https://nces.ed.gov/ipeds/datacenter/data/C2012_C_Dict.zip,see subject year definition in variables.csv / harmonization.md,configured endpoint in src/genpeds/cfg.json; URL not independently rechecked by this CSV
Completers,completers_by_award,2013,C2013_C,https://nces.ed.gov/ipeds/datacenter/data/C2013_C.zip,https://nces.ed.gov/ipeds/datacenter/data/C2013_C_Dict.zip,see subject year definition in variables.csv / harmonization.md,configured endpoint in src/genpeds/cfg.json; URL not independently rechecked by this CSV
Completers,completers_by_award,2014,C2014_C,https://nces.ed.gov/ipeds/datacenter/data/C2014_C.zip,https://nces.ed.gov/ipeds/datacenter/data/C2014_C_Dict.zip,see subject year definition in variables.csv / harmonization.md,configured endpoint in src/genpeds/cfg.json; URL not independently rechecked by this CSV
Completers,completers_by_award,2015,C2015_C,https://nces.ed.gov/ipeds/datacenter/data/C2015_C.zip,https://nces.ed.gov/ipeds/datacenter/data/C2015_C_Dict.zip,see subject year definition in variables.csv / harmonization.md,configured endpoint in src/genpeds/cfg.json; URL not independently rechecked by this CSV
Completers,completers_by_award,2016,C2016_C,https://nces.ed.gov/ipeds/datacenter/data/C2016_C.zip,https://nces.ed.gov/ipeds/datacenter/data/C2016_C_Dict.zip,see subject year definition in variables.csv / harmonization.md,configured endpoint in src/genpeds/cfg.json; URL not independently rechecked by this CSV
Completers,completers_by_award,2017,C2017_C,https://nces.ed.gov/ipeds/datacenter/data/C2017_C.zip,https://nces.ed.gov/ipeds/datacenter/data/C2017_C_Dict.zip,see subject year definition in variables.csv / harmonization.md,configured endpoint in src/genpeds/cfg.json; URL not independently rechecked by this CSV
Completers,completers_by_award,2018,C2018_C,https://nces.ed.gov/ipeds/datacenter/data/C2018_C.zip,https://nces.ed.gov/ipeds/datacenter/data/C2018_C_Dict.zip,see subject year definition in variables.csv / harmonization.md,configured endpoint in src/genpeds/cfg.json; URL not independently rechecked by this CSV
Completers,completers_by_award,2019,C2019_C,https://nces.ed.gov/ipeds/datacenter/data/C2019_C.zip,https://nces.ed.gov/ipeds/datacenter/data/C2019_C_Dict.zip,see subject year definition in variables.csv / harmonization.md,configured endpoint in src/genpeds/cfg.json; URL not independently rechecked by this CSV
Completers,completers_by_award,2020,C2020_C,https://nces.ed.gov/ipeds/datacenter/data/C2020_C.zip,https://nces.ed.gov/ipeds/datacenter/data/C2020_C_Dict.zip,see subject year definition in variables.csv / harmonization.md,configured endpoint in src/genpeds/cfg.json; URL not independently rechecked by this CSV
Completers,completers_by_award,2021,C2021_C,https://nces.ed.gov/ipeds/datacenter/data/C2021_C.zip,https://nces.ed.gov/ipeds/datacenter/data/C2021_C_Dict.zip,see subject year definition in variables.csv / harmonization.md,configured endpoint in src/genpeds/cfg.json; URL not independently rechecked by this CSV
Completers,completers_by_award,2022,C2022_C,https://nces.ed.gov/ipeds/datacenter/data/C2022_C.zip,https://nces.ed.gov/ipeds/datacenter/data/C2022_C_Dict.zip,see subject year definition in variables.csv / harmonization.md,configured endpoint in src/genpeds/cfg.json; URL not independently rechecked by this CSV
Completers,completers_by_award,2023,C2023_C,https://nces.ed.gov/ipeds/complete-data-files/C2023_C.zip,https://nces.ed.gov/ipeds/complete-data-files/C2023_C_Dict.zip,see subject year definition in variables.csv / harmonization.md,configured endpoint in src/genpeds/cfg.json; URL not independently rechecked by this CSV
Completers,completers_by_award,2024,C2024_C,https://nces.ed.gov/ipeds/complete-data-files/C2024_C.zip,https://nces.ed.gov/ipeds/complete-data-files/C2024_C_Dict.zip,see subject year definition in variables.csv / harmonization.md,configured endpoint in src/genpeds/cfg.json; URL not independently rechecked by this CSV
Completers,completers_by_award,2025,C2025_C,https://nces.ed.gov/ipeds/complete-data-files/C2025_C.zip,https://nces.ed.gov/ipeds/complete-data-files/C2025_C_Dict.zip,see subject year definition in variables.csv / harmonization.md,configured endpoint in src/genpeds/cfg.json; URL not independently rechecked by this CSV
Graduation,graduation,2000,GR2000,https://nces.ed.gov/ipeds/datacenter/data/GR2000.zip,https://nces.ed.gov/ipeds/datacenter/data/GR2000_Dict.zip,institution/collection year; some measures have other dates,configured endpoint in src/genpeds/cfg.json; URL not independently rechecked by this CSV
Graduation,graduation,2001,GR2001,https://nces.ed.gov/ipeds/datacenter/data/GR2001.zip,https://nces.ed.gov/ipeds/datacenter/data/GR2001_Dict.zip,institution/collection year; some measures have other dates,configured endpoint in src/genpeds/cfg.json; URL not independently rechecked by this CSV
Graduation,graduation,2002,GR2002,https://nces.ed.gov/ipeds/datacenter/data/GR2002.zip,https://nces.ed.gov/ipeds/datacenter/data/GR2002_Dict.zip,institution/collection year; some measures have other dates,configured endpoint in src/genpeds/cfg.json; URL not independently rechecked by this CSV
Graduation,graduation,2003,GR2003,https://nces.ed.gov/ipeds/datacenter/data/GR2003.zip,https://nces.ed.gov/ipeds/datacenter/data/GR2003_Dict.zip,institution/collection year; some measures have other dates,configured endpoint in src/genpeds/cfg.json; URL not independently rechecked by this CSV
Graduation,graduation,2004,GR2004,https://nces.ed.gov/ipeds/datacenter/data/GR2004.zip,https://nces.ed.gov/ipeds/datacenter/data/GR2004_Dict.zip,institution/collection year; some measures have other dates,configured endpoint in src/genpeds/cfg.json; URL not independently rechecked by this CSV
Graduation,graduation,2005,GR2005,https://nces.ed.gov/ipeds/datacenter/data/GR2005.zip,https://nces.ed.gov/ipeds/datacenter/data/GR2005_Dict.zip,institution/collection year; some measures have other dates,configured endpoint in src/genpeds/cfg.json; URL not independently rechecked by this CSV
Graduation,graduation,2006,GR2006,https://nces.ed.gov/ipeds/datacenter/data/GR2006.zip,https://nces.ed.gov/ipeds/datacenter/data/GR2006_Dict.zip,institution/collection year; some measures have other dates,configured endpoint in src/genpeds/cfg.json; URL not independently rechecked by this CSV
Graduation,graduation,2007,GR2007,https://nces.ed.gov/ipeds/datacenter/data/GR2007.zip,https://nces.ed.gov/ipeds/datacenter/data/GR2007_Dict.zip,institution/collection year; some measures have other dates,configured endpoint in src/genpeds/cfg.json; URL not independently rechecked by this CSV
Graduation,graduation,2008,GR2008,https://nces.ed.gov/ipeds/datacenter/data/GR2008.zip,https://nces.ed.gov/ipeds/datacenter/data/GR2008_Dict.zip,institution/collection year; some measures have other dates,configured endpoint in src/genpeds/cfg.json; URL not independently rechecked by this CSV
Graduation,graduation,2009,GR2009,https://nces.ed.gov/ipeds/datacenter/data/GR2009.zip,https://nces.ed.gov/ipeds/datacenter/data/GR2009_Dict.zip,institution/collection year; some measures have other dates,configured endpoint in src/genpeds/cfg.json; URL not independently rechecked by this CSV
Graduation,graduation,2010,GR2010,https://nces.ed.gov/ipeds/datacenter/data/GR2010.zip,https://nces.ed.gov/ipeds/datacenter/data/GR2010_Dict.zip,institution/collection year; some measures have other dates,configured endpoint in src/genpeds/cfg.json; URL not independently rechecked by this CSV
Graduation,graduation,2011,GR2011,https://nces.ed.gov/ipeds/datacenter/data/GR2011.zip,https://nces.ed.gov/ipeds/datacenter/data/GR2011_Dict.zip,institution/collection year; some measures have other dates,configured endpoint in src/genpeds/cfg.json; URL not independently rechecked by this CSV
Graduation,graduation,2012,GR2012,https://nces.ed.gov/ipeds/datacenter/data/GR2012.zip,https://nces.ed.gov/ipeds/datacenter/data/GR2012_Dict.zip,institution/collection year; some measures have other dates,configured endpoint in src/genpeds/cfg.json; URL not independently rechecked by this CSV
Graduation,graduation,2013,GR2013,https://nces.ed.gov/ipeds/datacenter/data/GR2013.zip,https://nces.ed.gov/ipeds/datacenter/data/GR2013_Dict.zip,institution/collection year; some measures have other dates,configured endpoint in src/genpeds/cfg.json; URL not independently rechecked by this CSV
Graduation,graduation,2014,GR2014,https://nces.ed.gov/ipeds/datacenter/data/GR2014.zip,https://nces.ed.gov/ipeds/datacenter/data/GR2014_Dict.zip,institution/collection year; some measures have other dates,configured endpoint in src/genpeds/cfg.json; URL not independently rechecked by this CSV
Graduation,graduation,2015,GR2015,https://nces.ed.gov/ipeds/datacenter/data/GR2015.zip,https://nces.ed.gov/ipeds/datacenter/data/GR2015_Dict.zip,institution/collection year; some measures have other dates,configured endpoint in src/genpeds/cfg.json; URL not independently rechecked by this CSV
Graduation,graduation,2016,GR2016,https://nces.ed.gov/ipeds/datacenter/data/GR2016.zip,https://nces.ed.gov/ipeds/datacenter/data/GR2016_Dict.zip,institution/collection year; some measures have other dates,configured endpoint in src/genpeds/cfg.json; URL not independently rechecked by this CSV
Graduation,graduation,2017,GR2017,https://nces.ed.gov/ipeds/datacenter/data/GR2017.zip,https://nces.ed.gov/ipeds/datacenter/data/GR2017_Dict.zip,institution/collection year; some measures have other dates,configured endpoint in src/genpeds/cfg.json; URL not independently rechecked by this CSV
Graduation,graduation,2018,GR2018,https://nces.ed.gov/ipeds/datacenter/data/GR2018.zip,https://nces.ed.gov/ipeds/datacenter/data/GR2018_Dict.zip,institution/collection year; some measures have other dates,configured endpoint in src/genpeds/cfg.json; URL not independently rechecked by this CSV
Graduation,graduation,2019,GR2019,https://nces.ed.gov/ipeds/datacenter/data/GR2019.zip,https://nces.ed.gov/ipeds/datacenter/data/GR2019_Dict.zip,institution/collection year; some measures have other dates,configured endpoint in src/genpeds/cfg.json; URL not independently rechecked by this CSV
Graduation,graduation,2020,GR2020,https://nces.ed.gov/ipeds/datacenter/data/GR2020.zip,https://nces.ed.gov/ipeds/datacenter/data/GR2020_Dict.zip,institution/collection year; some measures have other dates,configured endpoint in src/genpeds/cfg.json; URL not independently rechecked by this CSV
Graduation,graduation,2021,GR2021,https://nces.ed.gov/ipeds/datacenter/data/GR2021.zip,https://nces.ed.gov/ipeds/datacenter/data/GR2021_Dict.zip,institution/collection year; some measures have other dates,configured endpoint in src/genpeds/cfg.json; URL not independently rechecked by this CSV
Graduation,graduation,2022,GR2022,https://nces.ed.gov/ipeds/datacenter/data/GR2022.zip,https://nces.ed.gov/ipeds/datacenter/data/GR2022_Dict.zip,institution/collection year; some measures have other dates,configured endpoint in src/genpeds/cfg.json; URL not independently rechecked by this CSV
Graduation,graduation,2023,GR2023,https://nces.ed.gov/ipeds/complete-data-files/GR2023.zip,https://nces.ed.gov/ipeds/complete-data-files/GR2023_Dict.zip,institution/collection year; some measures have other dates,configured endpoint in src/genpeds/cfg.json; URL not independently rechecked by this CSV
Graduation,graduation,2024,GR2024,https://nces.ed.gov/ipeds/complete-data-files/GR2024.zip,https://nces.ed.gov/ipeds/complete-data-files/GR2024_Dict.zip,institution/collection year; some measures have other dates,configured endpoint in src/genpeds/cfg.json; URL not independently rechecked by this CSV
Graduation200,graduation200,2008,GR200_08,https://nces.ed.gov/ipeds/datacenter/data/GR200_08.zip,https://nces.ed.gov/ipeds/datacenter/data/GR200_08_Dict.zip,see subject year definition in variables.csv / harmonization.md,configured endpoint in src/genpeds/cfg.json; URL not independently rechecked by this CSV
Graduation200,graduation200,2009,GR200_09,https://nces.ed.gov/ipeds/datacenter/data/GR200_09.zip,https://nces.ed.gov/ipeds/datacenter/data/GR200_09_Dict.zip,see subject year definition in variables.csv / harmonization.md,configured endpoint in src/genpeds/cfg.json; URL not independently rechecked by this CSV
Graduation200,graduation200,2010,GR200_10,https://nces.ed.gov/ipeds/datacenter/data/GR200_10.zip,https://nces.ed.gov/ipeds/datacenter/data/GR200_10_Dict.zip,see subject year definition in variables.csv / harmonization.md,configured endpoint in src/genpeds/cfg.json; URL not independently rechecked by this CSV
Graduation200,graduation200,2011,GR200_11,https://nces.ed.gov/ipeds/datacenter/data/GR200_11.zip,https://nces.ed.gov/ipeds/datacenter/data/GR200_11_Dict.zip,see subject year definition in variables.csv / harmonization.md,configured endpoint in src/genpeds/cfg.json; URL not independently rechecked by this CSV
Graduation200,graduation200,2012,GR200_12,https://nces.ed.gov/ipeds/datacenter/data/GR200_12.zip,https://nces.ed.gov/ipeds/datacenter/data/GR200_12_Dict.zip,see subject year definition in variables.csv / harmonization.md,configured endpoint in src/genpeds/cfg.json; URL not independently rechecked by this CSV
Graduation200,graduation200,2013,GR200_13,https://nces.ed.gov/ipeds/datacenter/data/GR200_13.zip,https://nces.ed.gov/ipeds/datacenter/data/GR200_13_Dict.zip,see subject year definition in variables.csv / harmonization.md,configured endpoint in src/genpeds/cfg.json; URL not independently rechecked by this CSV
Graduation200,graduation200,2014,GR200_14,https://nces.ed.gov/ipeds/datacenter/data/GR200_14.zip,https://nces.ed.gov/ipeds/datacenter/data/GR200_14_Dict.zip,see subject year definition in variables.csv / harmonization.md,configured endpoint in src/genpeds/cfg.json; URL not independently rechecked by this CSV
Graduation200,graduation200,2015,GR200_15,https://nces.ed.gov/ipeds/datacenter/data/GR200_15.zip,https://nces.ed.gov/ipeds/datacenter/data/GR200_15_Dict.zip,see subject year definition in variables.csv / harmonization.md,configured endpoint in src/genpeds/cfg.json; URL not independently rechecked by this CSV
Graduation200,graduation200,2016,GR200_16,https://nces.ed.gov/ipeds/datacenter/data/GR200_16.zip,https://nces.ed.gov/ipeds/datacenter/data/GR200_16_Dict.zip,see subject year definition in variables.csv / harmonization.md,configured endpoint in src/genpeds/cfg.json; URL not independently rechecked by this CSV
Graduation200,graduation200,2017,GR200_17,https://nces.ed.gov/ipeds/datacenter/data/GR200_17.zip,https://nces.ed.gov/ipeds/datacenter/data/GR200_17_Dict.zip,see subject year definition in variables.csv / harmonization.md,configured endpoint in src/genpeds/cfg.json; URL not independently rechecked by this CSV
Graduation200,graduation200,2018,GR200_18,https://nces.ed.gov/ipeds/datacenter/data/GR200_18.zip,https://nces.ed.gov/ipeds/datacenter/data/GR200_18_Dict.zip,see subject year definition in variables.csv / harmonization.md,configured endpoint in src/genpeds/cfg.json; URL not independently rechecked by this CSV
Graduation200,graduation200,2019,GR200_19,https://nces.ed.gov/ipeds/datacenter/data/GR200_19.zip,https://nces.ed.gov/ipeds/datacenter/data/GR200_19_Dict.zip,see subject year definition in variables.csv / harmonization.md,configured endpoint in src/genpeds/cfg.json; URL not independently rechecked by this CSV
Graduation200,graduation200,2020,GR200_20,https://nces.ed.gov/ipeds/datacenter/data/GR200_20.zip,https://nces.ed.gov/ipeds/datacenter/data/GR200_20_Dict.zip,see subject year definition in variables.csv / harmonization.md,configured endpoint in src/genpeds/cfg.json; URL not independently rechecked by this CSV
Graduation200,graduation200,2021,GR200_21,https://nces.ed.gov/ipeds/datacenter/data/GR200_21.zip,https://nces.ed.gov/ipeds/datacenter/data/GR200_21_Dict.zip,see subject year definition in variables.csv / harmonization.md,configured endpoint in src/genpeds/cfg.json; URL not independently rechecked by this CSV
Graduation200,graduation200,2022,GR200_22,https://nces.ed.gov/ipeds/datacenter/data/GR200_22.zip,https://nces.ed.gov/ipeds/datacenter/data/GR200_22_Dict.zip,see subject year definition in variables.csv / harmonization.md,configured endpoint in src/genpeds/cfg.json; URL not independently rechecked by this CSV
Graduation200,graduation200,2023,GR200_23,https://nces.ed.gov/ipeds/complete-data-files/GR200_23.zip,https://nces.ed.gov/ipeds/complete-data-files/GR200_23_Dict.zip,see subject year definition in variables.csv / harmonization.md,configured endpoint in src/genpeds/cfg.json; URL not independently rechecked by this CSV
Graduation200,graduation200,2024,GR200_24,https://nces.ed.gov/ipeds/complete-data-files/GR200_24.zip,https://nces.ed.gov/ipeds/complete-data-files/GR200_24_Dict.zip,see subject year definition in variables.csv / harmonization.md,configured endpoint in src/genpeds/cfg.json; URL not independently rechecked by this CSV
Cip,cip,1984,C1984_CIP,https://nces.ed.gov/ipeds/datacenter/data/C1984_CIP_Dict.zip,https://nces.ed.gov/ipeds/datacenter/data/C1984_CIP_Dict.zip,see subject year definition in variables.csv / harmonization.md,configured endpoint in src/genpeds/cfg.json; URL not independently rechecked by this CSV
Cip,cip,1985,C1985_CIP,https://nces.ed.gov/ipeds/datacenter/data/C1985_CIP_Dict.zip,https://nces.ed.gov/ipeds/datacenter/data/C1985_CIP_Dict.zip,see subject year definition in variables.csv / harmonization.md,configured endpoint in src/genpeds/cfg.json; URL not independently rechecked by this CSV
Cip,cip,1986,C1986_CIP,https://nces.ed.gov/ipeds/datacenter/data/C1986_CIP_Dict.zip,https://nces.ed.gov/ipeds/datacenter/data/C1986_CIP_Dict.zip,see subject year definition in variables.csv / harmonization.md,configured endpoint in src/genpeds/cfg.json; URL not independently rechecked by this CSV
Cip,cip,1987,C1987_CIP,https://nces.ed.gov/ipeds/datacenter/data/C1987_CIP_Dict.zip,https://nces.ed.gov/ipeds/datacenter/data/C1987_CIP_Dict.zip,see subject year definition in variables.csv / harmonization.md,configured endpoint in src/genpeds/cfg.json; URL not independently rechecked by this CSV
Cip,cip,1988,C1988_CIP,https://nces.ed.gov/ipeds/datacenter/data/C1988_CIP_Dict.zip,https://nces.ed.gov/ipeds/datacenter/data/C1988_CIP_Dict.zip,see subject year definition in variables.csv / harmonization.md,configured endpoint in src/genpeds/cfg.json; URL not independently rechecked by this CSV
Cip,cip,1989,C1989_CIP,https://nces.ed.gov/ipeds/datacenter/data/C1989_CIP_Dict.zip,https://nces.ed.gov/ipeds/datacenter/data/C1989_CIP_Dict.zip,see subject year definition in variables.csv / harmonization.md,configured endpoint in src/genpeds/cfg.json; URL not independently rechecked by this CSV
Cip,cip,1990,C8990CIP,https://nces.ed.gov/ipeds/datacenter/data/C8990CIP_Dict.zip,https://nces.ed.gov/ipeds/datacenter/data/C8990CIP_Dict.zip,see subject year definition in variables.csv / harmonization.md,configured endpoint in src/genpeds/cfg.json; URL not independently rechecked by this CSV
Cip,cip,1991,c1991_cip,https://nces.ed.gov/ipeds/datacenter/data/c1991_cip_Dict.zip,https://nces.ed.gov/ipeds/datacenter/data/c1991_cip_Dict.zip,see subject year definition in variables.csv / harmonization.md,configured endpoint in src/genpeds/cfg.json; URL not independently rechecked by this CSV
Cip,cip,1992,C1992_CIP,https://nces.ed.gov/ipeds/datacenter/data/C1992_CIP_Dict.zip,https://nces.ed.gov/ipeds/datacenter/data/C1992_CIP_Dict.zip,see subject year definition in variables.csv / harmonization.md,configured endpoint in src/genpeds/cfg.json; URL not independently rechecked by this CSV
Cip,cip,1993,C1993_CIP,https://nces.ed.gov/ipeds/datacenter/data/C1993_CIP_Dict.zip,https://nces.ed.gov/ipeds/datacenter/data/C1993_CIP_Dict.zip,see subject year definition in variables.csv / harmonization.md,configured endpoint in src/genpeds/cfg.json; URL not independently rechecked by this CSV
Cip,cip,1994,C1994_CIP,https://nces.ed.gov/ipeds/datacenter/data/C1994_CIP_Dict.zip,https://nces.ed.gov/ipeds/datacenter/data/C1994_CIP_Dict.zip,see subject year definition in variables.csv / harmonization.md,configured endpoint in src/genpeds/cfg.json; URL not independently rechecked by this CSV
Cip,cip,1995,C9495_A,https://nces.ed.gov/ipeds/datacenter/data/C9495_A_Dict.zip,https://nces.ed.gov/ipeds/datacenter/data/C9495_A_Dict.zip,see subject year definition in variables.csv / harmonization.md,configured endpoint in src/genpeds/cfg.json; URL not independently rechecked by this CSV
Cip,cip,1996,C9596_A,https://nces.ed.gov/ipeds/datacenter/data/C9596_A_Dict.zip,https://nces.ed.gov/ipeds/datacenter/data/C9596_A_Dict.zip,see subject year definition in variables.csv / harmonization.md,configured endpoint in src/genpeds/cfg.json; URL not independently rechecked by this CSV
Cip,cip,1997,C9697_A,https://nces.ed.gov/ipeds/datacenter/data/C9697_A_Dict.zip,https://nces.ed.gov/ipeds/datacenter/data/C9697_A_Dict.zip,see subject year definition in variables.csv / harmonization.md,configured endpoint in src/genpeds/cfg.json; URL not independently rechecked by this CSV
Cip,cip,1998,C9798_A,https://nces.ed.gov/ipeds/datacenter/data/C9798_A_Dict.zip,https://nces.ed.gov/ipeds/datacenter/data/C9798_A_Dict.zip,see subject year definition in variables.csv / harmonization.md,configured endpoint in src/genpeds/cfg.json; URL not independently rechecked by this CSV
Cip,cip,1999,C9899_A,https://nces.ed.gov/ipeds/datacenter/data/C9899_A_Dict.zip,https://nces.ed.gov/ipeds/datacenter/data/C9899_A_Dict.zip,see subject year definition in variables.csv / harmonization.md,configured endpoint in src/genpeds/cfg.json; URL not independently rechecked by this CSV
Cip,cip,2000,C2000_A,https://nces.ed.gov/ipeds/datacenter/data/C2000_A_Dict.zip,https://nces.ed.gov/ipeds/datacenter/data/C2000_A_Dict.zip,see subject year definition in variables.csv / harmonization.md,configured endpoint in src/genpeds/cfg.json; URL not independently rechecked by this CSV
Cip,cip,2001,C2001_A,https://nces.ed.gov/ipeds/datacenter/data/C2001_A_Dict.zip,https://nces.ed.gov/ipeds/datacenter/data/C2001_A_Dict.zip,see subject year definition in variables.csv / harmonization.md,configured endpoint in src/genpeds/cfg.json; URL not independently rechecked by this CSV
Cip,cip,2002,C2002_A,https://nces.ed.gov/ipeds/datacenter/data/C2002_A_Dict.zip,https://nces.ed.gov/ipeds/datacenter/data/C2002_A_Dict.zip,see subject year definition in variables.csv / harmonization.md,configured endpoint in src/genpeds/cfg.json; URL not independently rechecked by this CSV
Cip,cip,2003,C2003_A,https://nces.ed.gov/ipeds/datacenter/data/C2003_A_Dict.zip,https://nces.ed.gov/ipeds/datacenter/data/C2003_A_Dict.zip,see subject year definition in variables.csv / harmonization.md,configured endpoint in src/genpeds/cfg.json; URL not independently rechecked by this CSV
Cip,cip,2004,C2004_A,https://nces.ed.gov/ipeds/datacenter/data/C2004_A_Dict.zip,https://nces.ed.gov/ipeds/datacenter/data/C2004_A_Dict.zip,see subject year definition in variables.csv / harmonization.md,configured endpoint in src/genpeds/cfg.json; URL not independently rechecked by this CSV
Cip,cip,2005,C2005_A,https://nces.ed.gov/ipeds/datacenter/data/C2005_A_Dict.zip,https://nces.ed.gov/ipeds/datacenter/data/C2005_A_Dict.zip,see subject year definition in variables.csv / harmonization.md,configured endpoint in src/genpeds/cfg.json; URL not independently rechecked by this CSV
Cip,cip,2006,C2006_A,https://nces.ed.gov/ipeds/datacenter/data/C2006_A_Dict.zip,https://nces.ed.gov/ipeds/datacenter/data/C2006_A_Dict.zip,see subject year definition in variables.csv / harmonization.md,configured endpoint in src/genpeds/cfg.json; URL not independently rechecked by this CSV
Cip,cip,2007,C2007_A,https://nces.ed.gov/ipeds/datacenter/data/C2007_A_Dict.zip,https://nces.ed.gov/ipeds/datacenter/data/C2007_A_Dict.zip,see subject year definition in variables.csv / harmonization.md,configured endpoint in src/genpeds/cfg.json; URL not independently rechecked by this CSV
Cip,cip,2008,C2008_A,https://nces.ed.gov/ipeds/datacenter/data/C2008_A_Dict.zip,https://nces.ed.gov/ipeds/datacenter/data/C2008_A_Dict.zip,see subject year definition in variables.csv / harmonization.md,configured endpoint in src/genpeds/cfg.json; URL not independently rechecked by this CSV
Cip,cip,2009,C2009_A,https://nces.ed.gov/ipeds/datacenter/data/C2009_A_Dict.zip,https://nces.ed.gov/ipeds/datacenter/data/C2009_A_Dict.zip,see subject year definition in variables.csv / harmonization.md,configured endpoint in src/genpeds/cfg.json; URL not independently rechecked by this CSV
Cip,cip,2010,C2010_A,https://nces.ed.gov/ipeds/datacenter/data/C2010_A_Dict.zip,https://nces.ed.gov/ipeds/datacenter/data/C2010_A_Dict.zip,see subject year definition in variables.csv / harmonization.md,configured endpoint in src/genpeds/cfg.json; URL not independently rechecked by this CSV
Cip,cip,2011,C2011_A,https://nces.ed.gov/ipeds/datacenter/data/C2011_A_Dict.zip,https://nces.ed.gov/ipeds/datacenter/data/C2011_A_Dict.zip,see subject year definition in variables.csv / harmonization.md,configured endpoint in src/genpeds/cfg.json; URL not independently rechecked by this CSV
Cip,cip,2012,C2012_A,https://nces.ed.gov/ipeds/datacenter/data/C2012_A_Dict.zip,https://nces.ed.gov/ipeds/datacenter/data/C2012_A_Dict.zip,see subject year definition in variables.csv / harmonization.md,configured endpoint in src/genpeds/cfg.json; URL not independently rechecked by this CSV
Cip,cip,2013,C2013_A,https://nces.ed.gov/ipeds/datacenter/data/C2013_A_Dict.zip,https://nces.ed.gov/ipeds/datacenter/data/C2013_A_Dict.zip,see subject year definition in variables.csv / harmonization.md,configured endpoint in src/genpeds/cfg.json; URL not independently rechecked by this CSV
Cip,cip,2014,C2014_A,https://nces.ed.gov/ipeds/datacenter/data/C2014_A_Dict.zip,https://nces.ed.gov/ipeds/datacenter/data/C2014_A_Dict.zip,see subject year definition in variables.csv / harmonization.md,configured endpoint in src/genpeds/cfg.json; URL not independently rechecked by this CSV
Cip,cip,2015,C2015_A,https://nces.ed.gov/ipeds/datacenter/data/C2015_A_Dict.zip,https://nces.ed.gov/ipeds/datacenter/data/C2015_A_Dict.zip,see subject year definition in variables.csv / harmonization.md,configured endpoint in src/genpeds/cfg.json; URL not independently rechecked by this CSV
Cip,cip,2016,C2016_A,https://nces.ed.gov/ipeds/datacenter/data/C2016_A_Dict.zip,https://nces.ed.gov/ipeds/datacenter/data/C2016_A_Dict.zip,see subject year definition in variables.csv / harmonization.md,configured endpoint in src/genpeds/cfg.json; URL not independently rechecked by this CSV
Cip,cip,2017,C2017_A,https://nces.ed.gov/ipeds/datacenter/data/C2017_A_Dict.zip,https://nces.ed.gov/ipeds/datacenter/data/C2017_A_Dict.zip,see subject year definition in variables.csv / harmonization.md,configured endpoint in src/genpeds/cfg.json; URL not independently rechecked by this CSV
Cip,cip,2018,C2018_A,https://nces.ed.gov/ipeds/datacenter/data/C2018_A_Dict.zip,https://nces.ed.gov/ipeds/datacenter/data/C2018_A_Dict.zip,see subject year definition in variables.csv / harmonization.md,configured endpoint in src/genpeds/cfg.json; URL not independently rechecked by this CSV
Cip,cip,2019,C2019_A,https://nces.ed.gov/ipeds/datacenter/data/C2019_A_Dict.zip,https://nces.ed.gov/ipeds/datacenter/data/C2019_A_Dict.zip,see subject year definition in variables.csv / harmonization.md,configured endpoint in src/genpeds/cfg.json; URL not independently rechecked by this CSV
Cip,cip,2020,C2020_A,https://nces.ed.gov/ipeds/datacenter/data/C2020_A_Dict.zip,https://nces.ed.gov/ipeds/datacenter/data/C2020_A_Dict.zip,see subject year definition in variables.csv / harmonization.md,configured endpoint in src/genpeds/cfg.json; URL not independently rechecked by this CSV
Cip,cip,2021,C2021_A,https://nces.ed.gov/ipeds/datacenter/data/C2021_A_Dict.zip,https://nces.ed.gov/ipeds/datacenter/data/C2021_A_Dict.zip,see subject year definition in variables.csv / harmonization.md,configured endpoint in src/genpeds/cfg.json; URL not independently rechecked by this CSV
Cip,cip,2022,C2022_A,https://nces.ed.gov/ipeds/datacenter/data/C2022_A_Dict.zip,https://nces.ed.gov/ipeds/datacenter/data/C2022_A_Dict.zip,see subject year definition in variables.csv / harmonization.md,configured endpoint in src/genpeds/cfg.json; URL not independently rechecked by this CSV
Cip,cip,2023,C2023_A,https://nces.ed.gov/ipeds/complete-data-files/C2023_A_Dict.zip,https://nces.ed.gov/ipeds/complete-data-files/C2023_A_Dict.zip,see subject year definition in variables.csv / harmonization.md,configured endpoint in src/genpeds/cfg.json; URL not independently rechecked by this CSV
Cip,cip,2024,C2024_A,https://nces.ed.gov/ipeds/complete-data-files/C2024_A_Dict.zip,https://nces.ed.gov/ipeds/complete-data-files/C2024_A_Dict.zip,see subject year definition in variables.csv / harmonization.md,configured endpoint in src/genpeds/cfg.json; URL not independently rechecked by this CSV
Cip,cip,2025,C2025_A,https://nces.ed.gov/ipeds/complete-data-files/C2025_A_Dict.zip,https://nces.ed.gov/ipeds/complete-data-files/C2025_A_Dict.zip,see subject year definition in variables.csv / harmonization.md,configured endpoint in src/genpeds/cfg.json; URL not independently rechecked by this CSV
