api_class,subject,variable,description,subject_years,field_availability,row_grain,unit,source_tables,source_fields,harmonization,status_of
Characteristics,characteristics,id,"Institutional unique identifier ID; though UNITIDs can vary over time due to instutions splitting, this variable is generally consistent for an institution over time.",1984-2025,1984-2025; selected field may be missing for some institutions,institution × year (1986 placeholder UNITID is nonunique),UNITID string,IC/FA/HD institutional header,UNITID,"source identifier, trimmed",
Characteristics,characteristics,year,Survey year.,1984-2025,1984-2025; selected field may be missing for some institutions,institution × year (1986 placeholder UNITID is nonunique),year,IC/FA/HD institutional header,source file year,file/period year; see guide for period alignment,
Characteristics,characteristics,name,Name of institution location.,1984-2025,1984-2025; selected field may be missing for some institutions,institution × year (1986 placeholder UNITID is nonunique),"category, text, or source-specific measure",IC/FA/HD institutional header,INSTNM,source column (renamed),
Characteristics,characteristics,address,Address of institution location.,1984-2025,1984-2025; selected field may be missing for some institutions,institution × year (1986 placeholder UNITID is nonunique),"category, text, or source-specific measure",IC/FA/HD institutional header,ADDR,source column (renamed),
Characteristics,characteristics,city,City of institution location.,1984-2025,1984-2025; selected field may be missing for some institutions,institution × year (1986 placeholder UNITID is nonunique),"category, text, or source-specific measure",IC/FA/HD institutional header,CITY,source column (renamed),
Characteristics,characteristics,state,State of institution location.,1984-2025,1984-2025; selected field may be missing for some institutions,institution × year (1986 placeholder UNITID is nonunique),"category, text, or source-specific measure",IC/FA/HD institutional header,STABBR,abbreviation expanded to state name,
Characteristics,characteristics,zipcode,Zipcode of institution location.,1984-2025,1984-2025; selected field may be missing for some institutions,institution × year (1986 placeholder UNITID is nonunique),"category, text, or source-specific measure",IC/FA/HD institutional header,ZIP,source column (renamed),
Characteristics,characteristics,webaddress,Admissions website URL of institution location.,1984-2025,1999-2025; selected field may be missing for some institutions,institution × year (1986 placeholder UNITID is nonunique),"category, text, or source-specific measure",IC/FA/HD institutional header,WEBADDR,source column (renamed),
Characteristics,characteristics,longitude,Longitude coordinate of institution location.,1984-2025,2009-2025; selected field may be missing for some institutions,institution × year (1986 placeholder UNITID is nonunique),decimal degrees (string in current API),IC/FA/HD institutional header,LONGITUD,source column (renamed),
Characteristics,characteristics,latitude,Latitude coordinate of institution location.,1984-2025,2009-2025; selected field may be missing for some institutions,institution × year (1986 placeholder UNITID is nonunique),decimal degrees (string in current API),IC/FA/HD institutional header,LATITUDE,source column (renamed),
Characteristics,characteristics,control_code,"Raw NCES CONTROL code. In 1984-85 2 means private without profit distinction; from 1986, 1 public, 2 private nonprofit, 3 private for-profit. Special codes are retained.",1984-2025,1984-2025; selected field may be missing for some institutions,institution × year (1986 placeholder UNITID is nonunique),categorical source code,IC/FA/HD institutional header,CONTROL,source column (renamed),
Characteristics,characteristics,control,Readable control category; the 1984-85 private category is not split by profit status.,1984-2025,1984-2025; selected field may be missing for some institutions,institution × year (1986 placeholder UNITID is nonunique),"category, text, or source-specific measure",IC/FA/HD institutional header,CONTROL,year-aware code-to-label mapping,
Characteristics,characteristics,level_code,"Raw NCES ICLEVEL code: 1 four-year or above, 2 two-year, 3 less-than-two-year; early 7 means unclassified, not less-than-two-year.",1984-2025,1984-2025; selected field may be missing for some institutions,institution × year (1986 placeholder UNITID is nonunique),categorical source code,IC/FA/HD institutional header,ICLEVEL,source column (renamed),
Characteristics,characteristics,level,Readable institutional program level for recognized ICLEVEL codes.,1984-2025,1984-2025; selected field may be missing for some institutions,institution × year (1986 placeholder UNITID is nonunique),"category, text, or source-specific measure",IC/FA/HD institutional header,ICLEVEL,recognized code-to-label mapping,
Characteristics,characteristics,sector_code,"Raw NCES SECTOR code, available from 1986; combines institutional control and program level. Special codes are retained.",1984-2025,1986-2025; selected field may be missing for some institutions,institution × year (1986 placeholder UNITID is nonunique),categorical source code,IC/FA/HD institutional header,SECTOR,source column (renamed),
Characteristics,characteristics,sector,Readable sector for codes 0-9; unrecognized/not-applicable codes stay missing.,1984-2025,1986-2025; selected field may be missing for some institutions,institution × year (1986 placeholder UNITID is nonunique),"category, text, or source-specific measure",IC/FA/HD institutional header,SECTOR,recognized code-to-label mapping,
Characteristics,characteristics,hbcu_code,"Raw NCES HBCU code from 1992, including historical blanks and missing/nonresponse codes.",1984-2025,1992-2025; selected field may be missing for some institutions,institution × year (1986 placeholder UNITID is nonunique),categorical source code,IC/FA/HD institutional header,HBCU,source column (renamed),
Characteristics,characteristics,hbcu,Historically Black college or university: nullable boolean; historical nonresponse is not interpreted as no.,1984-2025,1992-2025; selected field may be missing for some institutions,institution × year (1986 placeholder UNITID is nonunique),nullable boolean,IC/FA/HD institutional header,HBCU,nullable boolean; early blank/no differs from nonresponse,
Characteristics,characteristics,tribal_code,"Raw NCES TRIBAL code from 1993, including historical blanks and missing/nonresponse codes.",1984-2025,1993-2025; selected field may be missing for some institutions,institution × year (1986 placeholder UNITID is nonunique),categorical source code,IC/FA/HD institutional header,TRIBAL,source column (renamed),
Characteristics,characteristics,tribal,Tribal college or university: nullable boolean; historical nonresponse is not interpreted as no.,1984-2025,1993-2025; selected field may be missing for some institutions,institution × year (1986 placeholder UNITID is nonunique),nullable boolean,IC/FA/HD institutional header,TRIBAL,nullable boolean; early blank/no differs from nonresponse,
Characteristics,characteristics,degree_granting_code,"Raw NCES DEGGRANT code from 2000; 1 degree-granting, 2 non-degree-granting.",1984-2025,2000-2025; selected field may be missing for some institutions,institution × year (1986 placeholder UNITID is nonunique),categorical source code,IC/FA/HD institutional header,DEGGRANT,source column (renamed),
Characteristics,characteristics,degree_granting,"Nullable degree-granting indicator, derived from DEGGRANT codes 1 and 2.",1984-2025,2000-2025; selected field may be missing for some institutions,institution × year (1986 placeholder UNITID is nonunique),nullable boolean,IC/FA/HD institutional header,DEGGRANT,nullable boolean for codes 1 and 2,
Characteristics,characteristics,locale_code,Raw NCES LOCALE degree-of-urbanization code from 1995; its code system changes in 2005.,1984-2025,1995-2025; selected field may be missing for some institutions,institution × year (1986 placeholder UNITID is nonunique),categorical source code,IC/FA/HD institutional header,LOCALE,source column (renamed),
Characteristics,characteristics,locale_scheme,legacy for 1995-2004 LOCALE codes; urban_centric from 2005; missing before 1995.,1984-2025,1995-2025; selected field may be missing for some institutions,institution × year (1986 placeholder UNITID is nonunique),"category, text, or source-specific measure",IC/FA/HD institutional header,LOCALE,"legacy 1995-2004, urban_centric 2005 onward",
Characteristics,characteristics,carnegie_2021_basic_code,"2021 Carnegie Basic Classification code (C21BASIC), available from 2021; not interchangeable with earlier Carnegie classification vintages.",1984-2025,2021-2025; selected field may be missing for some institutions,institution × year (1986 placeholder UNITID is nonunique),categorical source code,IC/FA/HD institutional header,C21BASIC,source column (renamed),
Admissions,admissions,id,"Institutional unique identifier ID; though UNITIDs can vary over time due to instutions splitting, this variable is generally consistent for an institution over time.",2001-2024,2001-2024,institution × year,UNITID string,IC2001-2013 or ADM2014-2024,UNITID,"source identifier, trimmed",
Admissions,admissions,year,Survey year.,2001-2024,2001-2024,institution × year,year,IC2001-2013 or ADM2014-2024,source file year,file/period year; see guide for period alignment,
Admissions,admissions,tot_applied,"Total number of first-time, degree/certificate-seeking applicants in a given year.",2001-2024,2001-2024; some totals reconstructed in early years,institution × year,applicants/admittees/enrollees,IC2001-2013 or ADM2014-2024,APPLCN; APPLCNM; APPLCNW,reported total or men_applied + women_applied if absent,
Admissions,admissions,tot_admitted,"Total number of first-time, degree/certificate-seeking applicants who were admitted in a given year.",2001-2024,2001-2024; some totals reconstructed in early years,institution × year,applicants/admittees/enrollees,IC2001-2013 or ADM2014-2024,ADMSSN; ADMSSNM; ADMSSNW,reported total or men_admitted + women_admitted if absent,
Admissions,admissions,tot_enrolled,Total number of admitteees who ultimately enrolled (includes part-time and full-time enrollemnt).,2001-2024,2001-2024; some totals reconstructed in early years,institution × year,applicants/admittees/enrollees,IC2001-2013 or ADM2014-2024,ENRLT; ENRLM; ENRLW,reported total or men_enrolled + women_enrolled if absent,
Admissions,admissions,men_applied,"Number of first-time, degree/certificate-seeking men who applied to an institution in a given year.",2001-2024,2001-2024; some totals reconstructed in early years,institution × year,applicants/admittees/enrollees,IC2001-2013 or ADM2014-2024,APPLCNM,source column (renamed),
Admissions,admissions,men_admitted,"Number of first-time, degree/certificate-seeking men who were admitted to an institution in a given year.",2001-2024,2001-2024; some totals reconstructed in early years,institution × year,applicants/admittees/enrollees,IC2001-2013 or ADM2014-2024,ADMSSNM,source column (renamed),
Admissions,admissions,men_enrolled,Number of admitted men who ultimately enrolled (includes part-time and full-time enrollemnt).,2001-2024,2001-2024; some totals reconstructed in early years,institution × year,applicants/admittees/enrollees,IC2001-2013 or ADM2014-2024,ENRLM; ENRLFTM; ENRLPTM,2001 FT + PT; otherwise source total,
Admissions,admissions,women_applied,Number of first-time degree/certificate-seeking women applicants (APPLCNW).,2001-2024,2001-2024; some totals reconstructed in early years,institution × year,applicants/admittees/enrollees or score submitters,IC2001-2013 or ADM2014-2024,APPLCNW,source column (renamed),
Admissions,admissions,women_admitted,Number of women applicants admitted (ADMSSNW).,2001-2024,2001-2024; some totals reconstructed in early years,institution × year,applicants/admittees/enrollees or score submitters,IC2001-2013 or ADM2014-2024,ADMSSNW,source column (renamed),
Admissions,admissions,women_enrolled,Number of admitted women enrolling (ENRLW; derived from FT+PT counts in 2001).,2001-2024,2001-2024; some totals reconstructed in early years,institution × year,applicants/admittees/enrollees or score submitters,IC2001-2013 or ADM2014-2024,ENRLW; ENRLFTW; ENRLPTW,2001 FT + PT; otherwise source total,
Admissions,admissions,men_ft_enrolled,Admitted men enrolling full-time (ENRLFTM).,2001-2024,2001-2024; some totals reconstructed in early years,institution × year,applicants/admittees/enrollees,IC2001-2013 or ADM2014-2024,ENRLFTM,source column (renamed),
Admissions,admissions,women_ft_enrolled,Admitted women enrolling full-time (ENRLFTW).,2001-2024,2001-2024; some totals reconstructed in early years,institution × year,applicants/admittees/enrollees or score submitters,IC2001-2013 or ADM2014-2024,ENRLFTW,source column (renamed),
Admissions,admissions,men_pt_enrolled,Admitted men enrolling part-time (ENRLPTM).,2001-2024,2001-2024; some totals reconstructed in early years,institution × year,applicants/admittees/enrollees,IC2001-2013 or ADM2014-2024,ENRLPTM,source column (renamed),
Admissions,admissions,women_pt_enrolled,Admitted women enrolling part-time (ENRLPTW).,2001-2024,2001-2024; some totals reconstructed in early years,institution × year,applicants/admittees/enrollees or score submitters,IC2001-2013 or ADM2014-2024,ENRLPTW,source column (renamed),
Admissions,admissions,tot_ft_enrolled,"Reported total full-time enrollees (ENRLFT), or men+women if absent in 2001.",2001-2024,2001-2024; some totals reconstructed in early years,institution × year,applicants/admittees/enrollees,IC2001-2013 or ADM2014-2024,ENRLFT; ENRLFTM; ENRLFTW,reported total; in 2001 sum FT men and women,
Admissions,admissions,tot_pt_enrolled,"Reported total part-time enrollees (ENRLPT), or men+women if absent in 2001.",2001-2024,2001-2024; some totals reconstructed in early years,institution × year,applicants/admittees/enrollees,IC2001-2013 or ADM2014-2024,ENRLPT; ENRLPTM; ENRLPTW,reported total; in 2001 sum PT men and women,
Admissions,admissions,another_gender_applied,"Applicants of another gender (APPLCNAN), available from 2022; supplemental reporting may overlap binary totals.",2001-2024,2022-2024; supplemental reporting does not form a disjoint total,institution × year,applicants/admittees/enrollees or score submitters,IC2001-2013 or ADM2014-2024,APPLCNAN,source column (renamed),
Admissions,admissions,gender_unknown_applied,"Applicants with gender unknown (APPLCNUN), available from 2022.",2001-2024,2022-2024; supplemental reporting does not form a disjoint total,institution × year,applicants/admittees/enrollees or score submitters,IC2001-2013 or ADM2014-2024,APPLCNUN,source column (renamed),
Admissions,admissions,another_gender_admitted,"Admits of another gender (ADMSSNAN), available from 2022.",2001-2024,2022-2024; supplemental reporting does not form a disjoint total,institution × year,applicants/admittees/enrollees or score submitters,IC2001-2013 or ADM2014-2024,ADMSSNAN,source column (renamed),
Admissions,admissions,gender_unknown_admitted,"Admits with gender unknown (ADMSSNUN), available from 2022.",2001-2024,2022-2024; supplemental reporting does not form a disjoint total,institution × year,applicants/admittees/enrollees or score submitters,IC2001-2013 or ADM2014-2024,ADMSSNUN,source column (renamed),
Admissions,admissions,another_gender_enrolled,"Enrollees of another gender (ENRLAN), available from 2022.",2001-2024,2022-2024; supplemental reporting does not form a disjoint total,institution × year,applicants/admittees/enrollees or score submitters,IC2001-2013 or ADM2014-2024,ENRLAN,source column (renamed),
Admissions,admissions,gender_unknown_enrolled,"Enrollees with gender unknown (ENRLUN), available from 2022.",2001-2024,2022-2024; supplemental reporting does not form a disjoint total,institution × year,applicants/admittees/enrollees or score submitters,IC2001-2013 or ADM2014-2024,ENRLUN,source column (renamed),
Admissions,admissions,another_gender_ft_enrolled,"Full-time enrollees of another gender (ENRLFTAN), available from 2022.",2001-2024,2022-2024; supplemental reporting does not form a disjoint total,institution × year,applicants/admittees/enrollees or score submitters,IC2001-2013 or ADM2014-2024,ENRLFTAN,source column (renamed),
Admissions,admissions,gender_unknown_ft_enrolled,"Full-time enrollees with gender unknown (ENRLFTUN), available from 2022.",2001-2024,2022-2024; supplemental reporting does not form a disjoint total,institution × year,applicants/admittees/enrollees or score submitters,IC2001-2013 or ADM2014-2024,ENRLFTUN,source column (renamed),
Admissions,admissions,another_gender_pt_enrolled,"Part-time enrollees of another gender (ENRLPTAN), available from 2022.",2001-2024,2022-2024; supplemental reporting does not form a disjoint total,institution × year,applicants/admittees/enrollees or score submitters,IC2001-2013 or ADM2014-2024,ENRLPTAN,source column (renamed),
Admissions,admissions,gender_unknown_pt_enrolled,"Part-time enrollees with gender unknown (ENRLPTUN), available from 2022.",2001-2024,2022-2024; supplemental reporting does not form a disjoint total,institution × year,applicants/admittees/enrollees or score submitters,IC2001-2013 or ADM2014-2024,ENRLPTUN,source column (renamed),
Admissions,admissions,accept_rate_men,Acceptance rate of male applicants.,2001-2024,2001-2024; some totals reconstructed in early years,institution × year,percent (0-100),IC2001-2013 or ADM2014-2024,ADMSSNM; APPLCNM,men_admitted / men_applied × 100; zero denominator -> NA,
Admissions,admissions,accept_rate_women,Acceptance rate of female applicants.,2001-2024,2001-2024; some totals reconstructed in early years,institution × year,percent (0-100),IC2001-2013 or ADM2014-2024,ADMSSNW; APPLCNW,women_admitted / women_applied × 100; zero denominator -> NA,
Admissions,admissions,accept_rate_total,"Total admitted / total applicants times 100, using the published totals when available; zero denominator is missing.",2001-2024,2001-2024; some totals reconstructed in early years,institution × year,percent (0-100),IC2001-2013 or ADM2014-2024,ADMSSN; APPLCN,tot_admitted / tot_applied × 100; zero denominator -> NA,
Admissions,admissions,yield_rate_men,Yield rate (share of admitted students who ultimately enrolled) of male admittees.,2001-2024,2001-2024; some totals reconstructed in early years,institution × year,percent (0-100),IC2001-2013 or ADM2014-2024,ENRLM; ENRLFTM; ENRLPTM; ADMSSNM,men_enrolled / men_admitted × 100; zero denominator -> NA,
Admissions,admissions,yield_rate_women,Yield rate (share of admitted students who ultimately enrolled) of female admittees.,2001-2024,2001-2024; some totals reconstructed in early years,institution × year,percent (0-100),IC2001-2013 or ADM2014-2024,ENRLW; ENRLFTW; ENRLPTW; ADMSSNW,women_enrolled / women_admitted × 100; zero denominator -> NA,
Admissions,admissions,yield_rate_total,"Total enrolled / total admitted times 100, using published totals when available; zero denominator is missing.",2001-2024,2001-2024; some totals reconstructed in early years,institution × year,percent (0-100),IC2001-2013 or ADM2014-2024,ENRLT; ADMSSN,tot_enrolled / tot_admitted × 100; zero denominator -> NA,
Admissions,admissions,men_applied_share,"Male share of total number of first-time, degree/certificate-seeking applicants in a given year.",2001-2024,2001-2024; some totals reconstructed in early years,institution × year,percent (0-100),IC2001-2013 or ADM2014-2024,APPLCNM; APPLCN,men_applied / tot_applied × 100,
Admissions,admissions,men_admitted_share,"Male share of total number of first-time, degree/certificate-seeking admittees in a given year.",2001-2024,2001-2024; some totals reconstructed in early years,institution × year,percent (0-100),IC2001-2013 or ADM2014-2024,ADMSSNM; ADMSSN,men_admitted / tot_admitted × 100,
Admissions,admissions,share_submit_sat,"Percentage of first-time degree/certificate-seeking students submitting SAT scores (SATPCT), not a percentage of all admitted applicants.",2001-2024,varies by year; score/submitter field not universal,institution × year,percent (0-100),IC2001-2013 or ADM2014-2024,SATPCT,source column (renamed),
Admissions,admissions,share_submit_act,"Percentage of first-time degree/certificate-seeking students submitting ACT scores (ACTPCT), not a percentage of all admitted applicants.",2001-2024,varies by year; score/submitter field not universal,institution × year,percent (0-100),IC2001-2013 or ADM2014-2024,ACTPCT,source column (renamed),
Admissions,admissions,num_submit_sat,Number of first-time degree/certificate-seeking students submitting SAT scores (SATNUM).,2001-2024,2001-2024; applicability varies by institution,institution × year,applicants/admittees/enrollees or score submitters,IC2001-2013 or ADM2014-2024,SATNUM,source column (renamed),
Admissions,admissions,num_submit_act,Number of first-time degree/certificate-seeking students submitting ACT scores (ACTNUM).,2001-2024,2001-2024; applicability varies by institution,institution × year,applicants/admittees/enrollees or score submitters,IC2001-2013 or ADM2014-2024,ACTNUM,source column (renamed),
Admissions,admissions,sat_rw_25,SAT reading/writing score (25th percentile).,2001-2024,varies by year; score/submitter field not universal,institution × year,test-score points,IC2001-2013 or ADM2014-2024,SATVR25,source column (renamed),
Admissions,admissions,sat_rw_50,SAT reading/writing score (50th percentile).,2001-2024,2022-2024; score medians introduced,institution × year,test-score points,IC2001-2013 or ADM2014-2024,SATVR50,source column (renamed),
Admissions,admissions,sat_rw_75,SAT reading/writing score (75th percentile).,2001-2024,varies by year; score/submitter field not universal,institution × year,test-score points,IC2001-2013 or ADM2014-2024,SATVR75,source column (renamed),
Admissions,admissions,sat_math_25,SAT mathematics score (25th percentile).,2001-2024,varies by year; score/submitter field not universal,institution × year,test-score points,IC2001-2013 or ADM2014-2024,SATMT25,source column (renamed),
Admissions,admissions,sat_math_50,"SAT mathematics score (50th percentile), available from 2022.",2001-2024,2022-2024; score medians introduced,institution × year,test-score points,IC2001-2013 or ADM2014-2024,SATMT50,source column (renamed),
Admissions,admissions,sat_math_75,SAT mathematics score (75th percentile).,2001-2024,varies by year; score/submitter field not universal,institution × year,test-score points,IC2001-2013 or ADM2014-2024,SATMT75,source column (renamed),
Admissions,admissions,act_comp_25,ACT composite score (25th percentile).,2001-2024,varies by year; score/submitter field not universal,institution × year,test-score points,IC2001-2013 or ADM2014-2024,ACTCM25,source column (renamed),
Admissions,admissions,act_comp_50,ACT composite score (50th percentile).,2001-2024,2022-2024; score medians introduced,institution × year,test-score points,IC2001-2013 or ADM2014-2024,ACTCM50,source column (renamed),
Admissions,admissions,act_comp_75,ACT composite score (75th percentile).,2001-2024,varies by year; score/submitter field not universal,institution × year,test-score points,IC2001-2013 or ADM2014-2024,ACTCM75,source column (renamed),
Admissions,admissions,act_eng_25,ACT English score (25th percentile).,2001-2024,varies by year; score/submitter field not universal,institution × year,test-score points,IC2001-2013 or ADM2014-2024,ACTEN25,source column (renamed),
Admissions,admissions,act_eng_50,ACT English score (50th percentile).,2001-2024,2022-2024; score medians introduced,institution × year,test-score points,IC2001-2013 or ADM2014-2024,ACTEN50,source column (renamed),
Admissions,admissions,act_eng_75,ACT English score (75th percentile).,2001-2024,varies by year; score/submitter field not universal,institution × year,test-score points,IC2001-2013 or ADM2014-2024,ACTEN75,source column (renamed),
Admissions,admissions,act_math_25,ACT mathematics score (25th percentile).,2001-2024,varies by year; score/submitter field not universal,institution × year,test-score points,IC2001-2013 or ADM2014-2024,ACTMT25,source column (renamed),
Admissions,admissions,act_math_50,ACT mathematics score (50th percentile).,2001-2024,2022-2024; score medians introduced,institution × year,test-score points,IC2001-2013 or ADM2014-2024,ACTMT50,source column (renamed),
Admissions,admissions,act_math_75,ACT mathematics score (75th percentile).,2001-2024,varies by year; score/submitter field not universal,institution × year,test-score points,IC2001-2013 or ADM2014-2024,ACTMT75,source column (renamed),
Admissions,admissions,consider_gpa_code,Raw ADMCON1 code for considering high school GPA; code meaning changes in 2022.,2001-2024,2001-2024; codes change in 2016 and 2022,institution × year,categorical source code,IC2001-2013 or ADM2014-2024,ADMCON1,source column (renamed),
Admissions,admissions,consider_class_rank_code,Raw ADMCON2 code for considering high school rank.,2001-2024,2001-2024; codes change in 2016 and 2022,institution × year,categorical source code,IC2001-2013 or ADM2014-2024,ADMCON2,source column (renamed),
Admissions,admissions,consider_school_record_code,Raw ADMCON3 code for considering high school record.,2001-2024,2001-2024; codes change in 2016 and 2022,institution × year,categorical source code,IC2001-2013 or ADM2014-2024,ADMCON3,source column (renamed),
Admissions,admissions,consider_college_prep_code,Raw ADMCON4 code for considering college-preparatory coursework.,2001-2024,2001-2024; codes change in 2016 and 2022,institution × year,categorical source code,IC2001-2013 or ADM2014-2024,ADMCON4,source column (renamed),
Admissions,admissions,consider_recommendations_code,Raw ADMCON5 code for considering recommendations.,2001-2024,2001-2024; codes change in 2016 and 2022,institution × year,categorical source code,IC2001-2013 or ADM2014-2024,ADMCON5,source column (renamed),
Admissions,admissions,consider_competencies_code,Raw ADMCON6 code for considering demonstrations of competencies.,2001-2024,2001-2024; codes change in 2016 and 2022,institution × year,categorical source code,IC2001-2013 or ADM2014-2024,ADMCON6,source column (renamed),
Admissions,admissions,consider_test_scores_code,Raw ADMCON7 code for considering admissions test scores; 2022+ code 5 means test optional and 3 test blind.,2001-2024,2001-2024; codes change in 2016 and 2022,institution × year,categorical source code,IC2001-2013 or ADM2014-2024,ADMCON7,source column (renamed),
Admissions,admissions,consider_english_proficiency_code,Raw ADMCON8 code for considering an English proficiency test.,2001-2024,2001-2024; codes change in 2016 and 2022,institution × year,categorical source code,IC2001-2013 or ADM2014-2024,ADMCON8,source column (renamed),
Admissions,admissions,consider_other_tests_code,Raw ADMCON9 code for considering another test; available from 2005.,2001-2024,2005-2024; category code semantics vary,institution × year,categorical source code,IC2001-2013 or ADM2014-2024,ADMCON9,source column (renamed),
Admissions,admissions,consider_work_experience_code,Raw ADMCON10 code for considering work experience; available from 2022.,2001-2024,2022-2024; required/optional/not considered codes,institution × year,categorical source code,IC2001-2013 or ADM2014-2024,ADMCON10,source column (renamed),
Admissions,admissions,consider_essay_code,Raw ADMCON11 code for considering a personal statement/essay; available from 2022.,2001-2024,2022-2024; required/optional/not considered codes,institution × year,categorical source code,IC2001-2013 or ADM2014-2024,ADMCON11,source column (renamed),
Admissions,admissions,consider_legacy_code,Raw ADMCON12 code for considering legacy status; available from 2022.,2001-2024,2022-2024; required/optional/not considered codes,institution × year,categorical source code,IC2001-2013 or ADM2014-2024,ADMCON12,source column (renamed),
Admissions,admissions,consider_gpa,Year-specific readable label for consider_gpa_code; NCES codes are not a constant ordinal importance scale.,2001-2024,2001-2024; codes change in 2016 and 2022,institution × year,"category, text, or source-specific measure",IC2001-2013 or ADM2014-2024,ADMCON1,year-aware label for raw ADMCON code; see codes.csv,
Admissions,admissions,consider_class_rank,Year-specific readable label for consider_class_rank_code.,2001-2024,2001-2024; codes change in 2016 and 2022,institution × year,"category, text, or source-specific measure",IC2001-2013 or ADM2014-2024,ADMCON2,year-aware label for raw ADMCON code; see codes.csv,
Admissions,admissions,consider_school_record,Year-specific readable label for consider_school_record_code.,2001-2024,2001-2024; codes change in 2016 and 2022,institution × year,"category, text, or source-specific measure",IC2001-2013 or ADM2014-2024,ADMCON3,year-aware label for raw ADMCON code; see codes.csv,
Admissions,admissions,consider_college_prep,Year-specific readable label for consider_college_prep_code.,2001-2024,2001-2024; codes change in 2016 and 2022,institution × year,"category, text, or source-specific measure",IC2001-2013 or ADM2014-2024,ADMCON4,year-aware label for raw ADMCON code; see codes.csv,
Admissions,admissions,consider_recommendations,Year-specific readable label for consider_recommendations_code.,2001-2024,2001-2024; codes change in 2016 and 2022,institution × year,"category, text, or source-specific measure",IC2001-2013 or ADM2014-2024,ADMCON5,year-aware label for raw ADMCON code; see codes.csv,
Admissions,admissions,consider_competencies,Year-specific readable label for consider_competencies_code.,2001-2024,2001-2024; codes change in 2016 and 2022,institution × year,"category, text, or source-specific measure",IC2001-2013 or ADM2014-2024,ADMCON6,year-aware label for raw ADMCON code; see codes.csv,
Admissions,admissions,consider_test_scores,Year-specific readable label for consider_test_scores_code; distinguishes 2022+ test optional/blind.,2001-2024,2001-2024; codes change in 2016 and 2022,institution × year,"category, text, or source-specific measure",IC2001-2013 or ADM2014-2024,ADMCON7,year-aware label for raw ADMCON code; see codes.csv,
Admissions,admissions,consider_english_proficiency,Year-specific readable label for consider_english_proficiency_code.,2001-2024,2001-2024; codes change in 2016 and 2022,institution × year,"category, text, or source-specific measure",IC2001-2013 or ADM2014-2024,ADMCON8,year-aware label for raw ADMCON code; see codes.csv,
Admissions,admissions,consider_other_tests,Year-specific readable label for consider_other_tests_code; available from 2005.,2001-2024,2005-2024; category code semantics vary,institution × year,"category, text, or source-specific measure",IC2001-2013 or ADM2014-2024,ADMCON9,year-aware label for raw ADMCON code; see codes.csv,
Admissions,admissions,consider_work_experience,Year-specific readable label for consider_work_experience_code; available from 2022.,2001-2024,2022-2024; required/optional/not considered codes,institution × year,"category, text, or source-specific measure",IC2001-2013 or ADM2014-2024,ADMCON10,year-aware label for raw ADMCON code; see codes.csv,
Admissions,admissions,consider_essay,Year-specific readable label for consider_essay_code; available from 2022.,2001-2024,2022-2024; required/optional/not considered codes,institution × year,"category, text, or source-specific measure",IC2001-2013 or ADM2014-2024,ADMCON11,year-aware label for raw ADMCON code; see codes.csv,
Admissions,admissions,consider_legacy,Year-specific readable label for consider_legacy_code; available from 2022.,2001-2024,2022-2024; required/optional/not considered codes,institution × year,"category, text, or source-specific measure",IC2001-2013 or ADM2014-2024,ADMCON12,year-aware label for raw ADMCON code; see codes.csv,
Enrollment,enrollment,id,"Institutional unique identifier ID; though UNITIDs can vary over time due to instutions splitting, this variable is generally consistent for an institution over time.",1984-2024,1984-2024; selected LINE codes change by year,institution × fall year × studentlevel,UNITID string,EF fall-enrollment A,UNITID,"source identifier, trimmed",
Enrollment,enrollment,year,Survey year.,1984-2024,1984-2024; selected LINE codes change by year,institution × fall year × studentlevel,year,EF fall-enrollment A,source file year,file/period year; see guide for period alignment,
Enrollment,enrollment,studentlevel,Level of student enrollment; either 'undergrad' (Undergraduate) or 'grad' (Graduate).,1984-2024,1984-2024; selected LINE codes change by year,institution × fall year × studentlevel,"category, text, or source-specific measure",EF fall-enrollment A,LINE,year-dependent row filter; FT and PT sums,
Enrollment,enrollment,totmen,Total number of men enrolled in the Fall; this includes both part-time and full-time enrollment.,1984-2024,1984-2024; selected LINE codes change by year,institution × fall year × studentlevel,people,EF fall-enrollment A,EFRACE15; EFTOTLM,source column (renamed),
Enrollment,enrollment,totwomen,Total number of women enrolled in the Fall; this includes both part-time and full-time enrollment.,1984-2024,1984-2024; selected LINE codes change by year,institution × fall year × studentlevel,people,EF fall-enrollment A,EFRACE16; EFTOTLW,source column (renamed),
Enrollment,enrollment,wtmen,Total number of non-Hispanic White men enrolled in the Fall; this includes both part-time and full-time enrollment.,1984-2024,varies by year; race categories and raw columns change,institution × fall year × studentlevel,people,EF fall-enrollment A,EFWHITM; EFRACE11,source column (renamed),
Enrollment,enrollment,wtwomen,Total number of non-Hispanic White women enrolled in the Fall; this includes both part-time and full-time enrollment.,1984-2024,varies by year; race categories and raw columns change,institution × fall year × studentlevel,people,EF fall-enrollment A,EFWHITW; EFRACE12,source column (renamed),
Enrollment,enrollment,bkmen,Total number of non-Hispanic Black men enrolled in the Fall; this includes both part-time and full-time enrollment.,1984-2024,varies by year; race categories and raw columns change,institution × fall year × studentlevel,people,EF fall-enrollment A,EFBKAAM; EFRACE03,source column (renamed),
Enrollment,enrollment,bkwomen,Total number of non-Hispanic Black women enrolled in the Fall; this includes both part-time and full-time enrollment.,1984-2024,varies by year; race categories and raw columns change,institution × fall year × studentlevel,people,EF fall-enrollment A,EFBKAAW; EFRACE04,source column (renamed),
Enrollment,enrollment,hspmen,Total number of Hispanic men (of any race) enrolled in the Fall; this includes both part-time and full-time enrollment.,1984-2024,varies by year; race categories and raw columns change,institution × fall year × studentlevel,people,EF fall-enrollment A,EFHISPM; EFRACE09,source column (renamed),
Enrollment,enrollment,hspwomen,Total number of Hispanic women (of any race) enrolled in the Fall; this includes both part-time and full-time enrollment.,1984-2024,varies by year; race categories and raw columns change,institution × fall year × studentlevel,people,EF fall-enrollment A,EFHISPW; EFRACE10,source column (renamed),
Enrollment,enrollment,asnmen,Total number of non-Hispanic Asian men enrolled in the Fall; this includes both part-time and full-time enrollment.,1984-2024,varies by year; race categories and raw columns change,institution × fall year × studentlevel,people,EF fall-enrollment A,EFASIAM; EFRACE07,source column (renamed),
Enrollment,enrollment,asnwomen,Total number of non-Hispanic Asian women enrolled in the Fall; this includes both part-time and full-time enrollment.,1984-2024,varies by year; race categories and raw columns change,institution × fall year × studentlevel,people,EF fall-enrollment A,EFASIAW; EFRACE08,source column (renamed),
Enrollment,enrollment,totmen_share,Male share of total enrollment; 'total' here is defined as the sum of male and female enrollment; this includes both part-time and full-time enrollment.,1984-2024,1984-2024; selected LINE codes change by year,institution × fall year × studentlevel,percent (0-100),EF fall-enrollment A,EFRACE15; EFRACE16; EFTOTLM; EFTOTLW,totmen / (totmen + totwomen) × 100,
Enrollment,enrollment,totwt_share,Non-Hispanic White share of total enrollment; 'total' here is defined as the sum of male and female enrollment; this includes both part-time and full-time enrollment.,1984-2024,varies by year; race categories and raw columns change,institution × fall year × studentlevel,percent (0-100),EF fall-enrollment A,EFRACE15; EFRACE16; EFTOTLM; EFTOTLW; EFWHITM; EFWHITW; EFRACE11; EFRACE12,(wtmen + wtwomen) / (totmen + totwomen) × 100,
Enrollment,enrollment,totbk_share,Non-Hispanic Black share of total enrollment; 'total' here is defined as the sum of male and female enrollment; this includes both part-time and full-time enrollment.,1984-2024,varies by year; race categories and raw columns change,institution × fall year × studentlevel,percent (0-100),EF fall-enrollment A,EFRACE15; EFRACE16; EFTOTLM; EFTOTLW; EFBKAAM; EFBKAAW; EFRACE03; EFRACE04,(bkmen + bkwomen) / (totmen + totwomen) × 100,
Enrollment,enrollment,tothsp_share,Hispanic share of total enrollment; 'total' here is defined as the sum of male and female enrollment; this includes both part-time and full-time enrollment.,1984-2024,varies by year; race categories and raw columns change,institution × fall year × studentlevel,percent (0-100),EF fall-enrollment A,EFRACE15; EFRACE16; EFTOTLM; EFTOTLW; EFHISPM; EFHISPW; EFRACE09; EFRACE10,(hspmen + hspwomen) / (totmen + totwomen) × 100,
Enrollment,enrollment,totasn_share,Non-Hispanic Asian share of total enrollment; 'total' here is defined as the sum of male and female enrollment; this includes both part-time and full-time enrollment.,1984-2024,varies by year; race categories and raw columns change,institution × fall year × studentlevel,percent (0-100),EF fall-enrollment A,EFRACE15; EFRACE16; EFTOTLM; EFTOTLW; EFASIAM; EFASIAW; EFRACE07; EFRACE08,(asnmen + asnwomen) / (totmen + totwomen) × 100,
DistanceEnrollment,distance_enrollment,id,Institutional UNITID identifier.,2012-2024,2012-2024; source EFDELEV totals and UG subsets overlap,institution × fall year × EFDELEV student_level (nested rows overlap),UNITID string,EF fall-enrollment A distance supplement,UNITID,"source identifier, trimmed",
DistanceEnrollment,distance_enrollment,year,Fall enrollment reporting year; students enrolled for credit at the official fall date or October 15.,2012-2024,2012-2024; source EFDELEV totals and UG subsets overlap,institution × fall year × EFDELEV student_level (nested rows overlap),year,EF fall-enrollment A distance supplement,source file year,file/period year; see guide for period alignment,
DistanceEnrollment,distance_enrollment,student_level,"EFDELEV category: total, undergrad, grad, degree_seeking UG, or non_degree UG; 'all' includes overlapping levels and total.",2012-2024,2012-2024; source EFDELEV totals and UG subsets overlap,institution × fall year × EFDELEV student_level (nested rows overlap),"category, text, or source-specific measure",EF fall-enrollment A distance supplement,EFDELEV,select total/UG/graduate or nested UG subgroup row,
DistanceEnrollment,distance_enrollment,source_level_code,"Original EFDELEV code; 1 all students, 2 UG, 3 UG degree/certificate-seeking, 11 UG non-degree, 12 graduate.",2012-2024,2012-2024; source EFDELEV totals and UG subsets overlap,institution × fall year × EFDELEV student_level (nested rows overlap),categorical source code,EF fall-enrollment A distance supplement,EFDELEV,trim and preserve original level code,
DistanceEnrollment,distance_enrollment,total_students,All students enrolled for credit in this source level (EFDETOT).,2012-2024,2012-2024; source EFDELEV totals and UG subsets overlap,institution × fall year × EFDELEV student_level (nested rows overlap),people,EF fall-enrollment A distance supplement,EFDETOT,source column (renamed),
DistanceEnrollment,distance_enrollment,exclusive_distance,Students taking exclusively distance education courses (EFDEEXC).,2012-2024,2012-2024; source EFDELEV totals and UG subsets overlap,institution × fall year × EFDELEV student_level (nested rows overlap),people,EF fall-enrollment A distance supplement,EFDEEXC,source column (renamed),
DistanceEnrollment,distance_enrollment,some_distance,Students taking at least one but not exclusively distance education courses (EFDESOM).,2012-2024,2012-2024; source EFDELEV totals and UG subsets overlap,institution × fall year × EFDELEV student_level (nested rows overlap),people,EF fall-enrollment A distance supplement,EFDESOM,source column (renamed),
DistanceEnrollment,distance_enrollment,no_distance,Students taking no distance education courses (EFDENON).,2012-2024,2012-2024; source EFDELEV totals and UG subsets overlap,institution × fall year × EFDELEV student_level (nested rows overlap),people,EF fall-enrollment A distance supplement,EFDENON,source column (renamed),
DistanceEnrollment,distance_enrollment,exclusive_same_state,Exclusively distance students located in institution's state/jurisdiction (EFDEEX1).,2012-2024,2012-2024; source EFDELEV totals and UG subsets overlap,institution × fall year × EFDELEV student_level (nested rows overlap),people,EF fall-enrollment A distance supplement,EFDEEX1,source column (renamed),
DistanceEnrollment,distance_enrollment,exclusive_other_us_state,Exclusively distance students located in another known U.S. state/jurisdiction (EFDEEX2).,2012-2024,2012-2024; source EFDELEV totals and UG subsets overlap,institution × fall year × EFDELEV student_level (nested rows overlap),people,EF fall-enrollment A distance supplement,EFDEEX2,source column (renamed),
DistanceEnrollment,distance_enrollment,exclusive_us_state_unknown,Exclusively distance students located in the U.S. but state/jurisdiction unknown (EFDEEX3).,2012-2024,2012-2024; source EFDELEV totals and UG subsets overlap,institution × fall year × EFDELEV student_level (nested rows overlap),people,EF fall-enrollment A distance supplement,EFDEEX3,source column (renamed),
DistanceEnrollment,distance_enrollment,exclusive_outside_us,Exclusively distance students located outside the U.S. (EFDEEX4).,2012-2024,2012-2024; source EFDELEV totals and UG subsets overlap,institution × fall year × EFDELEV student_level (nested rows overlap),people,EF fall-enrollment A distance supplement,EFDEEX4,source column (renamed),
DistanceEnrollment,distance_enrollment,exclusive_location_unknown,Exclusively distance students with location unknown/not reported (EFDEEX5).,2012-2024,2012-2024; source EFDELEV totals and UG subsets overlap,institution × fall year × EFDELEV student_level (nested rows overlap),people,EF fall-enrollment A distance supplement,EFDEEX5,source column (renamed),
DistanceEnrollment,distance_enrollment,exclusive_share,exclusive_distance / total_students times 100; zero/missing denominator produces missing.,2012-2024,2012-2024; source EFDELEV totals and UG subsets overlap,institution × fall year × EFDELEV student_level (nested rows overlap),percent (0-100),EF fall-enrollment A distance supplement,EFDEEXC; EFDETOT,exclusive_distance / total_students × 100; zero denominator -> NA,
DistanceEnrollment,distance_enrollment,some_share,some_distance / total_students times 100; zero/missing denominator produces missing.,2012-2024,2012-2024; source EFDELEV totals and UG subsets overlap,institution × fall year × EFDELEV student_level (nested rows overlap),percent (0-100),EF fall-enrollment A distance supplement,EFDESOM; EFDETOT,some_distance / total_students × 100; zero denominator -> NA,
DistanceEnrollment,distance_enrollment,no_distance_share,no_distance / total_students times 100; zero/missing denominator produces missing.,2012-2024,2012-2024; source EFDELEV totals and UG subsets overlap,institution × fall year × EFDELEV student_level (nested rows overlap),percent (0-100),EF fall-enrollment A distance supplement,EFDENON; EFDETOT,no_distance / total_students × 100; zero denominator -> NA,
DistanceEnrollment,distance_enrollment,total_students_status,NCES source reporting/imputation code for total_students (XEFDETOT).,2012-2024,2012-2024; source EFDELEV totals and UG subsets overlap,institution × fall year × EFDELEV student_level (nested rows overlap),NCES status code,EF fall-enrollment A distance supplement,XEFDETOT,NCES raw reporting/imputation flag; see year-specific dictionary,total_students
DistanceEnrollment,distance_enrollment,exclusive_distance_status,NCES source reporting/imputation code for exclusive_distance (XEFDEEXC).,2012-2024,2012-2024; source EFDELEV totals and UG subsets overlap,institution × fall year × EFDELEV student_level (nested rows overlap),NCES status code,EF fall-enrollment A distance supplement,XEFDEEXC,NCES raw reporting/imputation flag; see year-specific dictionary,exclusive_distance
DistanceEnrollment,distance_enrollment,some_distance_status,NCES source reporting/imputation code for some_distance (XEFDESOM).,2012-2024,2012-2024; source EFDELEV totals and UG subsets overlap,institution × fall year × EFDELEV student_level (nested rows overlap),NCES status code,EF fall-enrollment A distance supplement,XEFDESOM,NCES raw reporting/imputation flag; see year-specific dictionary,some_distance
DistanceEnrollment,distance_enrollment,no_distance_status,NCES source reporting/imputation code for no_distance (XEFDENON).,2012-2024,2012-2024; source EFDELEV totals and UG subsets overlap,institution × fall year × EFDELEV student_level (nested rows overlap),NCES status code,EF fall-enrollment A distance supplement,XEFDENON,NCES raw reporting/imputation flag; see year-specific dictionary,no_distance
DistanceEnrollment,distance_enrollment,exclusive_same_state_status,NCES source reporting/imputation code for exclusive_same_state (XEFDEEX1).,2012-2024,2012-2024; source EFDELEV totals and UG subsets overlap,institution × fall year × EFDELEV student_level (nested rows overlap),NCES status code,EF fall-enrollment A distance supplement,XEFDEEX1,NCES raw reporting/imputation flag; see year-specific dictionary,exclusive_same_state
DistanceEnrollment,distance_enrollment,exclusive_other_us_state_status,NCES source reporting/imputation code for exclusive_other_us_state (XEFDEEX2).,2012-2024,2012-2024; source EFDELEV totals and UG subsets overlap,institution × fall year × EFDELEV student_level (nested rows overlap),NCES status code,EF fall-enrollment A distance supplement,XEFDEEX2,NCES raw reporting/imputation flag; see year-specific dictionary,exclusive_other_us_state
DistanceEnrollment,distance_enrollment,exclusive_us_state_unknown_status,NCES source reporting/imputation code for exclusive_us_state_unknown (XEFDEEX3).,2012-2024,2012-2024; source EFDELEV totals and UG subsets overlap,institution × fall year × EFDELEV student_level (nested rows overlap),NCES status code,EF fall-enrollment A distance supplement,XEFDEEX3,NCES raw reporting/imputation flag; see year-specific dictionary,exclusive_us_state_unknown
DistanceEnrollment,distance_enrollment,exclusive_outside_us_status,NCES source reporting/imputation code for exclusive_outside_us (XEFDEEX4).,2012-2024,2012-2024; source EFDELEV totals and UG subsets overlap,institution × fall year × EFDELEV student_level (nested rows overlap),NCES status code,EF fall-enrollment A distance supplement,XEFDEEX4,NCES raw reporting/imputation flag; see year-specific dictionary,exclusive_outside_us
DistanceEnrollment,distance_enrollment,exclusive_location_unknown_status,NCES source reporting/imputation code for exclusive_location_unknown (XEFDEEX5).,2012-2024,2012-2024; source EFDELEV totals and UG subsets overlap,institution × fall year × EFDELEV student_level (nested rows overlap),NCES status code,EF fall-enrollment A distance supplement,XEFDEEX5,NCES raw reporting/imputation flag; see year-specific dictionary,exclusive_location_unknown
TwelveMonthEnrollment,twelve_month_enrollment,id,Institutional UNITID identifier.,2002-2025,2002-2025; original category definitions can change,institution × period-ending year × student_level,UNITID string,EFFY (12-month headcounts),UNITID,"source identifier, trimmed",
TwelveMonthEnrollment,twelve_month_enrollment,year,Ending year of the 12-month July-June reporting period; EFFY2025 covers July 2024-June 2025.,2002-2025,2002-2025; original category definitions can change,institution × period-ending year × student_level,year,EFFY (12-month headcounts),source file year,file/period year; see guide for period alignment,
TwelveMonthEnrollment,twelve_month_enrollment,period_start_year,Starting year of the July-June reporting period (year minus one).,2002-2025,2002-2025; original category definitions can change,institution × period-ending year × student_level,year,EFFY (12-month headcounts),year,year - 1,
TwelveMonthEnrollment,twelve_month_enrollment,student_level,"One of undergrad, grad, total, or first_professional (2002-2010). The total level overlaps the separate level rows.",2002-2025,2002-2019 LSTUDY; 2020-2025 EFFYALEV; first_professional only through 2010,institution × period-ending year × student_level,"category, text, or source-specific measure",EFFY (12-month headcounts),LSTUDY; EFFYALEV,selected non-overlapping source rows; coding switches in 2020,
TwelveMonthEnrollment,twelve_month_enrollment,source_level_code,Original LSTUDY level code through 2019 or EFFYALEV code from 2020; consult level_code_system.,2002-2025,2002-2019 LSTUDY; 2020-2025 EFFYALEV; first_professional only through 2010,institution × period-ending year × student_level,categorical source code,EFFY (12-month headcounts),LSTUDY; EFFYALEV,selected non-overlapping source rows; coding switches in 2020,
TwelveMonthEnrollment,twelve_month_enrollment,level_code_system,"lstudy through 2019 and effyalev from 2020. The expanded system also contains nested UG rows, which are not summed here.",2002-2025,2002-2019 LSTUDY; 2020-2025 EFFYALEV; first_professional only through 2010,institution × period-ending year × student_level,"category, text, or source-specific measure",EFFY (12-month headcounts),LSTUDY; EFFYALEV,selected non-overlapping source rows; coding switches in 2020,
TwelveMonthEnrollment,twelve_month_enrollment,total_students,"Unduplicated student headcount at the selected level (FYRACE24 through 2007, EFYTOTLT from 2008).",2002-2025,2002-2025; original category definitions can change,institution × period-ending year × student_level,people,EFFY (12-month headcounts),FYRACE24; EFYTOTLT,source column (renamed),
TwelveMonthEnrollment,twelve_month_enrollment,men,"Unduplicated headcount reported in the men's/male category (FYRACE15 through 2007, EFYTOTLM from 2008).",2002-2025,2002-2025; original category definitions can change,institution × period-ending year × student_level,people,EFFY (12-month headcounts),FYRACE15; EFYTOTLM,source column (renamed),
TwelveMonthEnrollment,twelve_month_enrollment,women,"Unduplicated headcount reported in the women's/female category (FYRACE16 through 2007, EFYTOTLW from 2008).",2002-2025,2002-2025; original category definitions can change,institution × period-ending year × student_level,people,EFFY (12-month headcounts),FYRACE16; EFYTOTLW,source column (renamed),
TwelveMonthEnrollment,twelve_month_enrollment,nonresident,"Nonresident students (FYRACE17 through 2007, EFYNRALT from 2008); category wording changes to U.S. Nonresident in 2025.",2002-2025,2002-2025; original category definitions can change,institution × period-ending year × student_level,people,EFFY (12-month headcounts),FYRACE17; EFYNRALT,source column (renamed),
TwelveMonthEnrollment,twelve_month_enrollment,black,"Black, non-Hispanic headcount (FYRACE18 through 2007, EFYBKAAT from 2008); consult each year's race definitions.",2002-2025,2002-2025; original category definitions can change,institution × period-ending year × student_level,people,EFFY (12-month headcounts),FYRACE18; EFYBKAAT,source column (renamed),
TwelveMonthEnrollment,twelve_month_enrollment,american_indian,"American Indian/Alaska Native headcount (FYRACE19 through 2007, EFYAIANT from 2008).",2002-2025,2002-2025; original category definitions can change,institution × period-ending year × student_level,people,EFFY (12-month headcounts),FYRACE19; EFYAIANT,source column (renamed),
TwelveMonthEnrollment,twelve_month_enrollment,asian_pacific,"Combined Asian/Pacific Islander headcount (FYRACE20), 2002-2007 only. Not additive with later separately reported Asian and Pacific Islander categories.",2002-2025,2002-2007 only,institution × period-ending year × student_level,people,EFFY (12-month headcounts),FYRACE20,source column (renamed),
TwelveMonthEnrollment,twelve_month_enrollment,hispanic,"Hispanic/Latino headcount (FYRACE21 through 2007, EFYHISPT from 2008).",2002-2025,2002-2025; original category definitions can change,institution × period-ending year × student_level,people,EFFY (12-month headcounts),FYRACE21; EFYHISPT,source column (renamed),
TwelveMonthEnrollment,twelve_month_enrollment,white,"White, non-Hispanic headcount (FYRACE22 through 2007, EFYWHITT from 2008).",2002-2025,2002-2025; original category definitions can change,institution × period-ending year × student_level,people,EFFY (12-month headcounts),FYRACE22; EFYWHITT,source column (renamed),
TwelveMonthEnrollment,twelve_month_enrollment,race_unknown,"Race/ethnicity unknown headcount (FYRACE23 through 2007, EFYUNKNT from 2008).",2002-2025,2002-2025; original category definitions can change,institution × period-ending year × student_level,people,EFFY (12-month headcounts),FYRACE23; EFYUNKNT,source column (renamed),
TwelveMonthEnrollment,twelve_month_enrollment,asian,"Asian headcount (EFYASIAT), reported separately from Native Hawaiian/Pacific Islander beginning 2008.",2002-2025,2008-2025; distinct categories,institution × period-ending year × student_level,people,EFFY (12-month headcounts),EFYASIAT,source column (renamed),
TwelveMonthEnrollment,twelve_month_enrollment,pacific_islander,"Native Hawaiian or other Pacific Islander headcount (EFYNHPIT), available from 2008.",2002-2025,2008-2025; distinct categories,institution × period-ending year × student_level,people,EFFY (12-month headcounts),EFYNHPIT,source column (renamed),
TwelveMonthEnrollment,twelve_month_enrollment,two_or_more,"Two or more races headcount (EFY2MORT), available from 2008.",2002-2025,2008-2025; distinct categories,institution × period-ending year × student_level,people,EFFY (12-month headcounts),EFY2MORT,source column (renamed),
TwelveMonthEnrollment,twelve_month_enrollment,total_students_status,NCES reporting/imputation status for total_students.,2002-2025,2002-2025; original category definitions can change,institution × period-ending year × student_level,NCES status code,EFFY (12-month headcounts),XFYRAC24; XEYTOTLT,NCES raw reporting/imputation flag; see year-specific dictionary,total_students
TwelveMonthEnrollment,twelve_month_enrollment,men_status,NCES reporting/imputation status for men.,2002-2025,2002-2025; original category definitions can change,institution × period-ending year × student_level,NCES status code,EFFY (12-month headcounts),XFYRAC15; XEYTOTLM,NCES raw reporting/imputation flag; see year-specific dictionary,men
TwelveMonthEnrollment,twelve_month_enrollment,women_status,NCES reporting/imputation status for women.,2002-2025,2002-2025; original category definitions can change,institution × period-ending year × student_level,NCES status code,EFFY (12-month headcounts),XFYRAC16; XEYTOTLW,NCES raw reporting/imputation flag; see year-specific dictionary,women
TwelveMonthEnrollment,twelve_month_enrollment,nonresident_status,NCES reporting/imputation status for nonresident.,2002-2025,2002-2025; original category definitions can change,institution × period-ending year × student_level,NCES status code,EFFY (12-month headcounts),XFYRAC17; XEYNRALT,NCES raw reporting/imputation flag; see year-specific dictionary,nonresident
TwelveMonthEnrollment,twelve_month_enrollment,black_status,NCES reporting/imputation status for black.,2002-2025,2002-2025; original category definitions can change,institution × period-ending year × student_level,NCES status code,EFFY (12-month headcounts),XFYRAC18; XEFYBKAT,NCES raw reporting/imputation flag; see year-specific dictionary,black
TwelveMonthEnrollment,twelve_month_enrollment,american_indian_status,NCES reporting/imputation status for american_indian.,2002-2025,2002-2025; original category definitions can change,institution × period-ending year × student_level,NCES status code,EFFY (12-month headcounts),XFYRAC19; XEFYAIAT,NCES raw reporting/imputation flag; see year-specific dictionary,american_indian
TwelveMonthEnrollment,twelve_month_enrollment,asian_pacific_status,NCES reporting/imputation status for asian_pacific; missing when the field does not exist.,2002-2025,2002-2007 only,institution × period-ending year × student_level,NCES status code,EFFY (12-month headcounts),XFYRAC20,NCES raw reporting/imputation flag; see year-specific dictionary,asian_pacific
TwelveMonthEnrollment,twelve_month_enrollment,hispanic_status,NCES reporting/imputation status for hispanic.,2002-2025,2002-2025; original category definitions can change,institution × period-ending year × student_level,NCES status code,EFFY (12-month headcounts),XFYRAC21; XEFYHIST,NCES raw reporting/imputation flag; see year-specific dictionary,hispanic
TwelveMonthEnrollment,twelve_month_enrollment,white_status,NCES reporting/imputation status for white.,2002-2025,2002-2025; original category definitions can change,institution × period-ending year × student_level,NCES status code,EFFY (12-month headcounts),XFYRAC22; XEFYWHIT,NCES raw reporting/imputation flag; see year-specific dictionary,white
TwelveMonthEnrollment,twelve_month_enrollment,race_unknown_status,NCES reporting/imputation status for race_unknown.,2002-2025,2002-2025; original category definitions can change,institution × period-ending year × student_level,NCES status code,EFFY (12-month headcounts),XFYRAC23; XEYUNKNT,NCES raw reporting/imputation flag; see year-specific dictionary,race_unknown
TwelveMonthEnrollment,twelve_month_enrollment,asian_status,NCES reporting/imputation status for asian; missing before the field exists.,2002-2025,2008-2025; distinct categories,institution × period-ending year × student_level,NCES status code,EFFY (12-month headcounts),XEFYASIT,NCES raw reporting/imputation flag; see year-specific dictionary,asian
TwelveMonthEnrollment,twelve_month_enrollment,pacific_islander_status,NCES reporting/imputation status for pacific_islander; missing before the field exists.,2002-2025,2008-2025; distinct categories,institution × period-ending year × student_level,NCES status code,EFFY (12-month headcounts),XEFYNHPT,NCES raw reporting/imputation flag; see year-specific dictionary,pacific_islander
TwelveMonthEnrollment,twelve_month_enrollment,two_or_more_status,NCES reporting/imputation status for two_or_more; missing before the field exists.,2002-2025,2008-2025; distinct categories,institution × period-ending year × student_level,NCES status code,EFFY (12-month headcounts),XEFY2MOT,NCES raw reporting/imputation flag; see year-specific dictionary,two_or_more
InstructionalActivity,instructional_activity,id,Institutional UNITID identifier.,2002-2025,2002-2025; academic/program applicability varies,institution × 12-month period-ending year,UNITID string,EFIA (12-month instructional activity and FTE),UNITID,"source identifier, trimmed",
InstructionalActivity,instructional_activity,year,Ending year of the July 1-June 30 instructional-activity reporting period; EFIA2025 covers 2024-25.,2002-2025,2002-2025; academic/program applicability varies,institution × 12-month period-ending year,year,EFIA (12-month instructional activity and FTE),source file year,file/period year; see guide for period alignment,
InstructionalActivity,instructional_activity,period_start_year,Starting year of the July-June reporting period (year minus one).,2002-2025,2002-2025; academic/program applicability varies,institution × 12-month period-ending year,year,EFIA (12-month instructional activity and FTE),year,year - 1,
InstructionalActivity,instructional_activity,hour_term,'contact' through EFIA2018 and 'clock' from EFIA2019; the CNACTUA source description changes terminology.,2002-2025,2002-2018 contact; 2019-2025 clock source wording,institution × 12-month period-ending year,"category, text, or source-specific measure",EFIA (12-month instructional activity and FTE),CNACTUA; source file year,contact through 2018; clock from 2019,
InstructionalActivity,instructional_activity,activity_type_code,"Raw ACTTYPE reporting category: 1 contact/clock, 2 credit, 3 both, -2 not applicable; present from 2004.",2002-2025,2004-2025; missing in 2002-2003,institution × 12-month period-ending year,categorical source code,EFIA (12-month instructional activity and FTE),ACTTYPE,raw activity type from 2004; -2 not applicable,
InstructionalActivity,instructional_activity,activity_type,Year-aware ACTTYPE label; no source ACTTYPE exists in 2002-03.,2002-2025,2004-2025; missing in 2002-2003,institution × 12-month period-ending year,"category, text, or source-specific measure",EFIA (12-month instructional activity and FTE),ACTTYPE,year-aware credit/contact/clock label,
InstructionalActivity,instructional_activity,ug_credit_hours,"Undergraduate credit-hour instructional activity (CDACTUA); credit hours summed over enrolled course-takers, not unique students.",2002-2025,2002-2025; academic/program applicability varies,institution × 12-month period-ending year,instructional credit/contact/clock hours (not unique students),EFIA (12-month instructional activity and FTE),CDACTUA,source column (renamed),
InstructionalActivity,instructional_activity,ug_contact_clock_hours,"Undergraduate occupational-program contact hours (through 2018) / clock hours (from 2019), CNACTUA; not credit hours.",2002-2025,2002-2018 contact; 2019-2025 clock source wording,institution × 12-month period-ending year,instructional credit/contact/clock hours (not unique students),EFIA (12-month instructional activity and FTE),CNACTUA,source column (renamed),
InstructionalActivity,instructional_activity,grad_credit_hours,Graduate credit-hour instructional activity (CDACTGA).,2002-2025,2002-2025; academic/program applicability varies,institution × 12-month period-ending year,instructional credit/contact/clock hours (not unique students),EFIA (12-month instructional activity and FTE),CDACTGA,source column (renamed),
InstructionalActivity,instructional_activity,ug_estimated_fte,"NCES-estimated undergraduate full-time equivalent from instructional activity (EFTEUG), available from 2004.",2002-2025,2004-2025; missing in 2002-2003,institution × 12-month period-ending year,full-time-equivalent students (estimated or reported),EFIA (12-month instructional activity and FTE),EFTEUG,source column (renamed),
InstructionalActivity,instructional_activity,grad_estimated_fte,"NCES-estimated graduate full-time equivalent (EFTEGD), available from 2004.",2002-2025,2004-2025; missing in 2002-2003,institution × 12-month period-ending year,full-time-equivalent students (estimated or reported),EFIA (12-month instructional activity and FTE),EFTEGD,source column (renamed),
InstructionalActivity,instructional_activity,ug_reported_fte,"Reported undergraduate FTE (FTEUG), available from 2004; when the institution did not supply FTE, NCES may set it equal to estimated FTE.",2002-2025,2004-2025; missing in 2002-2003,institution × 12-month period-ending year,full-time-equivalent students (estimated or reported),EFIA (12-month instructional activity and FTE),FTEUG,source column (renamed),
InstructionalActivity,instructional_activity,grad_reported_fte,"Reported graduate FTE (FTEGD), available from 2004; may fall back to NCES-estimated FTE.",2002-2025,2004-2025; missing in 2002-2003,institution × 12-month period-ending year,full-time-equivalent students (estimated or reported),EFIA (12-month instructional activity and FTE),FTEGD,source column (renamed),
InstructionalActivity,instructional_activity,professional_practice_reported_fte,"Separately reported doctoral professional-practice FTE (FTEDPP), available from 2012; do not automatically add to graduate FTE.",2002-2025,2012-2025; separately reported professional-practice FTE,institution × 12-month period-ending year,full-time-equivalent students (estimated or reported),EFIA (12-month instructional activity and FTE),FTEDPP,source column (renamed),
InstructionalActivity,instructional_activity,ug_credit_hours_status,NCES source reporting/imputation flag for CDACTUA (XCDACTUA).,2002-2025,2002-2025; academic/program applicability varies,institution × 12-month period-ending year,NCES status code,EFIA (12-month instructional activity and FTE),XCDACTUA,NCES raw reporting/imputation flag; see year-specific dictionary,ug_credit_hours
InstructionalActivity,instructional_activity,ug_contact_clock_hours_status,NCES source reporting/imputation flag for CNACTUA (XCNACTUA).,2002-2025,2002-2018 contact; 2019-2025 clock source wording,institution × 12-month period-ending year,NCES status code,EFIA (12-month instructional activity and FTE),XCNACTUA,NCES raw reporting/imputation flag; see year-specific dictionary,ug_contact_clock_hours
InstructionalActivity,instructional_activity,grad_credit_hours_status,NCES source reporting/imputation flag for CDACTGA (XCDACTGA).,2002-2025,2002-2025; academic/program applicability varies,institution × 12-month period-ending year,NCES status code,EFIA (12-month instructional activity and FTE),XCDACTGA,NCES raw reporting/imputation flag; see year-specific dictionary,grad_credit_hours
InstructionalActivity,instructional_activity,ug_estimated_fte_status,NCES source reporting/imputation flag for EFTEUG (XEFTEUG); missing before 2004.,2002-2025,2004-2025; missing in 2002-2003,institution × 12-month period-ending year,NCES status code,EFIA (12-month instructional activity and FTE),XEFTEUG,NCES raw reporting/imputation flag; see year-specific dictionary,ug_estimated_fte
InstructionalActivity,instructional_activity,grad_estimated_fte_status,NCES source reporting/imputation flag for EFTEGD (XEFTEGD); missing before 2004.,2002-2025,2004-2025; missing in 2002-2003,institution × 12-month period-ending year,NCES status code,EFIA (12-month instructional activity and FTE),XEFTEGD,NCES raw reporting/imputation flag; see year-specific dictionary,grad_estimated_fte
InstructionalActivity,instructional_activity,ug_reported_fte_status,NCES source reporting/imputation flag for FTEUG (XFTEUG); missing before 2004.,2002-2025,2004-2025; missing in 2002-2003,institution × 12-month period-ending year,NCES status code,EFIA (12-month instructional activity and FTE),XFTEUG,NCES raw reporting/imputation flag; see year-specific dictionary,ug_reported_fte
InstructionalActivity,instructional_activity,grad_reported_fte_status,NCES source reporting/imputation flag for FTEGD (XFTEGD); missing before 2004.,2002-2025,2004-2025; missing in 2002-2003,institution × 12-month period-ending year,NCES status code,EFIA (12-month instructional activity and FTE),XFTEGD,NCES raw reporting/imputation flag; see year-specific dictionary,grad_reported_fte
InstructionalActivity,instructional_activity,professional_practice_reported_fte_status,NCES source reporting/imputation flag for FTEDPP (XFTEDPP); missing before 2012.,2002-2025,2012-2025; separately reported professional-practice FTE,institution × 12-month period-ending year,NCES status code,EFIA (12-month instructional activity and FTE),XFTEDPP,NCES raw reporting/imputation flag; see year-specific dictionary,professional_practice_reported_fte
Retention,retention,id,Institutional UNITID identifier.,2003-2024,2003-2024,institution × retention fall year,UNITID string,EF fall-enrollment D,UNITID,"source identifier, trimmed",
Retention,retention,year,Fall reporting year in which retention is measured.,2003-2024,2003-2024,institution × retention fall year,year,EF fall-enrollment D,source file year,file/period year; see guide for period alignment,
Retention,retention,cohort_year,Fall entering-cohort year; one year before the retention reporting year.,2003-2024,2003-2024,institution × retention fall year,year,EF fall-enrollment D,year,year - 1,
Retention,retention,ft_cohort,Full-time first-time degree/certificate-seeking undergraduate cohort in the previous fall; available from 2007.,2003-2024,2007-2024,institution × retention fall year,people,EF fall-enrollment D,RRFTCT,source column (renamed),
Retention,retention,ft_exclusions,Permitted exclusions from the prior-fall full-time cohort; available from 2007.,2003-2024,2007-2024,institution × retention fall year,people,EF fall-enrollment D,RRFTEX,source column (renamed),
Retention,retention,ft_inclusions,Study-abroad students re-included in the full-time cohort; available from 2016.,2003-2024,2016-2024,institution × retention fall year,people,EF fall-enrollment D,RRFTIN,source column (renamed),
Retention,retention,ft_adjusted_cohort,"Prior-fall full-time cohort after exclusions and, from 2016, inclusions; available from 2007.",2003-2024,2007-2024,institution × retention fall year,people,EF fall-enrollment D,RRFTCTA,source column (renamed),
Retention,retention,ft_retained,Full-time entering-cohort students retained at the institution in the reporting fall (and qualifying early completers); available from 2007.,2003-2024,2007-2024,institution × retention fall year,people,EF fall-enrollment D,RET_NMF,source column (renamed),
Retention,retention,ft_retention_rate,"NCES-published first-year full-time entering-cohort retention rate, percent; available from 2003.",2003-2024,2003-2024,institution × retention fall year,percent (0-100),EF fall-enrollment D,RET_PCF,source column (renamed),
Retention,retention,pt_cohort,Part-time first-time degree/certificate-seeking undergraduate cohort in the previous fall; available from 2007.,2003-2024,2007-2024,institution × retention fall year,people,EF fall-enrollment D,RRPTCT,source column (renamed),
Retention,retention,pt_exclusions,Permitted exclusions from the prior-fall part-time cohort; available from 2007.,2003-2024,2007-2024,institution × retention fall year,people,EF fall-enrollment D,RRPTEX,source column (renamed),
Retention,retention,pt_inclusions,Study-abroad students re-included in the part-time cohort; available from 2016.,2003-2024,2016-2024,institution × retention fall year,people,EF fall-enrollment D,RRPTIN,source column (renamed),
Retention,retention,pt_adjusted_cohort,"Prior-fall part-time cohort after exclusions and, from 2016, inclusions; available from 2007.",2003-2024,2007-2024,institution × retention fall year,people,EF fall-enrollment D,RRPTCTA,source column (renamed),
Retention,retention,pt_retained,Part-time entering-cohort students retained at the institution in the reporting fall (and qualifying early completers); available from 2007.,2003-2024,2007-2024,institution × retention fall year,people,EF fall-enrollment D,RET_NMP,source column (renamed),
Retention,retention,pt_retention_rate,"NCES-published first-year part-time entering-cohort retention rate, percent; available from 2003.",2003-2024,2003-2024,institution × retention fall year,percent (0-100),EF fall-enrollment D,RET_PCP,source column (renamed),
Retention,retention,ft_cohort_status,NCES reporting/imputation status for ft_cohort; missing when the source field is unavailable.,2003-2024,2007-2024,institution × retention fall year,NCES status code,EF fall-enrollment D,XRRFTCT,NCES raw reporting/imputation flag; see year-specific dictionary,ft_cohort
Retention,retention,ft_exclusions_status,NCES reporting/imputation status for ft_exclusions; missing when the source field is unavailable.,2003-2024,2007-2024,institution × retention fall year,NCES status code,EF fall-enrollment D,XRRFTEX,NCES raw reporting/imputation flag; see year-specific dictionary,ft_exclusions
Retention,retention,ft_inclusions_status,NCES reporting/imputation status for ft_inclusions; missing when the source field is unavailable.,2003-2024,2016-2024,institution × retention fall year,NCES status code,EF fall-enrollment D,XRRFTIN,NCES raw reporting/imputation flag; see year-specific dictionary,ft_inclusions
Retention,retention,ft_adjusted_cohort_status,NCES reporting/imputation status for ft_adjusted_cohort; missing when the source field is unavailable.,2003-2024,2007-2024,institution × retention fall year,NCES status code,EF fall-enrollment D,XRRFTCTA,NCES raw reporting/imputation flag; see year-specific dictionary,ft_adjusted_cohort
Retention,retention,ft_retained_status,NCES reporting/imputation status for ft_retained; missing when the source field is unavailable.,2003-2024,2007-2024,institution × retention fall year,NCES status code,EF fall-enrollment D,XRET_NMF,NCES raw reporting/imputation flag; see year-specific dictionary,ft_retained
Retention,retention,ft_retention_rate_status,"NCES reporting/imputation status for ft_retention_rate; e.g., R reported, A not applicable, B blank, Z implied zero, or a correction/imputation code.",2003-2024,2003-2024,institution × retention fall year,NCES status code,EF fall-enrollment D,XRET_PCF,NCES raw reporting/imputation flag; see year-specific dictionary,ft_retention_rate
Retention,retention,pt_cohort_status,NCES reporting/imputation status for pt_cohort; missing when the source field is unavailable.,2003-2024,2007-2024,institution × retention fall year,NCES status code,EF fall-enrollment D,XRRPTCT,NCES raw reporting/imputation flag; see year-specific dictionary,pt_cohort
Retention,retention,pt_exclusions_status,NCES reporting/imputation status for pt_exclusions; missing when the source field is unavailable.,2003-2024,2007-2024,institution × retention fall year,NCES status code,EF fall-enrollment D,XRRPTEX,NCES raw reporting/imputation flag; see year-specific dictionary,pt_exclusions
Retention,retention,pt_inclusions_status,NCES reporting/imputation status for pt_inclusions; missing when the source field is unavailable.,2003-2024,2016-2024,institution × retention fall year,NCES status code,EF fall-enrollment D,XRRPTIN,NCES raw reporting/imputation flag; see year-specific dictionary,pt_inclusions
Retention,retention,pt_adjusted_cohort_status,NCES reporting/imputation status for pt_adjusted_cohort; missing when the source field is unavailable.,2003-2024,2007-2024,institution × retention fall year,NCES status code,EF fall-enrollment D,XRRPTCTA,NCES raw reporting/imputation flag; see year-specific dictionary,pt_adjusted_cohort
Retention,retention,pt_retained_status,NCES reporting/imputation status for pt_retained; missing when the source field is unavailable.,2003-2024,2007-2024,institution × retention fall year,NCES status code,EF fall-enrollment D,XRET_NMP,NCES raw reporting/imputation flag; see year-specific dictionary,pt_retained
Retention,retention,pt_retention_rate_status,"NCES reporting/imputation status for pt_retention_rate; e.g., R reported, A not applicable, B blank, Z implied zero, or a correction/imputation code.",2003-2024,2003-2024,institution × retention fall year,NCES status code,EF fall-enrollment D,XRET_PCP,NCES raw reporting/imputation flag; see year-specific dictionary,pt_retention_rate
Tuition,tuition,id,Institutional UNITID identifier.,2000-2024,2000-2024; reporter-specific columns are nullable,institution × price starting year × reporter,UNITID string,IC academic-year/program-year; COST1_2024,UNITID,"source identifier, trimmed",
Tuition,tuition,year,Starting year of the published academic or program price period (e.g. 2024 means 2024-25).,2000-2024,2000-2024; reporter-specific columns are nullable,institution × price starting year × reporter,year,IC academic-year/program-year; COST1_2024,source file year,file/period year; see guide for period alignment,
Tuition,tuition,reporter,Academic-year or program-year price reporter; values academic or program.,2000-2024,2000-2024; reporter-specific columns are nullable,institution × price starting year × reporter,"category, text, or source-specific measure",IC academic-year/program-year; COST1_2024,source AY/PY; CIPCODE1 (2024),reporter classification,
Tuition,tuition,largest_program_cip,CIP code of largest program at program-year reporters; not a standardized price for every program.,2000-2024,2000-2024; program-year reporters only,institution × price starting year × reporter,CIP code (string),IC academic-year/program-year; COST1_2024,CIPCODE1,CIP of largest program at program reporters,
Tuition,tuition,in_district_tuition,"Average in-district tuition for full-time undergraduates at academic-year reporters; dollars, excluding required fees (TUITION1).",2000-2024,2000-2024; academic-year reporters only,institution × price starting year × reporter,nominal dollars,IC academic-year/program-year; COST1_2024,TUITION1,source column (renamed),
Tuition,tuition,in_district_fees,Required in-district fees for full-time undergraduates; dollars (FEE1).,2000-2024,2000-2024; academic-year reporters only,institution × price starting year × reporter,nominal dollars,IC academic-year/program-year; COST1_2024,FEE1,source column (renamed),
Tuition,tuition,in_district_published_tuition_fees,Published in-district tuition plus required fees for full-time first-time undergraduates; dollars (CHG1AY3).,2000-2024,2000-2024; academic-year reporters only,institution × price starting year × reporter,nominal dollars,IC academic-year/program-year; COST1_2024,CHG1AY3,source column (renamed),
Tuition,tuition,in_state_tuition,"Average in-state tuition for full-time undergraduates at academic-year reporters; dollars, excluding required fees (TUITION2).",2000-2024,2000-2024; academic-year reporters only,institution × price starting year × reporter,nominal dollars,IC academic-year/program-year; COST1_2024,TUITION2,source column (renamed),
Tuition,tuition,in_state_fees,Required in-state fees for full-time undergraduates; dollars (FEE2).,2000-2024,2000-2024; academic-year reporters only,institution × price starting year × reporter,nominal dollars,IC academic-year/program-year; COST1_2024,FEE2,source column (renamed),
Tuition,tuition,in_state_published_tuition_fees,Published in-state tuition plus required fees for full-time first-time undergraduates; dollars (CHG2AY3).,2000-2024,2000-2024; academic-year reporters only,institution × price starting year × reporter,nominal dollars,IC academic-year/program-year; COST1_2024,CHG2AY3,source column (renamed),
Tuition,tuition,out_of_state_tuition,"Average out-of-state tuition for full-time undergraduates at academic-year reporters; dollars, excluding required fees (TUITION3).",2000-2024,2000-2024; academic-year reporters only,institution × price starting year × reporter,nominal dollars,IC academic-year/program-year; COST1_2024,TUITION3,source column (renamed),
Tuition,tuition,out_of_state_fees,Required out-of-state fees for full-time undergraduates; dollars (FEE3).,2000-2024,2000-2024; academic-year reporters only,institution × price starting year × reporter,nominal dollars,IC academic-year/program-year; COST1_2024,FEE3,source column (renamed),
Tuition,tuition,out_of_state_published_tuition_fees,Published out-of-state tuition plus required fees for full-time first-time undergraduates; dollars (CHG3AY3).,2000-2024,2000-2024; academic-year reporters only,institution × price starting year × reporter,nominal dollars,IC academic-year/program-year; COST1_2024,CHG3AY3,source column (renamed),
Tuition,tuition,program_published_tuition_fees,Published tuition plus required fees for the largest program for entering students at program-year reporters; dollars (CHG1PY3).,2000-2024,2000-2024; program-year reporters only,institution × price starting year × reporter,nominal dollars,IC academic-year/program-year; COST1_2024,CHG1PY3,source column (renamed),
Tuition,tuition,largest_program_tuition_fees_no_ftft,"Largest-program tuition plus required fees for institutions without full-time first-time undergraduates; dollars (CIPTUIT1), available from 2006.",2000-2024,2006-2024; program-year reporters only,institution × price starting year × reporter,nominal dollars,IC academic-year/program-year; COST1_2024,CIPTUIT1,source column (renamed),
Tuition,tuition,in_district_tuition_status,NCES reporting/imputation flag for in_district_tuition (XTUIT1).,2000-2024,2000-2024; academic-year reporters only,institution × price starting year × reporter,NCES status code,IC academic-year/program-year; COST1_2024,XTUIT1,NCES raw reporting/imputation flag; see year-specific dictionary,in_district_tuition
Tuition,tuition,in_district_fees_status,NCES reporting/imputation flag for in_district_fees (XFEE1).,2000-2024,2000-2024; academic-year reporters only,institution × price starting year × reporter,NCES status code,IC academic-year/program-year; COST1_2024,XFEE1,NCES raw reporting/imputation flag; see year-specific dictionary,in_district_fees
Tuition,tuition,in_district_published_tuition_fees_status,NCES reporting/imputation flag for in_district_published_tuition_fees (XCHG1AY3).,2000-2024,2000-2024; academic-year reporters only,institution × price starting year × reporter,NCES status code,IC academic-year/program-year; COST1_2024,XCHG1AY3,NCES raw reporting/imputation flag; see year-specific dictionary,in_district_published_tuition_fees
Tuition,tuition,in_state_tuition_status,NCES reporting/imputation flag for in_state_tuition (XTUIT2).,2000-2024,2000-2024; academic-year reporters only,institution × price starting year × reporter,NCES status code,IC academic-year/program-year; COST1_2024,XTUIT2,NCES raw reporting/imputation flag; see year-specific dictionary,in_state_tuition
Tuition,tuition,in_state_fees_status,NCES reporting/imputation flag for in_state_fees (XFEE2).,2000-2024,2000-2024; academic-year reporters only,institution × price starting year × reporter,NCES status code,IC academic-year/program-year; COST1_2024,XFEE2,NCES raw reporting/imputation flag; see year-specific dictionary,in_state_fees
Tuition,tuition,in_state_published_tuition_fees_status,NCES reporting/imputation flag for in_state_published_tuition_fees (XCHG2AY3).,2000-2024,2000-2024; academic-year reporters only,institution × price starting year × reporter,NCES status code,IC academic-year/program-year; COST1_2024,XCHG2AY3,NCES raw reporting/imputation flag; see year-specific dictionary,in_state_published_tuition_fees
Tuition,tuition,out_of_state_tuition_status,NCES reporting/imputation flag for out_of_state_tuition (XTUIT3).,2000-2024,2000-2024; academic-year reporters only,institution × price starting year × reporter,NCES status code,IC academic-year/program-year; COST1_2024,XTUIT3,NCES raw reporting/imputation flag; see year-specific dictionary,out_of_state_tuition
Tuition,tuition,out_of_state_fees_status,NCES reporting/imputation flag for out_of_state_fees (XFEE3).,2000-2024,2000-2024; academic-year reporters only,institution × price starting year × reporter,NCES status code,IC academic-year/program-year; COST1_2024,XFEE3,NCES raw reporting/imputation flag; see year-specific dictionary,out_of_state_fees
Tuition,tuition,out_of_state_published_tuition_fees_status,NCES reporting/imputation flag for out_of_state_published_tuition_fees (XCHG3AY3).,2000-2024,2000-2024; academic-year reporters only,institution × price starting year × reporter,NCES status code,IC academic-year/program-year; COST1_2024,XCHG3AY3,NCES raw reporting/imputation flag; see year-specific dictionary,out_of_state_published_tuition_fees
Tuition,tuition,program_published_tuition_fees_status,NCES reporting/imputation flag for program_published_tuition_fees (XCHG1PY3).,2000-2024,2000-2024; program-year reporters only,institution × price starting year × reporter,NCES status code,IC academic-year/program-year; COST1_2024,XCHG1PY3,NCES raw reporting/imputation flag; see year-specific dictionary,program_published_tuition_fees
Tuition,tuition,largest_program_tuition_fees_no_ftft_status,NCES reporting/imputation flag for largest_program_tuition_fees_no_ftft (XCIPTUI1).,2000-2024,2006-2024; program-year reporters only,institution × price starting year × reporter,NCES status code,IC academic-year/program-year; COST1_2024,XCIPTUI1,NCES raw reporting/imputation flag; see year-specific dictionary,largest_program_tuition_fees_no_ftft
StudentAid,student_aid,id,Institutional UNITID identifier.,2002-2024,2002-2024; academic/program denominators differ,institution × aid ending year × reporter,UNITID string,SFA; COST2_2024 for 2023-24 net price,UNITID,"source identifier, trimmed",
StudentAid,student_aid,year,"Ending year of the aid period; e.g. SFA2324 describes aid year 2023-24, so year is 2024.",2002-2024,2002-2024; academic/program denominators differ,institution × aid ending year × reporter,year,SFA; COST2_2024 for 2023-24 net price,source file year,file/period year; see guide for period alignment,
StudentAid,student_aid,aid_year_start,Starting year of the aid period (year minus one).,2002-2024,2002-2024; academic/program denominators differ,institution × aid ending year × reporter,year,SFA; COST2_2024 for 2023-24 net price,year,year - 1,
StudentAid,student_aid,reporter,Academic-year (fall cohort) or program-year (full-year cohort) aid reporting; academic or program.,2002-2024,2002-2024; academic/program denominators differ,institution × aid ending year × reporter,"category, text, or source-specific measure",SFA; COST2_2024 for 2023-24 net price,SCFA1N; SCFA2; SCFY1N; SCFY2,academic/program reporter classification,
StudentAid,student_aid,ftft_students,"Full-time first-time degree/certificate-seeking undergraduate financial-aid cohort; SCUGFFN from aid year 2007-08, otherwise SCFA1N (academic) or SCFY1N (program).",2002-2024,2002-2024; academic/program denominators differ,institution × aid ending year × reporter,people,SFA; COST2_2024 for 2023-24 net price,SCUGFFN; SCFA1N; SCFY1N,year/reporter-dependent source field,
StudentAid,student_aid,ftft_students_status,NCES reporting/imputation flag for the corresponding ftft_students source field.,2002-2024,2002-2024; academic/program denominators differ,institution × aid ending year × reporter,NCES status code,SFA; COST2_2024 for 2023-24 net price,XSCUGFFN; XSCFA1N; XSCFY1N,NCES raw reporting/imputation flag; see year-specific dictionary,ftft_students
StudentAid,student_aid,ug_students,"Total undergraduate financial-aid cohort; SCUGRAD from aid year 2007-08, otherwise SCFA2 (academic) or SCFY2 (program).",2002-2024,2002-2024; academic/program denominators differ,institution × aid ending year × reporter,people,SFA; COST2_2024 for 2023-24 net price,SCUGRAD; SCFA2; SCFY2,year/reporter-dependent source field,
StudentAid,student_aid,ug_students_status,NCES reporting/imputation flag for the corresponding ug_students source field.,2002-2024,2002-2024; academic/program denominators differ,institution × aid ending year × reporter,NCES status code,SFA; COST2_2024 for 2023-24 net price,XSCUGRAD; XSCFA2; XSCFY2,NCES raw reporting/imputation flag; see year-specific dictionary,ug_students
StudentAid,student_aid,ftft_net_price,"Average net price for in-state/in-district FTFT undergraduates receiving federal, state/local, or institutional grants; dollars, available for aid years 2008-09 through 2023-24 (NPIST2; 2023-24 from Cost II).",2002-2024,"2009-2024; 2009-2023 SFA, 2024 COST2_2024",institution × aid ending year × reporter,nominal dollars,SFA; COST2_2024 for 2023-24 net price,NPIST2,source column (renamed),
StudentAid,student_aid,ftft_net_price_status,NCES reporting/imputation flag for ftft_net_price (XNPIST2).,2002-2024,"2009-2024; 2009-2023 SFA, 2024 COST2_2024",institution × aid ending year × reporter,NCES status code,SFA; COST2_2024 for 2023-24 net price,XNPIST2,NCES raw reporting/imputation flag; see year-specific dictionary,ftft_net_price
StudentAid,student_aid,ftft_any_aid_count,FTFT students receiving/awarded any financial aid (ANYAIDN).,2002-2024,2002-2024; academic/program denominators differ,institution × aid ending year × reporter,people,SFA; COST2_2024 for 2023-24 net price,ANYAIDN,source column (renamed),
StudentAid,student_aid,ftft_any_aid_pct,NCES-published percentage of FTFT students receiving/awarded any financial aid (ANYAIDP).,2002-2024,2002-2024; academic/program denominators differ,institution × aid ending year × reporter,percent (0-100),SFA; COST2_2024 for 2023-24 net price,ANYAIDP,source column (renamed),
StudentAid,student_aid,ftft_federal_grant_count,FTFT recipients of federal grants (FGRNT_N).,2002-2024,2002-2024; academic/program denominators differ,institution × aid ending year × reporter,people,SFA; COST2_2024 for 2023-24 net price,FGRNT_N,source column (renamed),
StudentAid,student_aid,ftft_federal_grant_avg,Average federal grant dollars among FTFT federal-grant recipients (FGRNT_A).,2002-2024,2002-2024; academic/program denominators differ,institution × aid ending year × reporter,nominal dollars,SFA; COST2_2024 for 2023-24 net price,FGRNT_A,source column (renamed),
StudentAid,student_aid,ftft_federal_grant_total,Total federal grant dollars to FTFT recipients (FGRNT_T); available from aid year 2008-09.,2002-2024,2009-2024,institution × aid ending year × reporter,nominal dollars,SFA; COST2_2024 for 2023-24 net price,FGRNT_T,source column (renamed),
StudentAid,student_aid,ftft_state_local_grant_count,FTFT recipients of state/local grants (SGRNT_N).,2002-2024,2002-2024; academic/program denominators differ,institution × aid ending year × reporter,people,SFA; COST2_2024 for 2023-24 net price,SGRNT_N,source column (renamed),
StudentAid,student_aid,ftft_state_local_grant_avg,Average state/local grant dollars among FTFT recipients (SGRNT_A).,2002-2024,2002-2024; academic/program denominators differ,institution × aid ending year × reporter,nominal dollars,SFA; COST2_2024 for 2023-24 net price,SGRNT_A,source column (renamed),
StudentAid,student_aid,ftft_state_local_grant_total,Total state/local grant dollars to FTFT recipients (SGRNT_T); available from aid year 2008-09.,2002-2024,2009-2024,institution × aid ending year × reporter,nominal dollars,SFA; COST2_2024 for 2023-24 net price,SGRNT_T,source column (renamed),
StudentAid,student_aid,ftft_institutional_grant_count,FTFT recipients of institutional grants (IGRNT_N).,2002-2024,2002-2024; academic/program denominators differ,institution × aid ending year × reporter,people,SFA; COST2_2024 for 2023-24 net price,IGRNT_N,source column (renamed),
StudentAid,student_aid,ftft_institutional_grant_avg,Average institutional grant dollars among FTFT recipients (IGRNT_A).,2002-2024,2002-2024; academic/program denominators differ,institution × aid ending year × reporter,nominal dollars,SFA; COST2_2024 for 2023-24 net price,IGRNT_A,source column (renamed),
StudentAid,student_aid,ftft_institutional_grant_total,Total institutional grant dollars to FTFT recipients (IGRNT_T); available from aid year 2008-09.,2002-2024,2009-2024,institution × aid ending year × reporter,nominal dollars,SFA; COST2_2024 for 2023-24 net price,IGRNT_T,source column (renamed),
StudentAid,student_aid,ftft_student_loan_count,"FTFT recipients of student loans (LOAN_N), which may include nonfederal loans.",2002-2024,2002-2024; academic/program denominators differ,institution × aid ending year × reporter,people,SFA; COST2_2024 for 2023-24 net price,LOAN_N,source column (renamed),
StudentAid,student_aid,ftft_student_loan_avg,Average student-loan dollars among FTFT loan recipients (LOAN_A).,2002-2024,2002-2024; academic/program denominators differ,institution × aid ending year × reporter,nominal dollars,SFA; COST2_2024 for 2023-24 net price,LOAN_A,source column (renamed),
StudentAid,student_aid,ftft_student_loan_total,Total student-loan dollars to FTFT recipients (LOAN_T); available from aid year 2008-09.,2002-2024,2009-2024,institution × aid ending year × reporter,nominal dollars,SFA; COST2_2024 for 2023-24 net price,LOAN_T,source column (renamed),
StudentAid,student_aid,ftft_grant_count,"FTFT recipients of federal, state/local or institutional grants (AGRNT_N); available from aid year 2007-08.",2002-2024,2008-2024,institution × aid ending year × reporter,people,SFA; COST2_2024 for 2023-24 net price,AGRNT_N,source column (renamed),
StudentAid,student_aid,ftft_grant_avg,Average grant dollars among FTFT grant recipients (AGRNT_A); available from aid year 2007-08.,2002-2024,2008-2024,institution × aid ending year × reporter,nominal dollars,SFA; COST2_2024 for 2023-24 net price,AGRNT_A,source column (renamed),
StudentAid,student_aid,ftft_grant_total,Total grant dollars to FTFT recipients (AGRNT_T); available from aid year 2008-09.,2002-2024,2009-2024,institution × aid ending year × reporter,nominal dollars,SFA; COST2_2024 for 2023-24 net price,AGRNT_T,source column (renamed),
StudentAid,student_aid,ftft_pell_count,FTFT Pell Grant recipients (PGRNT_N); available from aid year 2007-08.,2002-2024,2008-2024,institution × aid ending year × reporter,people,SFA; COST2_2024 for 2023-24 net price,PGRNT_N,source column (renamed),
StudentAid,student_aid,ftft_pell_avg,Average Pell Grant dollars among FTFT Pell recipients (PGRNT_A); available from aid year 2007-08.,2002-2024,2008-2024,institution × aid ending year × reporter,nominal dollars,SFA; COST2_2024 for 2023-24 net price,PGRNT_A,source column (renamed),
StudentAid,student_aid,ftft_pell_total,Total Pell Grant dollars to FTFT recipients (PGRNT_T); available from aid year 2008-09.,2002-2024,2009-2024,institution × aid ending year × reporter,nominal dollars,SFA; COST2_2024 for 2023-24 net price,PGRNT_T,source column (renamed),
StudentAid,student_aid,ftft_federal_loan_count,FTFT recipients of federal student loans (FLOAN_N); available from aid year 2007-08.,2002-2024,2008-2024,institution × aid ending year × reporter,people,SFA; COST2_2024 for 2023-24 net price,FLOAN_N,source column (renamed),
StudentAid,student_aid,ftft_federal_loan_avg,Average federal loan dollars among FTFT federal-loan recipients (FLOAN_A); available from aid year 2007-08.,2002-2024,2008-2024,institution × aid ending year × reporter,nominal dollars,SFA; COST2_2024 for 2023-24 net price,FLOAN_A,source column (renamed),
StudentAid,student_aid,ftft_federal_loan_total,Total federal loan dollars to FTFT recipients (FLOAN_T); available from aid year 2008-09.,2002-2024,2009-2024,institution × aid ending year × reporter,nominal dollars,SFA; COST2_2024 for 2023-24 net price,FLOAN_T,source column (renamed),
StudentAid,student_aid,ug_grant_count,"All-undergraduate recipients of grants from federal, state/local, institutional or other sources (UAGRNTN); available from aid year 2008-09.",2002-2024,2009-2024,institution × aid ending year × reporter,people,SFA; COST2_2024 for 2023-24 net price,UAGRNTN,source column (renamed),
StudentAid,student_aid,ug_grant_avg,Average grant dollars among undergraduate grant recipients (UAGRNTA); available from aid year 2008-09.,2002-2024,2009-2024,institution × aid ending year × reporter,nominal dollars,SFA; COST2_2024 for 2023-24 net price,UAGRNTA,source column (renamed),
StudentAid,student_aid,ug_grant_total,Total grant dollars to undergraduate grant recipients (UAGRNTT); available from aid year 2008-09.,2002-2024,2009-2024,institution × aid ending year × reporter,nominal dollars,SFA; COST2_2024 for 2023-24 net price,UAGRNTT,source column (renamed),
StudentAid,student_aid,ug_pell_count,All-undergraduate Pell recipients (UPGRNTN); available from aid year 2008-09.,2002-2024,2009-2024,institution × aid ending year × reporter,people,SFA; COST2_2024 for 2023-24 net price,UPGRNTN,source column (renamed),
StudentAid,student_aid,ug_pell_avg,Average Pell Grant dollars among undergraduate Pell recipients (UPGRNTA); available from aid year 2008-09.,2002-2024,2009-2024,institution × aid ending year × reporter,nominal dollars,SFA; COST2_2024 for 2023-24 net price,UPGRNTA,source column (renamed),
StudentAid,student_aid,ug_pell_total,Total Pell Grant dollars to undergraduate Pell recipients (UPGRNTT); available from aid year 2008-09.,2002-2024,2009-2024,institution × aid ending year × reporter,nominal dollars,SFA; COST2_2024 for 2023-24 net price,UPGRNTT,source column (renamed),
StudentAid,student_aid,ug_federal_loan_count,All-undergraduate federal student-loan recipients (UFLOANN); available from aid year 2008-09.,2002-2024,2009-2024,institution × aid ending year × reporter,people,SFA; COST2_2024 for 2023-24 net price,UFLOANN,source column (renamed),
StudentAid,student_aid,ug_federal_loan_avg,Average federal-loan dollars among undergraduate federal-loan recipients (UFLOANA); available from aid year 2008-09.,2002-2024,2009-2024,institution × aid ending year × reporter,nominal dollars,SFA; COST2_2024 for 2023-24 net price,UFLOANA,source column (renamed),
StudentAid,student_aid,ug_federal_loan_total,Total federal-loan dollars to undergraduate federal-loan recipients (UFLOANT); available from aid year 2008-09.,2002-2024,2009-2024,institution × aid ending year × reporter,nominal dollars,SFA; COST2_2024 for 2023-24 net price,UFLOANT,source column (renamed),
StudentAid,student_aid,ftft_any_aid_count_status,NCES reporting/imputation status for ftft_any_aid_count.,2002-2024,2002-2024; academic/program denominators differ,institution × aid ending year × reporter,NCES status code,SFA; COST2_2024 for 2023-24 net price,XANYAIDN,NCES raw reporting/imputation flag; see year-specific dictionary,ftft_any_aid_count
StudentAid,student_aid,ftft_any_aid_pct_status,NCES reporting/imputation status for ftft_any_aid_pct.,2002-2024,2002-2024; academic/program denominators differ,institution × aid ending year × reporter,NCES status code,SFA; COST2_2024 for 2023-24 net price,XANYAIDP,NCES raw reporting/imputation flag; see year-specific dictionary,ftft_any_aid_pct
StudentAid,student_aid,ftft_federal_grant_count_status,NCES reporting/imputation status for ftft_federal_grant_count.,2002-2024,2002-2024; academic/program denominators differ,institution × aid ending year × reporter,NCES status code,SFA; COST2_2024 for 2023-24 net price,XFGRNT_N,NCES raw reporting/imputation flag; see year-specific dictionary,ftft_federal_grant_count
StudentAid,student_aid,ftft_federal_grant_avg_status,NCES reporting/imputation status for ftft_federal_grant_avg.,2002-2024,2002-2024; academic/program denominators differ,institution × aid ending year × reporter,NCES status code,SFA; COST2_2024 for 2023-24 net price,XFGRNT_A,NCES raw reporting/imputation flag; see year-specific dictionary,ftft_federal_grant_avg
StudentAid,student_aid,ftft_federal_grant_total_status,NCES reporting/imputation status for ftft_federal_grant_total.,2002-2024,2009-2024,institution × aid ending year × reporter,NCES status code,SFA; COST2_2024 for 2023-24 net price,XFGRNT_T,NCES raw reporting/imputation flag; see year-specific dictionary,ftft_federal_grant_total
StudentAid,student_aid,ftft_state_local_grant_count_status,NCES reporting/imputation status for ftft_state_local_grant_count.,2002-2024,2002-2024; academic/program denominators differ,institution × aid ending year × reporter,NCES status code,SFA; COST2_2024 for 2023-24 net price,XSGRNT_N,NCES raw reporting/imputation flag; see year-specific dictionary,ftft_state_local_grant_count
StudentAid,student_aid,ftft_state_local_grant_avg_status,NCES reporting/imputation status for ftft_state_local_grant_avg.,2002-2024,2002-2024; academic/program denominators differ,institution × aid ending year × reporter,NCES status code,SFA; COST2_2024 for 2023-24 net price,XSGRNT_A,NCES raw reporting/imputation flag; see year-specific dictionary,ftft_state_local_grant_avg
StudentAid,student_aid,ftft_state_local_grant_total_status,NCES reporting/imputation status for ftft_state_local_grant_total.,2002-2024,2009-2024,institution × aid ending year × reporter,NCES status code,SFA; COST2_2024 for 2023-24 net price,XSGRNT_T,NCES raw reporting/imputation flag; see year-specific dictionary,ftft_state_local_grant_total
StudentAid,student_aid,ftft_institutional_grant_count_status,NCES reporting/imputation status for ftft_institutional_grant_count.,2002-2024,2002-2024; academic/program denominators differ,institution × aid ending year × reporter,NCES status code,SFA; COST2_2024 for 2023-24 net price,XIGRNT_N,NCES raw reporting/imputation flag; see year-specific dictionary,ftft_institutional_grant_count
StudentAid,student_aid,ftft_institutional_grant_avg_status,NCES reporting/imputation status for ftft_institutional_grant_avg.,2002-2024,2002-2024; academic/program denominators differ,institution × aid ending year × reporter,NCES status code,SFA; COST2_2024 for 2023-24 net price,XIGRNT_A,NCES raw reporting/imputation flag; see year-specific dictionary,ftft_institutional_grant_avg
StudentAid,student_aid,ftft_institutional_grant_total_status,NCES reporting/imputation status for ftft_institutional_grant_total.,2002-2024,2009-2024,institution × aid ending year × reporter,NCES status code,SFA; COST2_2024 for 2023-24 net price,XIGRNT_T,NCES raw reporting/imputation flag; see year-specific dictionary,ftft_institutional_grant_total
StudentAid,student_aid,ftft_student_loan_count_status,NCES reporting/imputation status for ftft_student_loan_count.,2002-2024,2002-2024; academic/program denominators differ,institution × aid ending year × reporter,NCES status code,SFA; COST2_2024 for 2023-24 net price,XLOAN_N,NCES raw reporting/imputation flag; see year-specific dictionary,ftft_student_loan_count
StudentAid,student_aid,ftft_student_loan_avg_status,NCES reporting/imputation status for ftft_student_loan_avg.,2002-2024,2002-2024; academic/program denominators differ,institution × aid ending year × reporter,NCES status code,SFA; COST2_2024 for 2023-24 net price,XLOAN_A,NCES raw reporting/imputation flag; see year-specific dictionary,ftft_student_loan_avg
StudentAid,student_aid,ftft_student_loan_total_status,NCES reporting/imputation status for ftft_student_loan_total.,2002-2024,2009-2024,institution × aid ending year × reporter,NCES status code,SFA; COST2_2024 for 2023-24 net price,XLOAN_T,NCES raw reporting/imputation flag; see year-specific dictionary,ftft_student_loan_total
StudentAid,student_aid,ftft_grant_count_status,NCES reporting/imputation status for ftft_grant_count.,2002-2024,2008-2024,institution × aid ending year × reporter,NCES status code,SFA; COST2_2024 for 2023-24 net price,XAGRNT_N,NCES raw reporting/imputation flag; see year-specific dictionary,ftft_grant_count
StudentAid,student_aid,ftft_grant_avg_status,NCES reporting/imputation status for ftft_grant_avg.,2002-2024,2008-2024,institution × aid ending year × reporter,NCES status code,SFA; COST2_2024 for 2023-24 net price,XAGRNT_A,NCES raw reporting/imputation flag; see year-specific dictionary,ftft_grant_avg
StudentAid,student_aid,ftft_grant_total_status,NCES reporting/imputation status for ftft_grant_total.,2002-2024,2009-2024,institution × aid ending year × reporter,NCES status code,SFA; COST2_2024 for 2023-24 net price,XAGRNT_T,NCES raw reporting/imputation flag; see year-specific dictionary,ftft_grant_total
StudentAid,student_aid,ftft_pell_count_status,NCES reporting/imputation status for ftft_pell_count.,2002-2024,2008-2024,institution × aid ending year × reporter,NCES status code,SFA; COST2_2024 for 2023-24 net price,XPGRNT_N,NCES raw reporting/imputation flag; see year-specific dictionary,ftft_pell_count
StudentAid,student_aid,ftft_pell_avg_status,NCES reporting/imputation status for ftft_pell_avg.,2002-2024,2008-2024,institution × aid ending year × reporter,NCES status code,SFA; COST2_2024 for 2023-24 net price,XPGRNT_A,NCES raw reporting/imputation flag; see year-specific dictionary,ftft_pell_avg
StudentAid,student_aid,ftft_pell_total_status,NCES reporting/imputation status for ftft_pell_total.,2002-2024,2009-2024,institution × aid ending year × reporter,NCES status code,SFA; COST2_2024 for 2023-24 net price,XPGRNT_T,NCES raw reporting/imputation flag; see year-specific dictionary,ftft_pell_total
StudentAid,student_aid,ftft_federal_loan_count_status,NCES reporting/imputation status for ftft_federal_loan_count.,2002-2024,2008-2024,institution × aid ending year × reporter,NCES status code,SFA; COST2_2024 for 2023-24 net price,XFLOAN_N,NCES raw reporting/imputation flag; see year-specific dictionary,ftft_federal_loan_count
StudentAid,student_aid,ftft_federal_loan_avg_status,NCES reporting/imputation status for ftft_federal_loan_avg.,2002-2024,2008-2024,institution × aid ending year × reporter,NCES status code,SFA; COST2_2024 for 2023-24 net price,XFLOAN_A,NCES raw reporting/imputation flag; see year-specific dictionary,ftft_federal_loan_avg
StudentAid,student_aid,ftft_federal_loan_total_status,NCES reporting/imputation status for ftft_federal_loan_total.,2002-2024,2009-2024,institution × aid ending year × reporter,NCES status code,SFA; COST2_2024 for 2023-24 net price,XFLOAN_T,NCES raw reporting/imputation flag; see year-specific dictionary,ftft_federal_loan_total
StudentAid,student_aid,ug_grant_count_status,NCES reporting/imputation status for ug_grant_count.,2002-2024,2009-2024,institution × aid ending year × reporter,NCES status code,SFA; COST2_2024 for 2023-24 net price,XUAGRNTN,NCES raw reporting/imputation flag; see year-specific dictionary,ug_grant_count
StudentAid,student_aid,ug_grant_avg_status,NCES reporting/imputation status for ug_grant_avg.,2002-2024,2009-2024,institution × aid ending year × reporter,NCES status code,SFA; COST2_2024 for 2023-24 net price,XUAGRNTA,NCES raw reporting/imputation flag; see year-specific dictionary,ug_grant_avg
StudentAid,student_aid,ug_grant_total_status,NCES reporting/imputation status for ug_grant_total.,2002-2024,2009-2024,institution × aid ending year × reporter,NCES status code,SFA; COST2_2024 for 2023-24 net price,XUAGRNTT,NCES raw reporting/imputation flag; see year-specific dictionary,ug_grant_total
StudentAid,student_aid,ug_pell_count_status,NCES reporting/imputation status for ug_pell_count.,2002-2024,2009-2024,institution × aid ending year × reporter,NCES status code,SFA; COST2_2024 for 2023-24 net price,XUPGRNTN,NCES raw reporting/imputation flag; see year-specific dictionary,ug_pell_count
StudentAid,student_aid,ug_pell_avg_status,NCES reporting/imputation status for ug_pell_avg.,2002-2024,2009-2024,institution × aid ending year × reporter,NCES status code,SFA; COST2_2024 for 2023-24 net price,XUPGRNTA,NCES raw reporting/imputation flag; see year-specific dictionary,ug_pell_avg
StudentAid,student_aid,ug_pell_total_status,NCES reporting/imputation status for ug_pell_total.,2002-2024,2009-2024,institution × aid ending year × reporter,NCES status code,SFA; COST2_2024 for 2023-24 net price,XUPGRNTT,NCES raw reporting/imputation flag; see year-specific dictionary,ug_pell_total
StudentAid,student_aid,ug_federal_loan_count_status,NCES reporting/imputation status for ug_federal_loan_count.,2002-2024,2009-2024,institution × aid ending year × reporter,NCES status code,SFA; COST2_2024 for 2023-24 net price,XUFLOANN,NCES raw reporting/imputation flag; see year-specific dictionary,ug_federal_loan_count
StudentAid,student_aid,ug_federal_loan_avg_status,NCES reporting/imputation status for ug_federal_loan_avg.,2002-2024,2009-2024,institution × aid ending year × reporter,NCES status code,SFA; COST2_2024 for 2023-24 net price,XUFLOANA,NCES raw reporting/imputation flag; see year-specific dictionary,ug_federal_loan_avg
StudentAid,student_aid,ug_federal_loan_total_status,NCES reporting/imputation status for ug_federal_loan_total.,2002-2024,2009-2024,institution × aid ending year × reporter,NCES status code,SFA; COST2_2024 for 2023-24 net price,XUFLOANT,NCES raw reporting/imputation flag; see year-specific dictionary,ug_federal_loan_total
VeteransAid,veterans_aid,id,Institutional UNITID identifier.,2014-2024,"2014-2024; participation, institution knowledge and applicability vary",institution × aid ending year,UNITID string,SFAV,UNITID,"source identifier, trimmed",
VeteransAid,veterans_aid,year,Ending year of the benefit period (2014 means 2013-14).,2014-2024,"2014-2024; participation, institution knowledge and applicability vary",institution × aid ending year,year,SFAV,source file year,file/period year; see guide for period alignment,
VeteransAid,veterans_aid,aid_year_start,Starting year of the benefit period (year minus one).,2014-2024,"2014-2024; participation, institution knowledge and applicability vary",institution × aid ending year,year,SFAV,year,year - 1,
VeteransAid,veterans_aid,ug_post911_count,Undergraduate Post-9/11 GI Bill recipients (UGPO9_N).,2014-2024,"2014-2024; participation, institution knowledge and applicability vary",institution × aid ending year,people,SFAV,UGPO9_N,source column (renamed),
VeteransAid,veterans_aid,ug_post911_total,Post-9/11 GI Bill dollars awarded to undergraduates (UGPO9_T).,2014-2024,"2014-2024; participation, institution knowledge and applicability vary",institution × aid ending year,nominal dollars,SFAV,UGPO9_T,source column (renamed),
VeteransAid,veterans_aid,ug_post911_avg,Average Post-9/11 GI Bill dollars per undergraduate recipient (UGPO9_A).,2014-2024,"2014-2024; participation, institution knowledge and applicability vary",institution × aid ending year,nominal dollars,SFAV,UGPO9_A,source column (renamed),
VeteransAid,veterans_aid,grad_post911_count,Graduate Post-9/11 GI Bill recipients (GPO9_N).,2014-2024,"2014-2024; participation, institution knowledge and applicability vary",institution × aid ending year,people,SFAV,GPO9_N,source column (renamed),
VeteransAid,veterans_aid,grad_post911_total,Post-9/11 GI Bill dollars awarded to graduate students (GPO9_T).,2014-2024,"2014-2024; participation, institution knowledge and applicability vary",institution × aid ending year,nominal dollars,SFAV,GPO9_T,source column (renamed),
VeteransAid,veterans_aid,grad_post911_avg,Average Post-9/11 GI Bill dollars per graduate recipient (GPO9_A).,2014-2024,"2014-2024; participation, institution knowledge and applicability vary",institution × aid ending year,nominal dollars,SFAV,GPO9_A,source column (renamed),
VeteransAid,veterans_aid,ug_dod_count,Undergraduate DoD Tuition Assistance recipients (UGDOD_N).,2014-2024,"2014-2024; participation, institution knowledge and applicability vary",institution × aid ending year,people,SFAV,UGDOD_N,source column (renamed),
VeteransAid,veterans_aid,ug_dod_total,DoD Tuition Assistance dollars awarded to undergraduates (UGDOD_T).,2014-2024,"2014-2024; participation, institution knowledge and applicability vary",institution × aid ending year,nominal dollars,SFAV,UGDOD_T,source column (renamed),
VeteransAid,veterans_aid,ug_dod_avg,Average DoD Tuition Assistance dollars per undergraduate recipient (UGDOD_A).,2014-2024,"2014-2024; participation, institution knowledge and applicability vary",institution × aid ending year,nominal dollars,SFAV,UGDOD_A,source column (renamed),
VeteransAid,veterans_aid,grad_dod_count,Graduate DoD Tuition Assistance recipients (GDOD_N).,2014-2024,"2014-2024; participation, institution knowledge and applicability vary",institution × aid ending year,people,SFAV,GDOD_N,source column (renamed),
VeteransAid,veterans_aid,grad_dod_total,DoD Tuition Assistance dollars awarded to graduate students (GDOD_T).,2014-2024,"2014-2024; participation, institution knowledge and applicability vary",institution × aid ending year,nominal dollars,SFAV,GDOD_T,source column (renamed),
VeteransAid,veterans_aid,grad_dod_avg,Average DoD Tuition Assistance dollars per graduate recipient (GDOD_A).,2014-2024,"2014-2024; participation, institution knowledge and applicability vary",institution × aid ending year,nominal dollars,SFAV,GDOD_A,source column (renamed),
VeteransAid,veterans_aid,ug_post911_count_status,NCES reporting/imputation flag for ug_post911_count.,2014-2024,"2014-2024; participation, institution knowledge and applicability vary",institution × aid ending year,NCES status code,SFAV,XUGPO9_N,NCES raw reporting/imputation flag; see year-specific dictionary,ug_post911_count
VeteransAid,veterans_aid,ug_post911_total_status,NCES reporting/imputation flag for ug_post911_total.,2014-2024,"2014-2024; participation, institution knowledge and applicability vary",institution × aid ending year,NCES status code,SFAV,XUGPO9_T,NCES raw reporting/imputation flag; see year-specific dictionary,ug_post911_total
VeteransAid,veterans_aid,ug_post911_avg_status,NCES reporting/imputation flag for ug_post911_avg.,2014-2024,"2014-2024; participation, institution knowledge and applicability vary",institution × aid ending year,NCES status code,SFAV,XUGPO9_A,NCES raw reporting/imputation flag; see year-specific dictionary,ug_post911_avg
VeteransAid,veterans_aid,grad_post911_count_status,NCES reporting/imputation flag for grad_post911_count.,2014-2024,"2014-2024; participation, institution knowledge and applicability vary",institution × aid ending year,NCES status code,SFAV,XGPO9_N,NCES raw reporting/imputation flag; see year-specific dictionary,grad_post911_count
VeteransAid,veterans_aid,grad_post911_total_status,NCES reporting/imputation flag for grad_post911_total.,2014-2024,"2014-2024; participation, institution knowledge and applicability vary",institution × aid ending year,NCES status code,SFAV,XGPO9_T,NCES raw reporting/imputation flag; see year-specific dictionary,grad_post911_total
VeteransAid,veterans_aid,grad_post911_avg_status,NCES reporting/imputation flag for grad_post911_avg.,2014-2024,"2014-2024; participation, institution knowledge and applicability vary",institution × aid ending year,NCES status code,SFAV,XGPO9_A,NCES raw reporting/imputation flag; see year-specific dictionary,grad_post911_avg
VeteransAid,veterans_aid,ug_dod_count_status,NCES reporting/imputation flag for ug_dod_count.,2014-2024,"2014-2024; participation, institution knowledge and applicability vary",institution × aid ending year,NCES status code,SFAV,XUGDOD_N,NCES raw reporting/imputation flag; see year-specific dictionary,ug_dod_count
VeteransAid,veterans_aid,ug_dod_total_status,NCES reporting/imputation flag for ug_dod_total.,2014-2024,"2014-2024; participation, institution knowledge and applicability vary",institution × aid ending year,NCES status code,SFAV,XUGDOD_T,NCES raw reporting/imputation flag; see year-specific dictionary,ug_dod_total
VeteransAid,veterans_aid,ug_dod_avg_status,NCES reporting/imputation flag for ug_dod_avg.,2014-2024,"2014-2024; participation, institution knowledge and applicability vary",institution × aid ending year,NCES status code,SFAV,XUGDOD_A,NCES raw reporting/imputation flag; see year-specific dictionary,ug_dod_avg
VeteransAid,veterans_aid,grad_dod_count_status,NCES reporting/imputation flag for grad_dod_count.,2014-2024,"2014-2024; participation, institution knowledge and applicability vary",institution × aid ending year,NCES status code,SFAV,XGDOD_N,NCES raw reporting/imputation flag; see year-specific dictionary,grad_dod_count
VeteransAid,veterans_aid,grad_dod_total_status,NCES reporting/imputation flag for grad_dod_total.,2014-2024,"2014-2024; participation, institution knowledge and applicability vary",institution × aid ending year,NCES status code,SFAV,XGDOD_T,NCES raw reporting/imputation flag; see year-specific dictionary,grad_dod_total
VeteransAid,veterans_aid,grad_dod_avg_status,NCES reporting/imputation flag for grad_dod_avg.,2014-2024,"2014-2024; participation, institution knowledge and applicability vary",institution × aid ending year,NCES status code,SFAV,XGDOD_A,NCES raw reporting/imputation flag; see year-specific dictionary,grad_dod_avg
Completion,completion,id,"Institutional unique identifier ID; though UNITIDs can vary over time due to instutions splitting, this variable is generally consistent for an institution over time.",1984-2025,1984-2025; some award and CIP definitions change,institution × award ending year × CIP × selected deglevel/major,UNITID string,Completions A (awards by CIP),UNITID,"source identifier, trimmed",
Completion,completion,year,Ending year of the July 1-June 30 award reporting period; e.g. C2025_A covers July 2024-June 2025. This is not a tracked graduation cohort.,1984-2025,1984-2025; some award and CIP definitions change,institution × award ending year × CIP × selected deglevel/major,year,Completions A (awards by CIP),source file year,file/period year; see guide for period alignment,
Completion,completion,cip,CIP (Classification of Instructional Programs) code for a subject in a given year.,1984-2025,1984-2025; some award and CIP definitions change,institution × award ending year × CIP × selected deglevel/major,CIP code (string),Completions A (awards by CIP),CIPCODE,source column (renamed),
Completion,completion,totmen,Number of awards reported for men in this CIP and selected degree/major category; not a count of distinct people.,1984-2025,1984-2025; some award and CIP definitions change,institution × award ending year × CIP × selected deglevel/major,awards by CIP (not unique people),Completions A (awards by CIP),CRACE15; CTOTALM,source column (renamed),
Completion,completion,totwomen,Number of awards reported for women in this CIP and selected degree/major category; not a count of distinct people.,1984-2025,1984-2025; some award and CIP definitions change,institution × award ending year × CIP × selected deglevel/major,awards by CIP (not unique people),Completions A (awards by CIP),CRACE16; CTOTALW,source column (renamed),
Completion,completion,wtmen,Awards reported for non-Hispanic White men in the selected CIP and award level.,1984-2025,1995-2025; older race categories/columns differ,institution × award ending year × CIP × selected deglevel/major,awards by CIP (not unique people),Completions A (awards by CIP),CWHITM; CRACE11,source column (renamed),
Completion,completion,wtwomen,Awards reported for non-Hispanic White women in the selected CIP and award level.,1984-2025,1995-2025; older race categories/columns differ,institution × award ending year × CIP × selected deglevel/major,awards by CIP (not unique people),Completions A (awards by CIP),CWHITW; CRACE12,source column (renamed),
Completion,completion,bkmen,Awards reported for non-Hispanic Black men in the selected CIP and award level.,1984-2025,1995-2025; older race categories/columns differ,institution × award ending year × CIP × selected deglevel/major,awards by CIP (not unique people),Completions A (awards by CIP),CBKAAM; CRACE03,source column (renamed),
Completion,completion,bkwomen,Awards reported for non-Hispanic Black women in the selected CIP and award level.,1984-2025,1995-2025; older race categories/columns differ,institution × award ending year × CIP × selected deglevel/major,awards by CIP (not unique people),Completions A (awards by CIP),CBKAAW; CRACE04,source column (renamed),
Completion,completion,hspmen,Awards reported for Hispanic men in the selected CIP and award level.,1984-2025,1995-2025; older race categories/columns differ,institution × award ending year × CIP × selected deglevel/major,awards by CIP (not unique people),Completions A (awards by CIP),CHISPM; CRACE09,source column (renamed),
Completion,completion,hspwomen,Awards reported for Hispanic women in the selected CIP and award level.,1984-2025,1995-2025; older race categories/columns differ,institution × award ending year × CIP × selected deglevel/major,awards by CIP (not unique people),Completions A (awards by CIP),CHISPW; CRACE10,source column (renamed),
Completion,completion,asnmen,Awards reported for non-Hispanic Asian men in the selected CIP and award level.,1984-2025,1995-2025; older race categories/columns differ,institution × award ending year × CIP × selected deglevel/major,awards by CIP (not unique people),Completions A (awards by CIP),CASIAM; CRACE07,source column (renamed),
Completion,completion,asnwomen,Awards reported for non-Hispanic Asian women in the selected CIP and award level.,1984-2025,1995-2025; older race categories/columns differ,institution × award ending year × CIP × selected deglevel/major,awards by CIP (not unique people),Completions A (awards by CIP),CASIAW; CRACE08,source column (renamed),
Completion,completion,totwt_share,Non-Hispanic White share of reported awards within this CIP and selected level/major category.,1984-2025,1995-2025; older race categories/columns differ,institution × award ending year × CIP × selected deglevel/major,percent (0-100),Completions A (awards by CIP),CRACE15; CRACE16; CTOTALM; CTOTALW; CWHITM; CWHITW; CRACE11; CRACE12,(wtmen + wtwomen) / (totmen + totwomen) × 100,
Completion,completion,totbk_share,Non-Hispanic Black share of reported awards within this CIP and selected level/major category.,1984-2025,1995-2025; older race categories/columns differ,institution × award ending year × CIP × selected deglevel/major,percent (0-100),Completions A (awards by CIP),CRACE15; CRACE16; CTOTALM; CTOTALW; CBKAAM; CBKAAW; CRACE03; CRACE04,(bkmen + bkwomen) / (totmen + totwomen) × 100,
Completion,completion,tothsp_share,Hispanic share of reported awards within this CIP and selected level/major category.,1984-2025,1995-2025; older race categories/columns differ,institution × award ending year × CIP × selected deglevel/major,percent (0-100),Completions A (awards by CIP),CRACE15; CRACE16; CTOTALM; CTOTALW; CHISPM; CHISPW; CRACE09; CRACE10,(hspmen + hspwomen) / (totmen + totwomen) × 100,
Completion,completion,totasn_share,Non-Hispanic Asian share of reported awards within this CIP and selected level/major category.,1984-2025,1995-2025; older race categories/columns differ,institution × award ending year × CIP × selected deglevel/major,percent (0-100),Completions A (awards by CIP),CRACE15; CRACE16; CTOTALM; CTOTALW; CASIAM; CASIAW; CRACE07; CRACE08,(asnmen + asnwomen) / (totmen + totwomen) × 100,
Completion,completion,totmen_share,Men's share of reported awards within this CIP and selected level/major category.,1984-2025,1984-2025; some award and CIP definitions change,institution × award ending year × CIP × selected deglevel/major,percent (0-100),Completions A (awards by CIP),CRACE15; CRACE16; CTOTALM; CTOTALW,totmen / (totmen + totwomen) × 100,
Completion,completion,major_type,"'first' or 'second' when selected (2001+), 'both' when combined (2001+), or 'unspecified' for 1984-2000, when MAJORNUM was not recorded.",1984-2025,1984-2000 unspecified; MAJORNUM first/second from 2001-2025,institution × award ending year × CIP × selected deglevel/major,"category, text, or source-specific measure",Completions A (awards by CIP),MAJORNUM,"first=1, second=2 from 2001; earlier unspecified",
Completion,completion,deglevel,"Degree level of completers; options include 'assc' (Associate's), 'bach' (Bachelor's), 'mast' (Master's), and 'doct' (Doctoral).",1984-2025,1984-2025; some award and CIP definitions change,institution × award ending year × CIP × selected deglevel/major,"category, text, or source-specific measure",Completions A (awards by CIP),AWLEVEL,award-level filter; doctoral code rule changes in 2010,
Completers,completers,id,Institutional UNITID identifier.,2012-2025,2012-2025 B/C; population differs by table,institution × award ending year (B) OR × award_level_code (C),UNITID string,Completions B (all awards) or C (award level),UNITID,"source identifier, trimmed",
Completers,completers,year,Ending year of the July-June completion period (C2025_B is July 2024-June 2025).,2012-2025,2012-2025 B/C; population differs by table,institution × award ending year (B) OR × award_level_code (C),year,Completions B (all awards) or C (award level),source file year,file/period year; see guide for period alignment,
Completers,completers,period_start_year,Starting year of the July-June completion reporting period.,2012-2025,2012-2025 B/C; population differs by table,institution × award ending year (B) OR × award_level_code (C),year,Completions B (all awards) or C (award level),year,year - 1,
Completers,completers,source_table,B for institution-wide unduplicated completers; C for distinct completers within each award level.,2012-2025,2012-2025 B/C; population differs by table,institution × award ending year (B) OR × award_level_code (C),"category, text, or source-specific measure",Completions B (all awards) or C (award level),C*_B; C*_C,"B all unique people, C unique within level",
Completers,completers,award_level,'all_awards' for B or named associate/bachelor/master/doctoral/certificate category for C.,2012-2025,2012-2025 C only for codes; B is all_awards,institution × award ending year (B) OR × award_level_code (C),"category, text, or source-specific measure",Completions B (all awards) or C (award level),AWLEVELC,year-specific award-level labels; B=all_awards,
Completers,completers,award_level_code,Normalized C AWLEVELC code without leading zeroes; missing for B.,2012-2025,2012-2025 C only for codes; B is all_awards,institution × award ending year (B) OR × award_level_code (C),categorical source code,Completions B (all awards) or C (award level),AWLEVELC,strip leading zeroes on C; unavailable in B,
Completers,completers,source_award_code,"Original C AWLEVELC text, including any leading zeroes; missing for B.",2012-2025,2012-2025 C only for codes; B is all_awards,institution × award ending year (B) OR × award_level_code (C),categorical source code,Completions B (all awards) or C (award level),AWLEVELC,source code retained verbatim for C,
Completers,completers,total_completers,Distinct students earning an award at the given grain (CSTOTLT); do not sum B and C or C levels to count unique people.,2012-2025,2012-2025 B/C; population differs by table,institution × award ending year (B) OR × award_level_code (C),people,Completions B (all awards) or C (award level),CSTOTLT,source column (renamed),
Completers,completers,men,Students in the reported men/male category (CSTOTLM).,2012-2025,2012-2025 B/C; population differs by table,institution × award ending year (B) OR × award_level_code (C),people,Completions B (all awards) or C (award level),CSTOTLM,source column (renamed),
Completers,completers,women,Students in the reported women/female category (CSTOTLW).,2012-2025,2012-2025 B/C; population differs by table,institution × award ending year (B) OR × award_level_code (C),people,Completions B (all awards) or C (award level),CSTOTLW,source column (renamed),
Completers,completers,american_indian,American Indian/Alaska Native completers (CSAIANT).,2012-2025,2012-2025 B/C; population differs by table,institution × award ending year (B) OR × award_level_code (C),people,Completions B (all awards) or C (award level),CSAIANT,source column (renamed),
Completers,completers,asian,Asian completers (CSASIAT).,2012-2025,2012-2025 B/C; population differs by table,institution × award ending year (B) OR × award_level_code (C),people,Completions B (all awards) or C (award level),CSASIAT,source column (renamed),
Completers,completers,black,Black or African American completers (CSBKAAT).,2012-2025,2012-2025 B/C; population differs by table,institution × award ending year (B) OR × award_level_code (C),people,Completions B (all awards) or C (award level),CSBKAAT,source column (renamed),
Completers,completers,hispanic,Hispanic/Latino completers (CSHISPT).,2012-2025,2012-2025 B/C; population differs by table,institution × award ending year (B) OR × award_level_code (C),people,Completions B (all awards) or C (award level),CSHISPT,source column (renamed),
Completers,completers,pacific_islander,Native Hawaiian or other Pacific Islander completers (CSNHPIT).,2012-2025,2012-2025 B/C; population differs by table,institution × award ending year (B) OR × award_level_code (C),people,Completions B (all awards) or C (award level),CSNHPIT,source column (renamed),
Completers,completers,white,White completers (CSWHITT).,2012-2025,2012-2025 B/C; population differs by table,institution × award ending year (B) OR × award_level_code (C),people,Completions B (all awards) or C (award level),CSWHITT,source column (renamed),
Completers,completers,two_or_more,Completers identifying with two or more races (CS2MORT).,2012-2025,2012-2025 B/C; population differs by table,institution × award ending year (B) OR × award_level_code (C),people,Completions B (all awards) or C (award level),CS2MORT,source column (renamed),
Completers,completers,race_unknown,Completers of unknown race/ethnicity (CSUNKNT).,2012-2025,2012-2025 B/C; population differs by table,institution × award ending year (B) OR × award_level_code (C),people,Completions B (all awards) or C (award level),CSUNKNT,source column (renamed),
Completers,completers,nonresident,Nonresident completers (CSNRALT).,2012-2025,2012-2025 B/C; population differs by table,institution × award ending year (B) OR × award_level_code (C),people,Completions B (all awards) or C (award level),CSNRALT,source column (renamed),
Completers,completers,age_under_18,"Completers younger than 18 (CSUND18), present only in award-level C rows.",2012-2025,2012-2025 C award-level rows only; missing in B,institution × award ending year (B) OR × award_level_code (C),people,Completions B (all awards) or C (award level),CSUND18,source column (renamed),
Completers,completers,age_18_to_24,"Completers ages 18-24 (CS18_24), present only in award-level C rows.",2012-2025,2012-2025 C award-level rows only; missing in B,institution × award ending year (B) OR × award_level_code (C),people,Completions B (all awards) or C (award level),CS18_24,source column (renamed),
Completers,completers,age_25_to_39,"Completers ages 25-39 (CS25_39), present only in award-level C rows.",2012-2025,2012-2025 C award-level rows only; missing in B,institution × award ending year (B) OR × award_level_code (C),people,Completions B (all awards) or C (award level),CS25_39,source column (renamed),
Completers,completers,age_40_plus,"Completers ages 40 or older (CSABV40), present only in award-level C rows.",2012-2025,2012-2025 C award-level rows only; missing in B,institution × award ending year (B) OR × award_level_code (C),people,Completions B (all awards) or C (award level),CSABV40,source column (renamed),
Completers,completers,age_unknown,"Completers with age unknown (CSUNKN), present only in award-level C rows.",2012-2025,2012-2025 C award-level rows only; missing in B,institution × award ending year (B) OR × award_level_code (C),people,Completions B (all awards) or C (award level),CSUNKN,source column (renamed),
Completers,completers,total_completers_status,NCES reporting/imputation flag for total_completers.,2012-2025,2012-2025 B/C; population differs by table,institution × award ending year (B) OR × award_level_code (C),NCES status code,Completions B (all awards) or C (award level),XCSTOTLT,NCES raw reporting/imputation flag; see year-specific dictionary,total_completers
Completers,completers,men_status,NCES reporting/imputation flag for men.,2012-2025,2012-2025 B/C; population differs by table,institution × award ending year (B) OR × award_level_code (C),NCES status code,Completions B (all awards) or C (award level),XCSTOTLM,NCES raw reporting/imputation flag; see year-specific dictionary,men
Completers,completers,women_status,NCES reporting/imputation flag for women.,2012-2025,2012-2025 B/C; population differs by table,institution × award ending year (B) OR × award_level_code (C),NCES status code,Completions B (all awards) or C (award level),XCSTOTLW,NCES raw reporting/imputation flag; see year-specific dictionary,women
Completers,completers,american_indian_status,NCES reporting/imputation flag for american_indian.,2012-2025,2012-2025 B/C; population differs by table,institution × award ending year (B) OR × award_level_code (C),NCES status code,Completions B (all awards) or C (award level),XCSAIANT,NCES raw reporting/imputation flag; see year-specific dictionary,american_indian
Completers,completers,asian_status,NCES reporting/imputation flag for asian.,2012-2025,2012-2025 B/C; population differs by table,institution × award ending year (B) OR × award_level_code (C),NCES status code,Completions B (all awards) or C (award level),XCSASIAT,NCES raw reporting/imputation flag; see year-specific dictionary,asian
Completers,completers,black_status,NCES reporting/imputation flag for black.,2012-2025,2012-2025 B/C; population differs by table,institution × award ending year (B) OR × award_level_code (C),NCES status code,Completions B (all awards) or C (award level),XCSBKAAT,NCES raw reporting/imputation flag; see year-specific dictionary,black
Completers,completers,hispanic_status,NCES reporting/imputation flag for hispanic.,2012-2025,2012-2025 B/C; population differs by table,institution × award ending year (B) OR × award_level_code (C),NCES status code,Completions B (all awards) or C (award level),XCSHISPT,NCES raw reporting/imputation flag; see year-specific dictionary,hispanic
Completers,completers,pacific_islander_status,NCES reporting/imputation flag for pacific_islander.,2012-2025,2012-2025 B/C; population differs by table,institution × award ending year (B) OR × award_level_code (C),NCES status code,Completions B (all awards) or C (award level),XCSNHPIT,NCES raw reporting/imputation flag; see year-specific dictionary,pacific_islander
Completers,completers,white_status,NCES reporting/imputation flag for white.,2012-2025,2012-2025 B/C; population differs by table,institution × award ending year (B) OR × award_level_code (C),NCES status code,Completions B (all awards) or C (award level),XCSWHITT,NCES raw reporting/imputation flag; see year-specific dictionary,white
Completers,completers,two_or_more_status,NCES reporting/imputation flag for two_or_more.,2012-2025,2012-2025 B/C; population differs by table,institution × award ending year (B) OR × award_level_code (C),NCES status code,Completions B (all awards) or C (award level),XCS2MORT,NCES raw reporting/imputation flag; see year-specific dictionary,two_or_more
Completers,completers,race_unknown_status,NCES reporting/imputation flag for race_unknown.,2012-2025,2012-2025 B/C; population differs by table,institution × award ending year (B) OR × award_level_code (C),NCES status code,Completions B (all awards) or C (award level),XCSUNKNT,NCES raw reporting/imputation flag; see year-specific dictionary,race_unknown
Completers,completers,nonresident_status,NCES reporting/imputation flag for nonresident.,2012-2025,2012-2025 B/C; population differs by table,institution × award ending year (B) OR × award_level_code (C),NCES status code,Completions B (all awards) or C (award level),XCSNRALT,NCES raw reporting/imputation flag; see year-specific dictionary,nonresident
Completers,completers,age_under_18_status,NCES reporting/imputation flag for age_under_18; missing in B.,2012-2025,2012-2025 C award-level rows only; missing in B,institution × award ending year (B) OR × award_level_code (C),NCES status code,Completions B (all awards) or C (award level),XCSUND18,NCES raw reporting/imputation flag; see year-specific dictionary,age_under_18
Completers,completers,age_18_to_24_status,NCES reporting/imputation flag for age_18_to_24; missing in B.,2012-2025,2012-2025 C award-level rows only; missing in B,institution × award ending year (B) OR × award_level_code (C),NCES status code,Completions B (all awards) or C (award level),XCS18_24,NCES raw reporting/imputation flag; see year-specific dictionary,age_18_to_24
Completers,completers,age_25_to_39_status,NCES reporting/imputation flag for age_25_to_39; missing in B.,2012-2025,2012-2025 C award-level rows only; missing in B,institution × award ending year (B) OR × award_level_code (C),NCES status code,Completions B (all awards) or C (award level),XCS25_39,NCES raw reporting/imputation flag; see year-specific dictionary,age_25_to_39
Completers,completers,age_40_plus_status,NCES reporting/imputation flag for age_40_plus; missing in B.,2012-2025,2012-2025 C award-level rows only; missing in B,institution × award ending year (B) OR × award_level_code (C),NCES status code,Completions B (all awards) or C (award level),XCSABV40,NCES raw reporting/imputation flag; see year-specific dictionary,age_40_plus
Completers,completers,age_unknown_status,NCES reporting/imputation flag for age_unknown; missing in B.,2012-2025,2012-2025 C award-level rows only; missing in B,institution × award ending year (B) OR × award_level_code (C),NCES status code,Completions B (all awards) or C (award level),XCSUNKN,NCES raw reporting/imputation flag; see year-specific dictionary,age_unknown
Graduation,graduation,id,"Institutional unique identifier ID; though UNITIDs can vary over time due to instutions splitting, this variable is generally consistent for an institution over time.",2000-2024,2000-2024; selected cohorts and source codes vary,institution × reporting year × selected deglevel/cohort,UNITID string,GR (150% adjusted cohorts),UNITID,"source identifier, trimmed",
Graduation,graduation,year,"Graduation reporting year; the bachelor's and associate's cohorts began approximately six and three years earlier, respectively.",2000-2024,2000-2024; selected cohorts and source codes vary,institution × reporting year × selected deglevel/cohort,year,GR (150% adjusted cohorts),source file year,file/period year; see guide for period alignment,
Graduation,graduation,deglevel,Level of student degree; either 'bach' (Bachelor's) or 'assc' (Associates).,2000-2024,2000-2024; selected cohorts and source codes vary,institution × reporting year × selected deglevel/cohort,"category, text, or source-specific measure",GR (150% adjusted cohorts),SECTION; GRTYPE; CHRTSTAT,bachelor 2/8-9 or associate 4/29-30; status 12-13,
Graduation,graduation,totmen,Total number of men within an adjusted cohort.,2000-2024,2000-2024; selected cohorts and source codes vary,institution × reporting year × selected deglevel/cohort,people,GR (150% adjusted cohorts),GRTOTLM; GRRACE15,source column (renamed),
Graduation,graduation,totmen_graduated,"Total number of men within an adjusted cohort that graduated within 150 percent of the normal time considered to graduate; for bachelor's degrees, this is six years, and for associate's degrees, this is three years.",2000-2024,2000-2024; selected cohorts and source codes vary,institution × reporting year × selected deglevel/cohort,people,GR (150% adjusted cohorts),GRTOTLM; GRRACE15; GRTYPE; CHRTSTAT; SECTION,GR graduated-count pivot,
Graduation,graduation,totwomen,Total number of women within an adjusted cohort.,2000-2024,2000-2024; selected cohorts and source codes vary,institution × reporting year × selected deglevel/cohort,people,GR (150% adjusted cohorts),GRTOTLW; GRRACE16,source column (renamed),
Graduation,graduation,totwomen_graduated,"Total number of women within an adjusted cohort that graduated within 150 percent of the normal time considered to graduate; for bachelor's degrees, this is six years, and for associate's degrees, this is three years.",2000-2024,2000-2024; selected cohorts and source codes vary,institution × reporting year × selected deglevel/cohort,people,GR (150% adjusted cohorts),GRTOTLW; GRRACE16; GRTYPE; CHRTSTAT; SECTION,GR graduated-count pivot,
Graduation,graduation,wtmen,Total number of non-Hispanic White men within an adjusted cohort.,2000-2024,year-specific race fields; verify before comparing,institution × reporting year × selected deglevel/cohort,people,GR (150% adjusted cohorts),GRWHITM; GRRACE11,source column (renamed),
Graduation,graduation,wtmen_graduated,"Total number of non-Hispanic White men within an adjusted cohort that graduated within 150 percent of the normal time considered to graduate; for bachelor's degrees, this is six years, and for associate's degrees, this is three years.",2000-2024,year-specific race fields; verify before comparing,institution × reporting year × selected deglevel/cohort,people,GR (150% adjusted cohorts),GRWHITM; GRRACE11; GRTYPE; CHRTSTAT; SECTION,GR graduated-count pivot,
Graduation,graduation,wtwomen,Total number of non-Hispanic White women within an adjusted cohort.,2000-2024,year-specific race fields; verify before comparing,institution × reporting year × selected deglevel/cohort,people,GR (150% adjusted cohorts),GRWHITW; GRRACE12,source column (renamed),
Graduation,graduation,wtwomen_graduated,"Total number of  non-Hispanic White women within an adjusted cohort that graduated within 150 percent of the normal time considered to graduate; for bachelor's degrees, this is six years, and for associate's degrees, this is three years.",2000-2024,year-specific race fields; verify before comparing,institution × reporting year × selected deglevel/cohort,people,GR (150% adjusted cohorts),GRWHITW; GRRACE12; GRTYPE; CHRTSTAT; SECTION,GR graduated-count pivot,
Graduation,graduation,bkmen,Total number of non-Hispanic Black men within an adjusted cohort.,2000-2024,year-specific race fields; verify before comparing,institution × reporting year × selected deglevel/cohort,people,GR (150% adjusted cohorts),GRBKAAM; GRRACE03,source column (renamed),
Graduation,graduation,bkmen_graduated,"Total number of non-Hispanic Black men within an adjusted cohort that graduated within 150 percent of the normal time considered to graduate; for bachelor's degrees, this is six years, and for associate's degrees, this is three years.",2000-2024,year-specific race fields; verify before comparing,institution × reporting year × selected deglevel/cohort,people,GR (150% adjusted cohorts),GRBKAAM; GRRACE03; GRTYPE; CHRTSTAT; SECTION,GR graduated-count pivot,
Graduation,graduation,bkwomen,Total number of non-Hispanic Black women within an adjusted cohort.,2000-2024,year-specific race fields; verify before comparing,institution × reporting year × selected deglevel/cohort,people,GR (150% adjusted cohorts),GRBKAAW; GRRACE04,source column (renamed),
Graduation,graduation,bkwomen_graduated,"Total number of non-Hispanic Black women within an adjusted cohort that graduated within 150 percent of the normal time considered to graduate; for bachelor's degrees, this is six years, and for associate's degrees, this is three years.",2000-2024,year-specific race fields; verify before comparing,institution × reporting year × selected deglevel/cohort,people,GR (150% adjusted cohorts),GRBKAAW; GRRACE04; GRTYPE; CHRTSTAT; SECTION,GR graduated-count pivot,
Graduation,graduation,hspmen,Total number of Hispanic men within an adjusted cohort.,2000-2024,year-specific race fields; verify before comparing,institution × reporting year × selected deglevel/cohort,people,GR (150% adjusted cohorts),GRHISPM; GRRACE09,source column (renamed),
Graduation,graduation,hspmen_graduated,"Total number of Hispanic men within an adjusted cohort that graduated within 150 percent of the normal time considered to graduate; for bachelor's degrees, this is six years, and for associate's degrees, this is three years.",2000-2024,year-specific race fields; verify before comparing,institution × reporting year × selected deglevel/cohort,people,GR (150% adjusted cohorts),GRHISPM; GRRACE09; GRTYPE; CHRTSTAT; SECTION,GR graduated-count pivot,
Graduation,graduation,hspwomen,Total number of Hispanic women within an adjusted cohort.,2000-2024,year-specific race fields; verify before comparing,institution × reporting year × selected deglevel/cohort,people,GR (150% adjusted cohorts),GRHISPW; GRRACE10,source column (renamed),
Graduation,graduation,hspwomen_graduated,"Total number of Hispanic women within an adjusted cohort that graduated within 150 percent of the normal time considered to graduate; for bachelor's degrees, this is six years, and for associate's degrees, this is three years.",2000-2024,year-specific race fields; verify before comparing,institution × reporting year × selected deglevel/cohort,people,GR (150% adjusted cohorts),GRHISPW; GRRACE10; GRTYPE; CHRTSTAT; SECTION,GR graduated-count pivot,
Graduation,graduation,asnmen,Total number of non-Hispanic Asian men within an adjusted cohort.,2000-2024,year-specific race fields; verify before comparing,institution × reporting year × selected deglevel/cohort,people,GR (150% adjusted cohorts),GRASIAM; GRRACE07,source column (renamed),
Graduation,graduation,asnmen_graduated,"Total number of non-Hispanic Asian men within an adjusted cohort that graduated within 150 percent of the normal time considered to graduate; for bachelor's degrees, this is six years, and for associate's degrees, this is three years.",2000-2024,year-specific race fields; verify before comparing,institution × reporting year × selected deglevel/cohort,people,GR (150% adjusted cohorts),GRASIAM; GRRACE07; GRTYPE; CHRTSTAT; SECTION,GR graduated-count pivot,
Graduation,graduation,asnwomen,Total number of non-Hispanic Asian women within an adjusted cohort.,2000-2024,year-specific race fields; verify before comparing,institution × reporting year × selected deglevel/cohort,people,GR (150% adjusted cohorts),GRASIAW; GRRACE08,source column (renamed),
Graduation,graduation,asnwomen_graduated,"Total number of non-Hispanic Asian women within an adjusted cohort that graduated within 150 percent of the normal time considered to graduate; for bachelor's degrees, this is six years, and for associate's degrees, this is three years.",2000-2024,year-specific race fields; verify before comparing,institution × reporting year × selected deglevel/cohort,people,GR (150% adjusted cohorts),GRASIAW; GRRACE08; GRTYPE; CHRTSTAT; SECTION,GR graduated-count pivot,
Graduation,graduation,gradrate_totmen,Graduation rate for men (within 150 percent of normal time taken to graduate).,2000-2024,2000-2024; selected cohorts and source codes vary,institution × reporting year × selected deglevel/cohort,percent (0-100),GR (150% adjusted cohorts),GRTOTLM; GRRACE15; GRTYPE; CHRTSTAT; SECTION,numerator / adjusted cohort × 100 (NCES cohort rows),
Graduation,graduation,gradrate_totwomen,Graduation rate for women (within 150 percent of normal time taken to graduate).,2000-2024,2000-2024; selected cohorts and source codes vary,institution × reporting year × selected deglevel/cohort,percent (0-100),GR (150% adjusted cohorts),GRTOTLW; GRRACE16; GRTYPE; CHRTSTAT; SECTION,numerator / adjusted cohort × 100 (NCES cohort rows),
Graduation,graduation,gradrate_wtmen,Graduation rate for non-Hispanic White men (within 150 percent of normal time taken to graduate).,2000-2024,year-specific race fields; verify before comparing,institution × reporting year × selected deglevel/cohort,percent (0-100),GR (150% adjusted cohorts),GRWHITM; GRRACE11; GRTYPE; CHRTSTAT; SECTION,numerator / adjusted cohort × 100 (NCES cohort rows),
Graduation,graduation,gradrate_wtwomen,Graduation rate for non-Hispanic White women (within 150 percent of normal time taken to graduate).,2000-2024,year-specific race fields; verify before comparing,institution × reporting year × selected deglevel/cohort,percent (0-100),GR (150% adjusted cohorts),GRWHITW; GRRACE12; GRTYPE; CHRTSTAT; SECTION,numerator / adjusted cohort × 100 (NCES cohort rows),
Graduation,graduation,gradrate_bkmen,Graduation rate for non-Hispanic Black men (within 150 percent of normal time taken to graduate).,2000-2024,year-specific race fields; verify before comparing,institution × reporting year × selected deglevel/cohort,percent (0-100),GR (150% adjusted cohorts),GRBKAAM; GRRACE03; GRTYPE; CHRTSTAT; SECTION,numerator / adjusted cohort × 100 (NCES cohort rows),
Graduation,graduation,gradrate_bkwomen,Graduation rate for non-Hispanic Black women (within 150 percent of normal time taken to graduate).,2000-2024,year-specific race fields; verify before comparing,institution × reporting year × selected deglevel/cohort,percent (0-100),GR (150% adjusted cohorts),GRBKAAW; GRRACE04; GRTYPE; CHRTSTAT; SECTION,numerator / adjusted cohort × 100 (NCES cohort rows),
Graduation,graduation,gradrate_hspmen,Graduation rate for Hispanic men (within 150 percent of normal time taken to graduate).,2000-2024,year-specific race fields; verify before comparing,institution × reporting year × selected deglevel/cohort,percent (0-100),GR (150% adjusted cohorts),GRHISPM; GRRACE09; GRTYPE; CHRTSTAT; SECTION,numerator / adjusted cohort × 100 (NCES cohort rows),
Graduation,graduation,gradrate_hspwomen,Graduation rate for Hispanic women (within 150 percent of normal time taken to graduate).,2000-2024,year-specific race fields; verify before comparing,institution × reporting year × selected deglevel/cohort,percent (0-100),GR (150% adjusted cohorts),GRHISPW; GRRACE10; GRTYPE; CHRTSTAT; SECTION,numerator / adjusted cohort × 100 (NCES cohort rows),
Graduation,graduation,gradrate_asnmen,Graduation rate for  non-Hispanic Asianmen (within 150 percent of normal time taken to graduate).,2000-2024,year-specific race fields; verify before comparing,institution × reporting year × selected deglevel/cohort,percent (0-100),GR (150% adjusted cohorts),GRASIAM; GRRACE07; GRTYPE; CHRTSTAT; SECTION,numerator / adjusted cohort × 100 (NCES cohort rows),
Graduation,graduation,gradrate_asnwomen,Graduation rate for non-Hispanic Asian women (within 150 percent of normal time taken to graduate).,2000-2024,year-specific race fields; verify before comparing,institution × reporting year × selected deglevel/cohort,percent (0-100),GR (150% adjusted cohorts),GRASIAW; GRRACE08; GRTYPE; CHRTSTAT; SECTION,numerator / adjusted cohort × 100 (NCES cohort rows),
Graduation200,graduation200,id,Institutional UNITID identifier.,2008-2024,2008-2024; bachelor/less-than-four-year columns differ,institution × reporting year × bachelor or less-than-four-year entering cohort,UNITID string,GR200_YY (100/150/200% cohorts),UNITID,"source identifier, trimmed",
Graduation200,graduation200,year,"GR200 reporting/status year, not entering-cohort year.",2008-2024,2008-2024; bachelor/less-than-four-year columns differ,institution × reporting year × bachelor or less-than-four-year entering cohort,year,GR200_YY (100/150/200% cohorts),source file year,file/period year; see guide for period alignment,
Graduation200,graduation200,cohort_type,"'bachelor' or 'less_than_four_year'; less-than-four-year includes degree and certificate seekers, not only associate's students.",2008-2024,2008-2024; bachelor/less-than-four-year columns differ,institution × reporting year × bachelor or less-than-four-year entering cohort,"category, text, or source-specific measure",GR200_YY (100/150/200% cohorts),BAREVCT; L4REVCT,select the applicable source cohort,
Graduation200,graduation200,cohort_year,"Entering cohort year: year minus 8 for bachelor, year minus 4 for less-than-four-year.",2008-2024,2008-2024; bachelor/less-than-four-year columns differ,institution × reporting year × bachelor or less-than-four-year entering cohort,year,GR200_YY (100/150/200% cohorts),source file year,year - 8 (bachelor) or year - 4 (less-than-four-year),
Graduation200,graduation200,collection_phase,"'supplemental' for the first 2008 GR200 wave, otherwise 'standard'.",2008-2024,2008 supplemental; 2009-2024 standard,institution × reporting year × bachelor or less-than-four-year entering cohort,"category, text, or source-specific measure",GR200_YY (100/150/200% cohorts),source file year,2008 supplemental; 2009+ standard,
Graduation200,graduation200,revised_cohort,Revised original entering cohort (BAREVCT or L4REVCT).,2008-2024,2008-2024; bachelor/less-than-four-year columns differ,institution × reporting year × bachelor or less-than-four-year entering cohort,people,GR200_YY (100/150/200% cohorts),BAREVCT; L4REVCT,source column (renamed),
Graduation200,graduation200,exclusions_150,Permitted exclusions by 150% of normal time (BAEXCLU or L4EXCLU).,2008-2024,2008-2024; bachelor/less-than-four-year columns differ,institution × reporting year × bachelor or less-than-four-year entering cohort,people,GR200_YY (100/150/200% cohorts),BAEXCLU; L4EXCLU,source column (renamed),
Graduation200,graduation200,adjusted_cohort_150,Adjusted cohort for 100% and 150% measures (BAAC150 or L4AC150).,2008-2024,2008-2024; bachelor/less-than-four-year columns differ,institution × reporting year × bachelor or less-than-four-year entering cohort,people,GR200_YY (100/150/200% cohorts),BAAC150; L4AC150,source column (renamed),
Graduation200,graduation200,completed_100,Number completing by 100% of normal time (BANC100 or L4NC100).,2008-2024,2008-2024; bachelor/less-than-four-year columns differ,institution × reporting year × bachelor or less-than-four-year entering cohort,people,GR200_YY (100/150/200% cohorts),BANC100; L4NC100,source column (renamed),
Graduation200,graduation200,rate_100,NCES-published completion percentage by 100% of normal time (BAGR100 or L4GR100); not recalculated by genpeds.,2008-2024,2008-2024; bachelor/less-than-four-year columns differ,institution × reporting year × bachelor or less-than-four-year entering cohort,percent (0-100),GR200_YY (100/150/200% cohorts),BAGR100; L4GR100,source column (renamed),
Graduation200,graduation200,completed_150,Number completing by 150% of normal time (BANC150 or L4NC150).,2008-2024,2008-2024; bachelor/less-than-four-year columns differ,institution × reporting year × bachelor or less-than-four-year entering cohort,people,GR200_YY (100/150/200% cohorts),BANC150; L4NC150,source column (renamed),
Graduation200,graduation200,rate_150,NCES-published completion percentage by 150% of normal time (BAGR150 or L4GR150); not the same entering cohort as Graduation(year).,2008-2024,2008-2024; bachelor/less-than-four-year columns differ,institution × reporting year × bachelor or less-than-four-year entering cohort,percent (0-100),GR200_YY (100/150/200% cohorts),BAGR150; L4GR150,source column (renamed),
Graduation200,graduation200,additional_exclusions_200,Additional exclusions after 150% before 200% (BAAEXCL or L4AEXCL).,2008-2024,2008-2024; bachelor/less-than-four-year columns differ,institution × reporting year × bachelor or less-than-four-year entering cohort,people,GR200_YY (100/150/200% cohorts),BAAEXCL; L4AEXCL,source column (renamed),
Graduation200,graduation200,adjusted_cohort_200,Adjusted cohort for 200% of normal time after additional exclusions (BAAC200 or L4AC200).,2008-2024,2008-2024; bachelor/less-than-four-year columns differ,institution × reporting year × bachelor or less-than-four-year entering cohort,people,GR200_YY (100/150/200% cohorts),BAAC200; L4AC200,source column (renamed),
Graduation200,graduation200,completed_150_to_200,New completions between 150% and 200% of normal time (BANC200A or L4NC200A); not the cumulative 200% count.,2008-2024,2008-2024; bachelor/less-than-four-year columns differ,institution × reporting year × bachelor or less-than-four-year entering cohort,people,GR200_YY (100/150/200% cohorts),BANC200A; L4NC200A,source column (renamed),
Graduation200,graduation200,still_enrolled,"Students still enrolled at 200% status (BASTEND or L4STEND), available from 2011; missing before introduction.",2008-2024,2011-2024; missing in 2008-2010,institution × reporting year × bachelor or less-than-four-year entering cohort,people,GR200_YY (100/150/200% cohorts),BASTEND; L4STEND,source column (renamed),
Graduation200,graduation200,completed_200,Cumulative completions by 200% of normal time (BANC200 or L4NC200).,2008-2024,2008-2024; bachelor/less-than-four-year columns differ,institution × reporting year × bachelor or less-than-four-year entering cohort,people,GR200_YY (100/150/200% cohorts),BANC200; L4NC200,source column (renamed),
Graduation200,graduation200,rate_200,NCES-published 200% completion percentage (BAGR200 or L4GR200); 200% adjusted cohort may differ from the 150% denominator.,2008-2024,2008-2024; bachelor/less-than-four-year columns differ,institution × reporting year × bachelor or less-than-four-year entering cohort,percent (0-100),GR200_YY (100/150/200% cohorts),BAGR200; L4GR200,source column (renamed),
Graduation200,graduation200,revised_cohort_status,NCES reporting/imputation flag for revised_cohort.,2008-2024,2008-2024; bachelor/less-than-four-year columns differ,institution × reporting year × bachelor or less-than-four-year entering cohort,NCES status code,GR200_YY (100/150/200% cohorts),XBAREVCT; XL4REVCT,NCES raw reporting/imputation flag; see year-specific dictionary,revised_cohort
Graduation200,graduation200,exclusions_150_status,NCES reporting/imputation flag for exclusions_150.,2008-2024,2008-2024; bachelor/less-than-four-year columns differ,institution × reporting year × bachelor or less-than-four-year entering cohort,NCES status code,GR200_YY (100/150/200% cohorts),XBAEXCLU; XL4EXCLU,NCES raw reporting/imputation flag; see year-specific dictionary,exclusions_150
Graduation200,graduation200,adjusted_cohort_150_status,NCES reporting/imputation flag for adjusted_cohort_150.,2008-2024,2008-2024; bachelor/less-than-four-year columns differ,institution × reporting year × bachelor or less-than-four-year entering cohort,NCES status code,GR200_YY (100/150/200% cohorts),XBAAC150; XL4AC150,NCES raw reporting/imputation flag; see year-specific dictionary,adjusted_cohort_150
Graduation200,graduation200,completed_100_status,NCES reporting/imputation flag for completed_100.,2008-2024,2008-2024; bachelor/less-than-four-year columns differ,institution × reporting year × bachelor or less-than-four-year entering cohort,NCES status code,GR200_YY (100/150/200% cohorts),XBANC100; XL4NC100,NCES raw reporting/imputation flag; see year-specific dictionary,completed_100
Graduation200,graduation200,rate_100_status,NCES reporting/imputation flag for rate_100.,2008-2024,2008-2024; bachelor/less-than-four-year columns differ,institution × reporting year × bachelor or less-than-four-year entering cohort,NCES status code,GR200_YY (100/150/200% cohorts),XBAGR100; XL4GR100,NCES raw reporting/imputation flag; see year-specific dictionary,rate_100
Graduation200,graduation200,completed_150_status,NCES reporting/imputation flag for completed_150.,2008-2024,2008-2024; bachelor/less-than-four-year columns differ,institution × reporting year × bachelor or less-than-four-year entering cohort,NCES status code,GR200_YY (100/150/200% cohorts),XBANC150; XL4NC150,NCES raw reporting/imputation flag; see year-specific dictionary,completed_150
Graduation200,graduation200,rate_150_status,NCES reporting/imputation flag for rate_150.,2008-2024,2008-2024; bachelor/less-than-four-year columns differ,institution × reporting year × bachelor or less-than-four-year entering cohort,NCES status code,GR200_YY (100/150/200% cohorts),XBAGR150; XL4GR150,NCES raw reporting/imputation flag; see year-specific dictionary,rate_150
Graduation200,graduation200,additional_exclusions_200_status,NCES reporting/imputation flag for additional_exclusions_200.,2008-2024,2008-2024; bachelor/less-than-four-year columns differ,institution × reporting year × bachelor or less-than-four-year entering cohort,NCES status code,GR200_YY (100/150/200% cohorts),XBAAEXCL; XL4AEXCL,NCES raw reporting/imputation flag; see year-specific dictionary,additional_exclusions_200
Graduation200,graduation200,adjusted_cohort_200_status,NCES reporting/imputation flag for adjusted_cohort_200.,2008-2024,2008-2024; bachelor/less-than-four-year columns differ,institution × reporting year × bachelor or less-than-four-year entering cohort,NCES status code,GR200_YY (100/150/200% cohorts),XBAAC200; XL4AC200,NCES raw reporting/imputation flag; see year-specific dictionary,adjusted_cohort_200
Graduation200,graduation200,completed_150_to_200_status,NCES reporting/imputation flag for completed_150_to_200; source X flag omits one character from raw measure name.,2008-2024,2008-2024; bachelor/less-than-four-year columns differ,institution × reporting year × bachelor or less-than-four-year entering cohort,NCES status code,GR200_YY (100/150/200% cohorts),XBANC20A; XL4NC20A,NCES raw reporting/imputation flag; see year-specific dictionary,completed_150_to_200
Graduation200,graduation200,still_enrolled_status,NCES reporting/imputation flag for still_enrolled; missing before 2011.,2008-2024,2011-2024; missing in 2008-2010,institution × reporting year × bachelor or less-than-four-year entering cohort,NCES status code,GR200_YY (100/150/200% cohorts),XBASTEND; XL4STEND,NCES raw reporting/imputation flag; see year-specific dictionary,still_enrolled
Graduation200,graduation200,completed_200_status,NCES reporting/imputation flag for completed_200.,2008-2024,2008-2024; bachelor/less-than-four-year columns differ,institution × reporting year × bachelor or less-than-four-year entering cohort,NCES status code,GR200_YY (100/150/200% cohorts),XBANC200; XL4NC200,NCES raw reporting/imputation flag; see year-specific dictionary,completed_200
Graduation200,graduation200,rate_200_status,NCES reporting/imputation flag for rate_200.,2008-2024,2008-2024; bachelor/less-than-four-year columns differ,institution × reporting year × bachelor or less-than-four-year entering cohort,NCES status code,GR200_YY (100/150/200% cohorts),XBAGR200; XL4GR200,NCES raw reporting/imputation flag; see year-specific dictionary,rate_200
OutcomeMeasures,outcome_measures,id,Institutional UNITID identifier.,2015-2024,2015-2024; entering cohort is year-8,institution × eight-year status year × entry cohort/Pell subgroup,UNITID string,OM annual cohort/status file,UNITID,"source identifier, trimmed",
OutcomeMeasures,outcome_measures,year,OM eight-year reporting/status year; not entering-cohort year.,2015-2024,2015-2024; entering cohort is year-8,institution × eight-year status year × entry cohort/Pell subgroup,year,OM annual cohort/status file,source file year,file/period year; see guide for period alignment,
OutcomeMeasures,outcome_measures,entering_year_start,"Beginning year of the entering July-June cohort, eight years before the OM status year.",2015-2024,2015-2024; entering cohort is year-8,institution × eight-year status year × entry cohort/Pell subgroup,year,OM annual cohort/status file,source file year,year - 8,
OutcomeMeasures,outcome_measures,entering_year_end,"End year of the entering July-June cohort, seven years before the OM status year.",2015-2024,2015-2024; entering cohort is year-8,institution × eight-year status year × entry cohort/Pell subgroup,year,OM annual cohort/status file,source file year,year - 7,
OutcomeMeasures,outcome_measures,source_cohort_code,"Original OMCHRT code; 1-4 in 2015-16, 10-52 in 2017+.",2015-2024,2015-2016 initial codes; 2017-2024 expanded cohorts and Pell groups,institution × eight-year status year × entry cohort/Pell subgroup,categorical source code,OM annual cohort/status file,OMCHRT,preserve initial or expanded cohort code,
OutcomeMeasures,outcome_measures,cohort_type,"First-/non-first-time and full-/part-time entering cohort, plus overall total from 2017; overlapping total and subgroups must not be summed.",2015-2024,2015-2016 initial codes; 2017-2024 expanded cohorts and Pell groups,institution × eight-year status year × entry cohort/Pell subgroup,"category, text, or source-specific measure",OM annual cohort/status file,OMCHRT,map entry status/attendance to year-specific cohort,
OutcomeMeasures,outcome_measures,pell_group,"'not_collected' before 2017; 2017+ 'total', 'pell', or 'non_pell'. Total overlaps Pell and non-Pell subcohorts.",2015-2024,2015-2016 initial codes; 2017-2024 expanded cohorts and Pell groups,institution × eight-year status year × entry cohort/Pell subgroup,"category, text, or source-specific measure",OM annual cohort/status file,OMCHRT,not_collected before 2017; total/Pell/non-Pell from 2017,
OutcomeMeasures,outcome_measures,schema_version,'initial' in 2015-16; 'expanded' from 2017. Denominator and award detail differ across versions.,2015-2024,2015-2016 initial codes; 2017-2024 expanded cohorts and Pell groups,institution × eight-year status year × entry cohort/Pell subgroup,"category, text, or source-specific measure",OM annual cohort/status file,source file year,2015-16 initial; 2017+ expanded,
OutcomeMeasures,outcome_measures,inconsistency_flag,Raw OMFLAG (2015 only): 0 no issues or 1 data inconsistencies; unavailable in later files.,2015-2024,2015 only,institution × eight-year status year × entry cohort/Pell subgroup,"category, text, or source-specific measure",OM annual cohort/status file,OMFLAG,2015 raw flag: 0 no issues or 1 data inconsistencies,
OutcomeMeasures,outcome_measures,inconsistency_flag_label,Readable interpretation of 2015 OMFLAG; missing when not reported.,2015-2024,2015 only,institution × eight-year status year × entry cohort/Pell subgroup,"category, text, or source-specific measure",OM annual cohort/status file,OMFLAG,2015 code-to-label mapping,
OutcomeMeasures,outcome_measures,revised_cohort_6,"Revised entering cohort at six years (OMRCHT6), initial 2015-16 scheme only.",2015-2024,2015-2016; initial scheme (8-year exclusions change description),institution × eight-year status year × entry cohort/Pell subgroup,people,OM annual cohort/status file,OMRCHT6,source column (renamed),
OutcomeMeasures,outcome_measures,exclusions_6,"Permitted exclusions at six years (OMEXCL6), initial 2015-16 scheme only.",2015-2024,2015-2016; initial scheme (8-year exclusions change description),institution × eight-year status year × entry cohort/Pell subgroup,people,OM annual cohort/status file,OMEXCL6,source column (renamed),
OutcomeMeasures,outcome_measures,adjusted_cohort_6,"Adjusted entering cohort for six-year outcomes (OMACHT6), initial 2015-16 scheme only.",2015-2024,2015-2016; initial scheme (8-year exclusions change description),institution × eight-year status year × entry cohort/Pell subgroup,people,OM annual cohort/status file,OMACHT6,source column (renamed),
OutcomeMeasures,outcome_measures,revised_cohort_8,Revised entering cohort at eight years (OMRCHT8); present in initial 2015 file only.,2015-2024,2015 only,institution × eight-year status year × entry cohort/Pell subgroup,people,OM annual cohort/status file,OMRCHT8,source column (renamed),
OutcomeMeasures,outcome_measures,exclusions_8,"Exclusions reported at eight years (OMEXCL8), 2015-16 only; 2016 dictionary calls these additional exclusions.",2015-2024,2015-2016; initial scheme (8-year exclusions change description),institution × eight-year status year × entry cohort/Pell subgroup,people,OM annual cohort/status file,OMEXCL8,source column (renamed),
OutcomeMeasures,outcome_measures,adjusted_cohort_8,"Adjusted entering cohort for eight-year outcomes (OMACHT8), initial 2015-16 scheme only.",2015-2024,2015-2016; initial scheme (8-year exclusions change description),institution × eight-year status year × entry cohort/Pell subgroup,people,OM annual cohort/status file,OMACHT8,source column (renamed),
OutcomeMeasures,outcome_measures,revised_cohort,Revised entering cohort for expanded 2017+ OM (OMRCHRT).,2015-2024,2017-2024 expanded scheme,institution × eight-year status year × entry cohort/Pell subgroup,people,OM annual cohort/status file,OMRCHRT,source column (renamed),
OutcomeMeasures,outcome_measures,exclusions,Permitted cohort exclusions for expanded 2017+ OM (OMEXCLS).,2015-2024,2017-2024 expanded scheme,institution × eight-year status year × entry cohort/Pell subgroup,people,OM annual cohort/status file,OMEXCLS,source column (renamed),
OutcomeMeasures,outcome_measures,adjusted_cohort,Adjusted entering cohort for expanded 2017+ outcomes (OMACHRT).,2015-2024,2017-2024 expanded scheme,institution × eight-year status year × entry cohort/Pell subgroup,people,OM annual cohort/status file,OMACHRT,source column (renamed),
OutcomeMeasures,outcome_measures,awards_4,Adjusted-cohort students with any award from the institution by four years (OMAWDN4); available from 2017.,2015-2024,2017-2024 expanded scheme,institution × eight-year status year × entry cohort/Pell subgroup,people,OM annual cohort/status file,OMAWDN4,source column (renamed),
OutcomeMeasures,outcome_measures,awards_4_pct,NCES-published four-year award percentage (OMAWDP4); available from 2017.,2015-2024,2017-2024 expanded scheme,institution × eight-year status year × entry cohort/Pell subgroup,percent (0-100),OM annual cohort/status file,OMAWDP4,source column (renamed),
OutcomeMeasures,outcome_measures,awards_6,Adjusted-cohort students with any award from the institution by six years (OMAWDN6).,2015-2024,2015-2024; entering cohort is year-8,institution × eight-year status year × entry cohort/Pell subgroup,people,OM annual cohort/status file,OMAWDN6,source column (renamed),
OutcomeMeasures,outcome_measures,awards_6_pct,NCES-published six-year award percentage (OMAWDP6); denominators differ between initial and expanded schemas.,2015-2024,2015-2024; entering cohort is year-8,institution × eight-year status year × entry cohort/Pell subgroup,percent (0-100),OM annual cohort/status file,OMAWDP6,source column (renamed),
OutcomeMeasures,outcome_measures,awards_8,Adjusted-cohort students with any award from the institution by eight years (OMAWDN8).,2015-2024,2015-2024; entering cohort is year-8,institution × eight-year status year × entry cohort/Pell subgroup,people,OM annual cohort/status file,OMAWDN8,source column (renamed),
OutcomeMeasures,outcome_measures,awards_8_pct,NCES-published eight-year award percentage (OMAWDP8).,2015-2024,2015-2024; entering cohort is year-8,institution × eight-year status year × entry cohort/Pell subgroup,percent (0-100),OM annual cohort/status file,OMAWDP8,source column (renamed),
OutcomeMeasures,outcome_measures,certificate_4,"Students with a certificate as highest award at four years (OMCERT4), expanded 2017+ schema only.",2015-2024,2017-2024 expanded scheme,institution × eight-year status year × entry cohort/Pell subgroup,people,OM annual cohort/status file,OMCERT4,source column (renamed),
OutcomeMeasures,outcome_measures,associate_4,"Students with an associate degree as highest award at four years (OMASSC4), expanded 2017+ schema only.",2015-2024,2017-2024 expanded scheme,institution × eight-year status year × entry cohort/Pell subgroup,people,OM annual cohort/status file,OMASSC4,source column (renamed),
OutcomeMeasures,outcome_measures,bachelor_4,"Students with a bachelor's degree as highest award at four years (OMBACH4), expanded 2017+ schema only.",2015-2024,2017-2024 expanded scheme,institution × eight-year status year × entry cohort/Pell subgroup,people,OM annual cohort/status file,OMBACH4,source column (renamed),
OutcomeMeasures,outcome_measures,certificate_6,"Students with a certificate as highest award at six years (OMCERT6), expanded 2017+ schema only.",2015-2024,2017-2024 expanded scheme,institution × eight-year status year × entry cohort/Pell subgroup,people,OM annual cohort/status file,OMCERT6,source column (renamed),
OutcomeMeasures,outcome_measures,associate_6,"Students with an associate degree as highest award at six years (OMASSC6), expanded 2017+ schema only.",2015-2024,2017-2024 expanded scheme,institution × eight-year status year × entry cohort/Pell subgroup,people,OM annual cohort/status file,OMASSC6,source column (renamed),
OutcomeMeasures,outcome_measures,bachelor_6,"Students with a bachelor's degree as highest award at six years (OMBACH6), expanded 2017+ schema only.",2015-2024,2017-2024 expanded scheme,institution × eight-year status year × entry cohort/Pell subgroup,people,OM annual cohort/status file,OMBACH6,source column (renamed),
OutcomeMeasures,outcome_measures,certificate_8,"Students with a certificate as highest award at eight years (OMCERT8), expanded 2017+ schema only.",2015-2024,2017-2024 expanded scheme,institution × eight-year status year × entry cohort/Pell subgroup,people,OM annual cohort/status file,OMCERT8,source column (renamed),
OutcomeMeasures,outcome_measures,associate_8,"Students with an associate degree as highest award at eight years (OMASSC8), expanded 2017+ schema only.",2015-2024,2017-2024 expanded scheme,institution × eight-year status year × entry cohort/Pell subgroup,people,OM annual cohort/status file,OMASSC8,source column (renamed),
OutcomeMeasures,outcome_measures,bachelor_8,"Students with a bachelor's degree as highest award at eight years (OMBACH8), expanded 2017+ schema only.",2015-2024,2017-2024 expanded scheme,institution × eight-year status year × entry cohort/Pell subgroup,people,OM annual cohort/status file,OMBACH8,source column (renamed),
OutcomeMeasures,outcome_measures,still_enrolled_here_8,Students still enrolled at the reporting institution at eight years (OMENRYI).,2015-2024,2015-2024; entering cohort is year-8,institution × eight-year status year × entry cohort/Pell subgroup,people,OM annual cohort/status file,OMENRYI,source column (renamed),
OutcomeMeasures,outcome_measures,subsequently_enrolled_elsewhere_8,Students known to have subsequently enrolled at another institution at eight years (OMENRAI).,2015-2024,2015-2024; entering cohort is year-8,institution × eight-year status year × entry cohort/Pell subgroup,people,OM annual cohort/status file,OMENRAI,source column (renamed),
OutcomeMeasures,outcome_measures,enrollment_unknown_8,Students whose subsequent enrollment status is unknown at eight years (OMENRUN).,2015-2024,2015-2024; entering cohort is year-8,institution × eight-year status year × entry cohort/Pell subgroup,people,OM annual cohort/status file,OMENRUN,source column (renamed),
OutcomeMeasures,outcome_measures,no_award_8,Students without an award from the reporting institution at eight years (OMNOAWD).,2015-2024,2015-2024; entering cohort is year-8,institution × eight-year status year × entry cohort/Pell subgroup,people,OM annual cohort/status file,OMNOAWD,source column (renamed),
OutcomeMeasures,outcome_measures,enrolled_here_or_elsewhere_8_pct,NCES-published percentage still/subsequently enrolled at eight years (OMENRTP).,2015-2024,2015-2024; entering cohort is year-8,institution × eight-year status year × entry cohort/Pell subgroup,percent (0-100),OM annual cohort/status file,OMENRTP,source column (renamed),
OutcomeMeasures,outcome_measures,still_enrolled_here_8_pct,NCES-published eight-year percentage still enrolled at this institution (OMENRYP).,2015-2024,2015-2024; entering cohort is year-8,institution × eight-year status year × entry cohort/Pell subgroup,percent (0-100),OM annual cohort/status file,OMENRYP,source column (renamed),
OutcomeMeasures,outcome_measures,subsequently_enrolled_elsewhere_8_pct,NCES-published eight-year percentage subsequently enrolled elsewhere (OMENRAP).,2015-2024,2015-2024; entering cohort is year-8,institution × eight-year status year × entry cohort/Pell subgroup,percent (0-100),OM annual cohort/status file,OMENRAP,source column (renamed),
OutcomeMeasures,outcome_measures,enrollment_unknown_8_pct,"NCES-published eight-year percentage with unknown subsequent enrollment (OMENRUP), 2017+ only.",2015-2024,2017-2024 expanded scheme,institution × eight-year status year × entry cohort/Pell subgroup,percent (0-100),OM annual cohort/status file,OMENRUP,source column (renamed),
OutcomeMeasures,outcome_measures,revised_cohort_6_status,NCES reporting/imputation flag for revised_cohort_6.,2015-2024,2015-2016; initial scheme (8-year exclusions change description),institution × eight-year status year × entry cohort/Pell subgroup,NCES status code,OM annual cohort/status file,XOMRCHT6,NCES raw reporting/imputation flag; see year-specific dictionary,revised_cohort_6
OutcomeMeasures,outcome_measures,exclusions_6_status,NCES reporting/imputation flag for exclusions_6.,2015-2024,2015-2016; initial scheme (8-year exclusions change description),institution × eight-year status year × entry cohort/Pell subgroup,NCES status code,OM annual cohort/status file,XOMEXCL6,NCES raw reporting/imputation flag; see year-specific dictionary,exclusions_6
OutcomeMeasures,outcome_measures,adjusted_cohort_6_status,NCES reporting/imputation flag for adjusted_cohort_6.,2015-2024,2015-2016; initial scheme (8-year exclusions change description),institution × eight-year status year × entry cohort/Pell subgroup,NCES status code,OM annual cohort/status file,XOMACHT6,NCES raw reporting/imputation flag; see year-specific dictionary,adjusted_cohort_6
OutcomeMeasures,outcome_measures,revised_cohort_8_status,NCES reporting/imputation flag for revised_cohort_8 (2015 only).,2015-2024,2015 only,institution × eight-year status year × entry cohort/Pell subgroup,NCES status code,OM annual cohort/status file,XOMRCHT8,NCES raw reporting/imputation flag; see year-specific dictionary,revised_cohort_8
OutcomeMeasures,outcome_measures,exclusions_8_status,NCES reporting/imputation flag for exclusions_8.,2015-2024,2015-2016; initial scheme (8-year exclusions change description),institution × eight-year status year × entry cohort/Pell subgroup,NCES status code,OM annual cohort/status file,XOMEXCL8,NCES raw reporting/imputation flag; see year-specific dictionary,exclusions_8
OutcomeMeasures,outcome_measures,adjusted_cohort_8_status,NCES reporting/imputation flag for adjusted_cohort_8.,2015-2024,2015-2016; initial scheme (8-year exclusions change description),institution × eight-year status year × entry cohort/Pell subgroup,NCES status code,OM annual cohort/status file,XOMACHT8,NCES raw reporting/imputation flag; see year-specific dictionary,adjusted_cohort_8
OutcomeMeasures,outcome_measures,revised_cohort_status,NCES reporting/imputation flag for revised_cohort (2017+).,2015-2024,2017-2024 expanded scheme,institution × eight-year status year × entry cohort/Pell subgroup,NCES status code,OM annual cohort/status file,XOMRCHRT,NCES raw reporting/imputation flag; see year-specific dictionary,revised_cohort
OutcomeMeasures,outcome_measures,exclusions_status,NCES reporting/imputation flag for exclusions (2017+).,2015-2024,2017-2024 expanded scheme,institution × eight-year status year × entry cohort/Pell subgroup,NCES status code,OM annual cohort/status file,XOMEXCLS,NCES raw reporting/imputation flag; see year-specific dictionary,exclusions
OutcomeMeasures,outcome_measures,adjusted_cohort_status,NCES reporting/imputation flag for adjusted_cohort (2017+).,2015-2024,2017-2024 expanded scheme,institution × eight-year status year × entry cohort/Pell subgroup,NCES status code,OM annual cohort/status file,XOMACHRT,NCES raw reporting/imputation flag; see year-specific dictionary,adjusted_cohort
OutcomeMeasures,outcome_measures,awards_4_status,NCES reporting/imputation flag for awards_4 (2017+).,2015-2024,2017-2024 expanded scheme,institution × eight-year status year × entry cohort/Pell subgroup,NCES status code,OM annual cohort/status file,XOMAWDN4,NCES raw reporting/imputation flag; see year-specific dictionary,awards_4
OutcomeMeasures,outcome_measures,awards_4_pct_status,NCES reporting/imputation flag for awards_4_pct (2017+).,2015-2024,2017-2024 expanded scheme,institution × eight-year status year × entry cohort/Pell subgroup,NCES status code,OM annual cohort/status file,XOMAWDP4,NCES raw reporting/imputation flag; see year-specific dictionary,awards_4_pct
OutcomeMeasures,outcome_measures,awards_6_status,NCES reporting/imputation flag for awards_6.,2015-2024,2015-2024; entering cohort is year-8,institution × eight-year status year × entry cohort/Pell subgroup,NCES status code,OM annual cohort/status file,XOMAWDN6,NCES raw reporting/imputation flag; see year-specific dictionary,awards_6
OutcomeMeasures,outcome_measures,awards_6_pct_status,NCES reporting/imputation flag for awards_6_pct.,2015-2024,2015-2024; entering cohort is year-8,institution × eight-year status year × entry cohort/Pell subgroup,NCES status code,OM annual cohort/status file,XOMAWDP6,NCES raw reporting/imputation flag; see year-specific dictionary,awards_6_pct
OutcomeMeasures,outcome_measures,awards_8_status,NCES reporting/imputation flag for awards_8.,2015-2024,2015-2024; entering cohort is year-8,institution × eight-year status year × entry cohort/Pell subgroup,NCES status code,OM annual cohort/status file,XOMAWDN8,NCES raw reporting/imputation flag; see year-specific dictionary,awards_8
OutcomeMeasures,outcome_measures,awards_8_pct_status,NCES reporting/imputation flag for awards_8_pct.,2015-2024,2015-2024; entering cohort is year-8,institution × eight-year status year × entry cohort/Pell subgroup,NCES status code,OM annual cohort/status file,XOMAWDP8,NCES raw reporting/imputation flag; see year-specific dictionary,awards_8_pct
OutcomeMeasures,outcome_measures,certificate_4_status,NCES reporting/imputation flag for certificate_4 (2017+).,2015-2024,2017-2024 expanded scheme,institution × eight-year status year × entry cohort/Pell subgroup,NCES status code,OM annual cohort/status file,XOMCERT4,NCES raw reporting/imputation flag; see year-specific dictionary,certificate_4
OutcomeMeasures,outcome_measures,associate_4_status,NCES reporting/imputation flag for associate_4 (2017+).,2015-2024,2017-2024 expanded scheme,institution × eight-year status year × entry cohort/Pell subgroup,NCES status code,OM annual cohort/status file,XOMASSC4,NCES raw reporting/imputation flag; see year-specific dictionary,associate_4
OutcomeMeasures,outcome_measures,bachelor_4_status,NCES reporting/imputation flag for bachelor_4 (2017+).,2015-2024,2017-2024 expanded scheme,institution × eight-year status year × entry cohort/Pell subgroup,NCES status code,OM annual cohort/status file,XOMBACH4,NCES raw reporting/imputation flag; see year-specific dictionary,bachelor_4
OutcomeMeasures,outcome_measures,certificate_6_status,NCES reporting/imputation flag for certificate_6 (2017+).,2015-2024,2017-2024 expanded scheme,institution × eight-year status year × entry cohort/Pell subgroup,NCES status code,OM annual cohort/status file,XOMCERT6,NCES raw reporting/imputation flag; see year-specific dictionary,certificate_6
OutcomeMeasures,outcome_measures,associate_6_status,NCES reporting/imputation flag for associate_6 (2017+).,2015-2024,2017-2024 expanded scheme,institution × eight-year status year × entry cohort/Pell subgroup,NCES status code,OM annual cohort/status file,XOMASSC6,NCES raw reporting/imputation flag; see year-specific dictionary,associate_6
OutcomeMeasures,outcome_measures,bachelor_6_status,NCES reporting/imputation flag for bachelor_6 (2017+).,2015-2024,2017-2024 expanded scheme,institution × eight-year status year × entry cohort/Pell subgroup,NCES status code,OM annual cohort/status file,XOMBACH6,NCES raw reporting/imputation flag; see year-specific dictionary,bachelor_6
OutcomeMeasures,outcome_measures,certificate_8_status,NCES reporting/imputation flag for certificate_8 (2017+).,2015-2024,2017-2024 expanded scheme,institution × eight-year status year × entry cohort/Pell subgroup,NCES status code,OM annual cohort/status file,XOMCERT8,NCES raw reporting/imputation flag; see year-specific dictionary,certificate_8
OutcomeMeasures,outcome_measures,associate_8_status,NCES reporting/imputation flag for associate_8 (2017+).,2015-2024,2017-2024 expanded scheme,institution × eight-year status year × entry cohort/Pell subgroup,NCES status code,OM annual cohort/status file,XOMASSC8,NCES raw reporting/imputation flag; see year-specific dictionary,associate_8
OutcomeMeasures,outcome_measures,bachelor_8_status,NCES reporting/imputation flag for bachelor_8 (2017+).,2015-2024,2017-2024 expanded scheme,institution × eight-year status year × entry cohort/Pell subgroup,NCES status code,OM annual cohort/status file,XOMBACH8,NCES raw reporting/imputation flag; see year-specific dictionary,bachelor_8
OutcomeMeasures,outcome_measures,still_enrolled_here_8_status,NCES reporting/imputation flag for still_enrolled_here_8.,2015-2024,2015-2024; entering cohort is year-8,institution × eight-year status year × entry cohort/Pell subgroup,NCES status code,OM annual cohort/status file,XOMENRYI,NCES raw reporting/imputation flag; see year-specific dictionary,still_enrolled_here_8
OutcomeMeasures,outcome_measures,subsequently_enrolled_elsewhere_8_status,NCES reporting/imputation flag for subsequently_enrolled_elsewhere_8.,2015-2024,2015-2024; entering cohort is year-8,institution × eight-year status year × entry cohort/Pell subgroup,NCES status code,OM annual cohort/status file,XOMENRAI,NCES raw reporting/imputation flag; see year-specific dictionary,subsequently_enrolled_elsewhere_8
OutcomeMeasures,outcome_measures,enrollment_unknown_8_status,NCES reporting/imputation flag for enrollment_unknown_8.,2015-2024,2015-2024; entering cohort is year-8,institution × eight-year status year × entry cohort/Pell subgroup,NCES status code,OM annual cohort/status file,XOMENRUN,NCES raw reporting/imputation flag; see year-specific dictionary,enrollment_unknown_8
OutcomeMeasures,outcome_measures,no_award_8_status,NCES reporting/imputation flag for no_award_8.,2015-2024,2015-2024; entering cohort is year-8,institution × eight-year status year × entry cohort/Pell subgroup,NCES status code,OM annual cohort/status file,XOMNOAWD,NCES raw reporting/imputation flag; see year-specific dictionary,no_award_8
OutcomeMeasures,outcome_measures,enrolled_here_or_elsewhere_8_pct_status,NCES reporting/imputation flag for enrolled_here_or_elsewhere_8_pct.,2015-2024,2015-2024; entering cohort is year-8,institution × eight-year status year × entry cohort/Pell subgroup,NCES status code,OM annual cohort/status file,XOMENRTP,NCES raw reporting/imputation flag; see year-specific dictionary,enrolled_here_or_elsewhere_8_pct
OutcomeMeasures,outcome_measures,still_enrolled_here_8_pct_status,NCES reporting/imputation flag for still_enrolled_here_8_pct.,2015-2024,2015-2024; entering cohort is year-8,institution × eight-year status year × entry cohort/Pell subgroup,NCES status code,OM annual cohort/status file,XOMENRYP,NCES raw reporting/imputation flag; see year-specific dictionary,still_enrolled_here_8_pct
OutcomeMeasures,outcome_measures,subsequently_enrolled_elsewhere_8_pct_status,NCES reporting/imputation flag for subsequently_enrolled_elsewhere_8_pct.,2015-2024,2015-2024; entering cohort is year-8,institution × eight-year status year × entry cohort/Pell subgroup,NCES status code,OM annual cohort/status file,XOMENRAP,NCES raw reporting/imputation flag; see year-specific dictionary,subsequently_enrolled_elsewhere_8_pct
OutcomeMeasures,outcome_measures,enrollment_unknown_8_pct_status,NCES reporting/imputation flag for enrollment_unknown_8_pct (2017+).,2015-2024,2017-2024 expanded scheme,institution × eight-year status year × entry cohort/Pell subgroup,NCES status code,OM annual cohort/status file,XOMENRUP,NCES raw reporting/imputation flag; see year-specific dictionary,enrollment_unknown_8_pct
HumanResources,human_resources,id,Institutional UNITID identifier.,2012-2024,2012-2024 modern HR; category population/coverage depends on dataset,dataset-dependent: institution × year × occupation/staff/tenure/rank code,UNITID string,EAP; S*_OC/IS/SIS/NH; SAL*_IS/NIS (selected dataset),UNITID,"source identifier, trimmed",
HumanResources,human_resources,year,Fall staff snapshot year or starting year of the instructional/noninstructional salary academic year (2012-2024).,2012-2024,2012-2024 modern HR; category population/coverage depends on dataset,dataset-dependent: institution × year × occupation/staff/tenure/rank code,year,EAP; S*_OC/IS/SIS/NH; SAL*_IS/NIS (selected dataset),source file year,file/period year; see guide for period alignment,
HumanResources,human_resources,dataset,Selected HR file family; row grain and reporting population depend on this value.,2012-2024,2012-2024 modern HR; category population/coverage depends on dataset,dataset-dependent: institution × year × occupation/staff/tenure/rank code,"category, text, or source-specific measure",EAP; S*_OC/IS/SIS/NH; SAL*_IS/NIS (selected dataset),,computed or source-specific; see harmonization guide,
HumanResources,human_resources,category_code,Original EAPCAT/STAFFCAT/SISCAT/SNHCAT code; total and detail codes can overlap.,2012-2024,2012-2024 modern HR; category population/coverage depends on dataset,dataset-dependent: institution × year × occupation/staff/tenure/rank code,categorical source code,EAP; S*_OC/IS/SIS/NH; SAL*_IS/NIS (selected dataset),EAPCAT; STAFFCAT; SISCAT; SNHCAT,source dataset-specific category code,
HumanResources,human_resources,category_label,Year-specific NCES dictionary label for category_code.,2012-2024,2012-2024 modern HR; category population/coverage depends on dataset,dataset-dependent: institution × year × occupation/staff/tenure/rank code,"category, text, or source-specific measure",EAP; S*_OC/IS/SIS/NH; SAL*_IS/NIS (selected dataset),EAPCAT; STAFFCAT; SISCAT; SNHCAT,year-specific label from packaged NCES dictionaries,
HumanResources,human_resources,occupation_code,Original OCCUPCAT or noninstructional salary occupation code (01-14).,2012-2024,2012-2024 modern HR; category population/coverage depends on dataset,dataset-dependent: institution × year × occupation/staff/tenure/rank code,categorical source code,EAP; S*_OC/IS/SIS/NH; SAL*_IS/NIS (selected dataset),OCCUPCAT; SANIN01-14,occupation code varies by selected dataset,
HumanResources,human_resources,occupation_label,Year-specific NCES dictionary label for occupation_code.,2012-2024,2012-2024 modern HR; category population/coverage depends on dataset,dataset-dependent: institution × year × occupation/staff/tenure/rank code,"category, text, or source-specific measure",EAP; S*_OC/IS/SIS/NH; SAL*_IS/NIS (selected dataset),OCCUPCAT; SANIN01-14,year-specific NCES dictionary label,
HumanResources,human_resources,faculty_status_code,Original FACSTAT code; totals and tenure/contract subcategories can overlap.,2012-2024,2012-2024 modern HR; category population/coverage depends on dataset,dataset-dependent: institution × year × occupation/staff/tenure/rank code,categorical source code,EAP; S*_OC/IS/SIS/NH; SAL*_IS/NIS (selected dataset),FACSTAT,source faculty/tenure status code,
HumanResources,human_resources,faculty_status_label,Year-specific NCES dictionary label for faculty_status_code.,2012-2024,2012-2024 modern HR; category population/coverage depends on dataset,dataset-dependent: institution × year × occupation/staff/tenure/rank code,"category, text, or source-specific measure",EAP; S*_OC/IS/SIS/NH; SAL*_IS/NIS (selected dataset),FACSTAT,year-specific NCES label,
HumanResources,human_resources,ftpt_code,"Original FTPT code; 1 all staff, 2 full-time, 3 part-time, 4 graduate assistants.",2012-2024,2012-2024 modern HR; category population/coverage depends on dataset,dataset-dependent: institution × year × occupation/staff/tenure/rank code,categorical source code,EAP; S*_OC/IS/SIS/NH; SAL*_IS/NIS (selected dataset),FTPT,source full-/part-time status code,
HumanResources,human_resources,ftpt_label,Year-specific NCES dictionary label for ftpt_code.,2012-2024,2012-2024 modern HR; category population/coverage depends on dataset,dataset-dependent: institution × year × occupation/staff/tenure/rank code,"category, text, or source-specific measure",EAP; S*_OC/IS/SIS/NH; SAL*_IS/NIS (selected dataset),FTPT,year-specific NCES label,
HumanResources,human_resources,rank_code,Original ARANK code; all-ranks code is 0 in staff counts versus 7 in salaries.,2012-2024,2012-2024 modern HR; category population/coverage depends on dataset,dataset-dependent: institution × year × occupation/staff/tenure/rank code,categorical source code,EAP; S*_OC/IS/SIS/NH; SAL*_IS/NIS (selected dataset),ARANK,rank code 0 is all ranks in staff; 7 is all ranks in salary,
HumanResources,human_resources,rank_label,Year-specific NCES dictionary label for rank_code.,2012-2024,2012-2024 modern HR; category population/coverage depends on dataset,dataset-dependent: institution × year × occupation/staff/tenure/rank code,"category, text, or source-specific measure",EAP; S*_OC/IS/SIS/NH; SAL*_IS/NIS (selected dataset),ARANK,year-specific NCES rank label,
HumanResources,human_resources,women_share,Women / (men + women) × 100 within the selected staff/category row; denominator zero gives missing.,2012-2024,2012-2024 modern HR; category population/coverage depends on dataset,dataset-dependent: institution × year × occupation/staff/tenure/rank code,percent (0-100),EAP; S*_OC/IS/SIS/NH; SAL*_IS/NIS (selected dataset),HRTOTLM; HRTOTLW,women / (men + women) × 100; zero denominator -> NA,
HumanResources,human_resources,hire_window_months,4 for 2012-17 new-hire cohorts (July-October); 12 from 2018 (previous November-current October).,2012-2024,2012-2017 four-month hires; 2018-2024 twelve-month hires,dataset-dependent: institution × year × occupation/staff/tenure/rank code,months,EAP; S*_OC/IS/SIS/NH; SAL*_IS/NIS (selected dataset),source file year,four months through 2017; twelve from 2018,
HumanResources,human_resources,hire_period_start_year,Starting calendar year of the reported new-hire window.,2012-2024,2012-2017 four-month hires; 2018-2024 twelve-month hires,dataset-dependent: institution × year × occupation/staff/tenure/rank code,calendar year,EAP; S*_OC/IS/SIS/NH; SAL*_IS/NIS (selected dataset),source file year,year through 2017; year - 1 from 2018,
HumanResources,human_resources,academic_year_end,Ending year of the salary academic year (year plus one).,2012-2024,2012-2024 modern HR; category population/coverage depends on dataset,dataset-dependent: institution × year × occupation/staff/tenure/rank code,calendar year,EAP; S*_OC/IS/SIS/NH; SAL*_IS/NIS (selected dataset),source file year,year + 1 for SAL source files,
HumanResources,human_resources,salary_regime,2012-2015 weighted-month versus 2016-onward explicit-month salary collection; nine-month-equivalent pay is not provided in 2012-15 files.,2012-2024,2012-2015 weighted months; 2016-2024 explicit months,dataset-dependent: institution × year × occupation/staff/tenure/rank code,"category, text, or source-specific measure",EAP; S*_OC/IS/SIS/NH; SAL*_IS/NIS (selected dataset),source file year,2012-15 weighted versus 2016+ explicit months,
HumanResources,human_resources,staff_count,Full-time noninstructional staff count for this occupation (SANIN01-14); code 01 is an overlapping total.,2012-2024,2012-2024 noninstructional salary source only; no sex split,dataset-dependent: institution × year × occupation/staff/tenure/rank code,people,EAP; S*_OC/IS/SIS/NH; SAL*_IS/NIS (selected dataset),SANIN01-14,noninstructional count for the selected occupation code,
HumanResources,human_resources,salary_outlay,Annual noninstructional salary outlay for this occupation in nominal dollars (SANIT01-14); no sex breakdown.,2012-2024,2012-2024 noninstructional salary source only; no sex split,dataset-dependent: institution × year × occupation/staff/tenure/rank code,nominal dollars (institution aggregates or rank average),EAP; S*_OC/IS/SIS/NH; SAL*_IS/NIS (selected dataset),SANIT01-14,noninstructional annual outlay for selected occupation,
HumanResources,human_resources,staff_count_status,Source XSANIN## reporting/imputation status for staff_count.,2012-2024,2012-2024 noninstructional salary source only; no sex split,dataset-dependent: institution × year × occupation/staff/tenure/rank code,NCES status code,EAP; S*_OC/IS/SIS/NH; SAL*_IS/NIS (selected dataset),XSANIN01-14,NCES raw reporting/imputation flag; see year-specific dictionary,staff_count
HumanResources,human_resources,salary_outlay_status,Source XSANIT## reporting/imputation status for salary_outlay.,2012-2024,2012-2024 noninstructional salary source only; no sex split,dataset-dependent: institution × year × occupation/staff/tenure/rank code,NCES status code,EAP; S*_OC/IS/SIS/NH; SAL*_IS/NIS (selected dataset),XSANIT01-14,NCES raw reporting/imputation flag; see year-specific dictionary,salary_outlay
HumanResources,human_resources,people_total,People total (NCES HRTOTLT). Counts people in the selected occupational/faculty/new-hire row.,2012-2024,2012-2024; source dataset(s): instructional_staff/new_hires/staff,dataset-dependent: institution × year × occupation/staff/tenure/rank code,people,EAP; S*_OC/IS/SIS/NH; SAL*_IS/NIS (selected dataset),HRTOTLT,source column (renamed),
HumanResources,human_resources,people_total_status,NCES XHRTOTLT reporting/imputation status for people_total.,2012-2024,2012-2024; source dataset(s): instructional_staff/new_hires/staff,dataset-dependent: institution × year × occupation/staff/tenure/rank code,NCES status code,EAP; S*_OC/IS/SIS/NH; SAL*_IS/NIS (selected dataset),XHRTOTLT,NCES raw reporting/imputation flag; see year-specific dictionary,people_total
HumanResources,human_resources,men,Men (NCES HRTOTLM). Counts people in the selected occupational/faculty/new-hire row.,2012-2024,2012-2024; source dataset(s): instructional_staff/new_hires/staff,dataset-dependent: institution × year × occupation/staff/tenure/rank code,people,EAP; S*_OC/IS/SIS/NH; SAL*_IS/NIS (selected dataset),HRTOTLM,source column (renamed),
HumanResources,human_resources,men_status,NCES XHRTOTLM reporting/imputation status for men.,2012-2024,2012-2024; source dataset(s): instructional_staff/new_hires/staff,dataset-dependent: institution × year × occupation/staff/tenure/rank code,NCES status code,EAP; S*_OC/IS/SIS/NH; SAL*_IS/NIS (selected dataset),XHRTOTLM,NCES raw reporting/imputation flag; see year-specific dictionary,men
HumanResources,human_resources,women,Women (NCES HRTOTLW). Counts people in the selected occupational/faculty/new-hire row.,2012-2024,2012-2024; source dataset(s): instructional_staff/new_hires/staff,dataset-dependent: institution × year × occupation/staff/tenure/rank code,people,EAP; S*_OC/IS/SIS/NH; SAL*_IS/NIS (selected dataset),HRTOTLW,source column (renamed),
HumanResources,human_resources,women_status,NCES XHRTOTLW reporting/imputation status for women.,2012-2024,2012-2024; source dataset(s): instructional_staff/new_hires/staff,dataset-dependent: institution × year × occupation/staff/tenure/rank code,NCES status code,EAP; S*_OC/IS/SIS/NH; SAL*_IS/NIS (selected dataset),XHRTOTLW,NCES raw reporting/imputation flag; see year-specific dictionary,women
HumanResources,human_resources,american_indian_total,American indian total (NCES HRAIANT). Counts people in the selected occupational/faculty/new-hire row.,2012-2024,2012-2024; source dataset(s): instructional_staff/new_hires/staff,dataset-dependent: institution × year × occupation/staff/tenure/rank code,people,EAP; S*_OC/IS/SIS/NH; SAL*_IS/NIS (selected dataset),HRAIANT,source column (renamed),
HumanResources,human_resources,american_indian_total_status,NCES XHRAIANT reporting/imputation status for american_indian_total.,2012-2024,2012-2024; source dataset(s): instructional_staff/new_hires/staff,dataset-dependent: institution × year × occupation/staff/tenure/rank code,NCES status code,EAP; S*_OC/IS/SIS/NH; SAL*_IS/NIS (selected dataset),XHRAIANT,NCES raw reporting/imputation flag; see year-specific dictionary,american_indian_total
HumanResources,human_resources,american_indian_men,American indian men (NCES HRAIANM). Counts people in the selected occupational/faculty/new-hire row.,2012-2024,2012-2024; source dataset(s): instructional_staff/new_hires/staff,dataset-dependent: institution × year × occupation/staff/tenure/rank code,people,EAP; S*_OC/IS/SIS/NH; SAL*_IS/NIS (selected dataset),HRAIANM,source column (renamed),
HumanResources,human_resources,american_indian_men_status,NCES XHRAIANM reporting/imputation status for american_indian_men.,2012-2024,2012-2024; source dataset(s): instructional_staff/new_hires/staff,dataset-dependent: institution × year × occupation/staff/tenure/rank code,NCES status code,EAP; S*_OC/IS/SIS/NH; SAL*_IS/NIS (selected dataset),XHRAIANM,NCES raw reporting/imputation flag; see year-specific dictionary,american_indian_men
HumanResources,human_resources,american_indian_women,American indian women (NCES HRAIANW). Counts people in the selected occupational/faculty/new-hire row.,2012-2024,2012-2024; source dataset(s): instructional_staff/new_hires/staff,dataset-dependent: institution × year × occupation/staff/tenure/rank code,people,EAP; S*_OC/IS/SIS/NH; SAL*_IS/NIS (selected dataset),HRAIANW,source column (renamed),
HumanResources,human_resources,american_indian_women_status,NCES XHRAIANW reporting/imputation status for american_indian_women.,2012-2024,2012-2024; source dataset(s): instructional_staff/new_hires/staff,dataset-dependent: institution × year × occupation/staff/tenure/rank code,NCES status code,EAP; S*_OC/IS/SIS/NH; SAL*_IS/NIS (selected dataset),XHRAIANW,NCES raw reporting/imputation flag; see year-specific dictionary,american_indian_women
HumanResources,human_resources,asian_total,Asian total (NCES HRASIAT). Counts people in the selected occupational/faculty/new-hire row.,2012-2024,2012-2024; source dataset(s): instructional_staff/new_hires/staff,dataset-dependent: institution × year × occupation/staff/tenure/rank code,people,EAP; S*_OC/IS/SIS/NH; SAL*_IS/NIS (selected dataset),HRASIAT,source column (renamed),
HumanResources,human_resources,asian_total_status,NCES XHRASIAT reporting/imputation status for asian_total.,2012-2024,2012-2024; source dataset(s): instructional_staff/new_hires/staff,dataset-dependent: institution × year × occupation/staff/tenure/rank code,NCES status code,EAP; S*_OC/IS/SIS/NH; SAL*_IS/NIS (selected dataset),XHRASIAT,NCES raw reporting/imputation flag; see year-specific dictionary,asian_total
HumanResources,human_resources,asian_men,Asian men (NCES HRASIAM). Counts people in the selected occupational/faculty/new-hire row.,2012-2024,2012-2024; source dataset(s): instructional_staff/new_hires/staff,dataset-dependent: institution × year × occupation/staff/tenure/rank code,people,EAP; S*_OC/IS/SIS/NH; SAL*_IS/NIS (selected dataset),HRASIAM,source column (renamed),
HumanResources,human_resources,asian_men_status,NCES XHRASIAM reporting/imputation status for asian_men.,2012-2024,2012-2024; source dataset(s): instructional_staff/new_hires/staff,dataset-dependent: institution × year × occupation/staff/tenure/rank code,NCES status code,EAP; S*_OC/IS/SIS/NH; SAL*_IS/NIS (selected dataset),XHRASIAM,NCES raw reporting/imputation flag; see year-specific dictionary,asian_men
HumanResources,human_resources,asian_women,Asian women (NCES HRASIAW). Counts people in the selected occupational/faculty/new-hire row.,2012-2024,2012-2024; source dataset(s): instructional_staff/new_hires/staff,dataset-dependent: institution × year × occupation/staff/tenure/rank code,people,EAP; S*_OC/IS/SIS/NH; SAL*_IS/NIS (selected dataset),HRASIAW,source column (renamed),
HumanResources,human_resources,asian_women_status,NCES XHRASIAW reporting/imputation status for asian_women.,2012-2024,2012-2024; source dataset(s): instructional_staff/new_hires/staff,dataset-dependent: institution × year × occupation/staff/tenure/rank code,NCES status code,EAP; S*_OC/IS/SIS/NH; SAL*_IS/NIS (selected dataset),XHRASIAW,NCES raw reporting/imputation flag; see year-specific dictionary,asian_women
HumanResources,human_resources,black_total,Black total (NCES HRBKAAT). Counts people in the selected occupational/faculty/new-hire row.,2012-2024,2012-2024; source dataset(s): instructional_staff/new_hires/staff,dataset-dependent: institution × year × occupation/staff/tenure/rank code,people,EAP; S*_OC/IS/SIS/NH; SAL*_IS/NIS (selected dataset),HRBKAAT,source column (renamed),
HumanResources,human_resources,black_total_status,NCES XHRBKAAT reporting/imputation status for black_total.,2012-2024,2012-2024; source dataset(s): instructional_staff/new_hires/staff,dataset-dependent: institution × year × occupation/staff/tenure/rank code,NCES status code,EAP; S*_OC/IS/SIS/NH; SAL*_IS/NIS (selected dataset),XHRBKAAT,NCES raw reporting/imputation flag; see year-specific dictionary,black_total
HumanResources,human_resources,black_men,Black men (NCES HRBKAAM). Counts people in the selected occupational/faculty/new-hire row.,2012-2024,2012-2024; source dataset(s): instructional_staff/new_hires/staff,dataset-dependent: institution × year × occupation/staff/tenure/rank code,people,EAP; S*_OC/IS/SIS/NH; SAL*_IS/NIS (selected dataset),HRBKAAM,source column (renamed),
HumanResources,human_resources,black_men_status,NCES XHRBKAAM reporting/imputation status for black_men.,2012-2024,2012-2024; source dataset(s): instructional_staff/new_hires/staff,dataset-dependent: institution × year × occupation/staff/tenure/rank code,NCES status code,EAP; S*_OC/IS/SIS/NH; SAL*_IS/NIS (selected dataset),XHRBKAAM,NCES raw reporting/imputation flag; see year-specific dictionary,black_men
HumanResources,human_resources,black_women,Black women (NCES HRBKAAW). Counts people in the selected occupational/faculty/new-hire row.,2012-2024,2012-2024; source dataset(s): instructional_staff/new_hires/staff,dataset-dependent: institution × year × occupation/staff/tenure/rank code,people,EAP; S*_OC/IS/SIS/NH; SAL*_IS/NIS (selected dataset),HRBKAAW,source column (renamed),
HumanResources,human_resources,black_women_status,NCES XHRBKAAW reporting/imputation status for black_women.,2012-2024,2012-2024; source dataset(s): instructional_staff/new_hires/staff,dataset-dependent: institution × year × occupation/staff/tenure/rank code,NCES status code,EAP; S*_OC/IS/SIS/NH; SAL*_IS/NIS (selected dataset),XHRBKAAW,NCES raw reporting/imputation flag; see year-specific dictionary,black_women
HumanResources,human_resources,hispanic_total,Hispanic total (NCES HRHISPT). Counts people in the selected occupational/faculty/new-hire row.,2012-2024,2012-2024; source dataset(s): instructional_staff/new_hires/staff,dataset-dependent: institution × year × occupation/staff/tenure/rank code,people,EAP; S*_OC/IS/SIS/NH; SAL*_IS/NIS (selected dataset),HRHISPT,source column (renamed),
HumanResources,human_resources,hispanic_total_status,NCES XHRHISPT reporting/imputation status for hispanic_total.,2012-2024,2012-2024; source dataset(s): instructional_staff/new_hires/staff,dataset-dependent: institution × year × occupation/staff/tenure/rank code,NCES status code,EAP; S*_OC/IS/SIS/NH; SAL*_IS/NIS (selected dataset),XHRHISPT,NCES raw reporting/imputation flag; see year-specific dictionary,hispanic_total
HumanResources,human_resources,hispanic_men,Hispanic men (NCES HRHISPM). Counts people in the selected occupational/faculty/new-hire row.,2012-2024,2012-2024; source dataset(s): instructional_staff/new_hires/staff,dataset-dependent: institution × year × occupation/staff/tenure/rank code,people,EAP; S*_OC/IS/SIS/NH; SAL*_IS/NIS (selected dataset),HRHISPM,source column (renamed),
HumanResources,human_resources,hispanic_men_status,NCES XHRHISPM reporting/imputation status for hispanic_men.,2012-2024,2012-2024; source dataset(s): instructional_staff/new_hires/staff,dataset-dependent: institution × year × occupation/staff/tenure/rank code,NCES status code,EAP; S*_OC/IS/SIS/NH; SAL*_IS/NIS (selected dataset),XHRHISPM,NCES raw reporting/imputation flag; see year-specific dictionary,hispanic_men
HumanResources,human_resources,hispanic_women,Hispanic women (NCES HRHISPW). Counts people in the selected occupational/faculty/new-hire row.,2012-2024,2012-2024; source dataset(s): instructional_staff/new_hires/staff,dataset-dependent: institution × year × occupation/staff/tenure/rank code,people,EAP; S*_OC/IS/SIS/NH; SAL*_IS/NIS (selected dataset),HRHISPW,source column (renamed),
HumanResources,human_resources,hispanic_women_status,NCES XHRHISPW reporting/imputation status for hispanic_women.,2012-2024,2012-2024; source dataset(s): instructional_staff/new_hires/staff,dataset-dependent: institution × year × occupation/staff/tenure/rank code,NCES status code,EAP; S*_OC/IS/SIS/NH; SAL*_IS/NIS (selected dataset),XHRHISPW,NCES raw reporting/imputation flag; see year-specific dictionary,hispanic_women
HumanResources,human_resources,pacific_islander_total,Pacific islander total (NCES HRNHPIT). Counts people in the selected occupational/faculty/new-hire row.,2012-2024,2012-2024; source dataset(s): instructional_staff/new_hires/staff,dataset-dependent: institution × year × occupation/staff/tenure/rank code,people,EAP; S*_OC/IS/SIS/NH; SAL*_IS/NIS (selected dataset),HRNHPIT,source column (renamed),
HumanResources,human_resources,pacific_islander_total_status,NCES XHRNHPIT reporting/imputation status for pacific_islander_total.,2012-2024,2012-2024; source dataset(s): instructional_staff/new_hires/staff,dataset-dependent: institution × year × occupation/staff/tenure/rank code,NCES status code,EAP; S*_OC/IS/SIS/NH; SAL*_IS/NIS (selected dataset),XHRNHPIT,NCES raw reporting/imputation flag; see year-specific dictionary,pacific_islander_total
HumanResources,human_resources,pacific_islander_men,Pacific islander men (NCES HRNHPIM). Counts people in the selected occupational/faculty/new-hire row.,2012-2024,2012-2024; source dataset(s): instructional_staff/new_hires/staff,dataset-dependent: institution × year × occupation/staff/tenure/rank code,people,EAP; S*_OC/IS/SIS/NH; SAL*_IS/NIS (selected dataset),HRNHPIM,source column (renamed),
HumanResources,human_resources,pacific_islander_men_status,NCES XHRNHPIM reporting/imputation status for pacific_islander_men.,2012-2024,2012-2024; source dataset(s): instructional_staff/new_hires/staff,dataset-dependent: institution × year × occupation/staff/tenure/rank code,NCES status code,EAP; S*_OC/IS/SIS/NH; SAL*_IS/NIS (selected dataset),XHRNHPIM,NCES raw reporting/imputation flag; see year-specific dictionary,pacific_islander_men
HumanResources,human_resources,pacific_islander_women,Pacific islander women (NCES HRNHPIW). Counts people in the selected occupational/faculty/new-hire row.,2012-2024,2012-2024; source dataset(s): instructional_staff/new_hires/staff,dataset-dependent: institution × year × occupation/staff/tenure/rank code,people,EAP; S*_OC/IS/SIS/NH; SAL*_IS/NIS (selected dataset),HRNHPIW,source column (renamed),
HumanResources,human_resources,pacific_islander_women_status,NCES XHRNHPIW reporting/imputation status for pacific_islander_women.,2012-2024,2012-2024; source dataset(s): instructional_staff/new_hires/staff,dataset-dependent: institution × year × occupation/staff/tenure/rank code,NCES status code,EAP; S*_OC/IS/SIS/NH; SAL*_IS/NIS (selected dataset),XHRNHPIW,NCES raw reporting/imputation flag; see year-specific dictionary,pacific_islander_women
HumanResources,human_resources,white_total,White total (NCES HRWHITT). Counts people in the selected occupational/faculty/new-hire row.,2012-2024,2012-2024; source dataset(s): instructional_staff/new_hires/staff,dataset-dependent: institution × year × occupation/staff/tenure/rank code,people,EAP; S*_OC/IS/SIS/NH; SAL*_IS/NIS (selected dataset),HRWHITT,source column (renamed),
HumanResources,human_resources,white_total_status,NCES XHRWHITT reporting/imputation status for white_total.,2012-2024,2012-2024; source dataset(s): instructional_staff/new_hires/staff,dataset-dependent: institution × year × occupation/staff/tenure/rank code,NCES status code,EAP; S*_OC/IS/SIS/NH; SAL*_IS/NIS (selected dataset),XHRWHITT,NCES raw reporting/imputation flag; see year-specific dictionary,white_total
HumanResources,human_resources,white_men,White men (NCES HRWHITM). Counts people in the selected occupational/faculty/new-hire row.,2012-2024,2012-2024; source dataset(s): instructional_staff/new_hires/staff,dataset-dependent: institution × year × occupation/staff/tenure/rank code,people,EAP; S*_OC/IS/SIS/NH; SAL*_IS/NIS (selected dataset),HRWHITM,source column (renamed),
HumanResources,human_resources,white_men_status,NCES XHRWHITM reporting/imputation status for white_men.,2012-2024,2012-2024; source dataset(s): instructional_staff/new_hires/staff,dataset-dependent: institution × year × occupation/staff/tenure/rank code,NCES status code,EAP; S*_OC/IS/SIS/NH; SAL*_IS/NIS (selected dataset),XHRWHITM,NCES raw reporting/imputation flag; see year-specific dictionary,white_men
HumanResources,human_resources,white_women,White women (NCES HRWHITW). Counts people in the selected occupational/faculty/new-hire row.,2012-2024,2012-2024; source dataset(s): instructional_staff/new_hires/staff,dataset-dependent: institution × year × occupation/staff/tenure/rank code,people,EAP; S*_OC/IS/SIS/NH; SAL*_IS/NIS (selected dataset),HRWHITW,source column (renamed),
HumanResources,human_resources,white_women_status,NCES XHRWHITW reporting/imputation status for white_women.,2012-2024,2012-2024; source dataset(s): instructional_staff/new_hires/staff,dataset-dependent: institution × year × occupation/staff/tenure/rank code,NCES status code,EAP; S*_OC/IS/SIS/NH; SAL*_IS/NIS (selected dataset),XHRWHITW,NCES raw reporting/imputation flag; see year-specific dictionary,white_women
HumanResources,human_resources,two_or_more_total,Two or more total (NCES HR2MORT). Counts people in the selected occupational/faculty/new-hire row.,2012-2024,2012-2024; source dataset(s): instructional_staff/new_hires/staff,dataset-dependent: institution × year × occupation/staff/tenure/rank code,people,EAP; S*_OC/IS/SIS/NH; SAL*_IS/NIS (selected dataset),HR2MORT,source column (renamed),
HumanResources,human_resources,two_or_more_total_status,NCES XHR2MORT reporting/imputation status for two_or_more_total.,2012-2024,2012-2024; source dataset(s): instructional_staff/new_hires/staff,dataset-dependent: institution × year × occupation/staff/tenure/rank code,NCES status code,EAP; S*_OC/IS/SIS/NH; SAL*_IS/NIS (selected dataset),XHR2MORT,NCES raw reporting/imputation flag; see year-specific dictionary,two_or_more_total
HumanResources,human_resources,two_or_more_men,Two or more men (NCES HR2MORM). Counts people in the selected occupational/faculty/new-hire row.,2012-2024,2012-2024; source dataset(s): instructional_staff/new_hires/staff,dataset-dependent: institution × year × occupation/staff/tenure/rank code,people,EAP; S*_OC/IS/SIS/NH; SAL*_IS/NIS (selected dataset),HR2MORM,source column (renamed),
HumanResources,human_resources,two_or_more_men_status,NCES XHR2MORM reporting/imputation status for two_or_more_men.,2012-2024,2012-2024; source dataset(s): instructional_staff/new_hires/staff,dataset-dependent: institution × year × occupation/staff/tenure/rank code,NCES status code,EAP; S*_OC/IS/SIS/NH; SAL*_IS/NIS (selected dataset),XHR2MORM,NCES raw reporting/imputation flag; see year-specific dictionary,two_or_more_men
HumanResources,human_resources,two_or_more_women,Two or more women (NCES HR2MORW). Counts people in the selected occupational/faculty/new-hire row.,2012-2024,2012-2024; source dataset(s): instructional_staff/new_hires/staff,dataset-dependent: institution × year × occupation/staff/tenure/rank code,people,EAP; S*_OC/IS/SIS/NH; SAL*_IS/NIS (selected dataset),HR2MORW,source column (renamed),
HumanResources,human_resources,two_or_more_women_status,NCES XHR2MORW reporting/imputation status for two_or_more_women.,2012-2024,2012-2024; source dataset(s): instructional_staff/new_hires/staff,dataset-dependent: institution × year × occupation/staff/tenure/rank code,NCES status code,EAP; S*_OC/IS/SIS/NH; SAL*_IS/NIS (selected dataset),XHR2MORW,NCES raw reporting/imputation flag; see year-specific dictionary,two_or_more_women
HumanResources,human_resources,race_unknown_total,Race unknown total (NCES HRUNKNT). Counts people in the selected occupational/faculty/new-hire row.,2012-2024,2012-2024; source dataset(s): instructional_staff/new_hires/staff,dataset-dependent: institution × year × occupation/staff/tenure/rank code,people,EAP; S*_OC/IS/SIS/NH; SAL*_IS/NIS (selected dataset),HRUNKNT,source column (renamed),
HumanResources,human_resources,race_unknown_total_status,NCES XHRUNKNT reporting/imputation status for race_unknown_total.,2012-2024,2012-2024; source dataset(s): instructional_staff/new_hires/staff,dataset-dependent: institution × year × occupation/staff/tenure/rank code,NCES status code,EAP; S*_OC/IS/SIS/NH; SAL*_IS/NIS (selected dataset),XHRUNKNT,NCES raw reporting/imputation flag; see year-specific dictionary,race_unknown_total
HumanResources,human_resources,race_unknown_men,Race unknown men (NCES HRUNKNM). Counts people in the selected occupational/faculty/new-hire row.,2012-2024,2012-2024; source dataset(s): instructional_staff/new_hires/staff,dataset-dependent: institution × year × occupation/staff/tenure/rank code,people,EAP; S*_OC/IS/SIS/NH; SAL*_IS/NIS (selected dataset),HRUNKNM,source column (renamed),
HumanResources,human_resources,race_unknown_men_status,NCES XHRUNKNM reporting/imputation status for race_unknown_men.,2012-2024,2012-2024; source dataset(s): instructional_staff/new_hires/staff,dataset-dependent: institution × year × occupation/staff/tenure/rank code,NCES status code,EAP; S*_OC/IS/SIS/NH; SAL*_IS/NIS (selected dataset),XHRUNKNM,NCES raw reporting/imputation flag; see year-specific dictionary,race_unknown_men
HumanResources,human_resources,race_unknown_women,Race unknown women (NCES HRUNKNW). Counts people in the selected occupational/faculty/new-hire row.,2012-2024,2012-2024; source dataset(s): instructional_staff/new_hires/staff,dataset-dependent: institution × year × occupation/staff/tenure/rank code,people,EAP; S*_OC/IS/SIS/NH; SAL*_IS/NIS (selected dataset),HRUNKNW,source column (renamed),
HumanResources,human_resources,race_unknown_women_status,NCES XHRUNKNW reporting/imputation status for race_unknown_women.,2012-2024,2012-2024; source dataset(s): instructional_staff/new_hires/staff,dataset-dependent: institution × year × occupation/staff/tenure/rank code,NCES status code,EAP; S*_OC/IS/SIS/NH; SAL*_IS/NIS (selected dataset),XHRUNKNW,NCES raw reporting/imputation flag; see year-specific dictionary,race_unknown_women
HumanResources,human_resources,nonresident_total,Nonresident total (NCES HRNRALT). Counts people in the selected occupational/faculty/new-hire row.,2012-2024,2012-2024; source dataset(s): instructional_staff/new_hires/staff,dataset-dependent: institution × year × occupation/staff/tenure/rank code,people,EAP; S*_OC/IS/SIS/NH; SAL*_IS/NIS (selected dataset),HRNRALT,source column (renamed),
HumanResources,human_resources,nonresident_total_status,NCES XHRNRALT reporting/imputation status for nonresident_total.,2012-2024,2012-2024; source dataset(s): instructional_staff/new_hires/staff,dataset-dependent: institution × year × occupation/staff/tenure/rank code,NCES status code,EAP; S*_OC/IS/SIS/NH; SAL*_IS/NIS (selected dataset),XHRNRALT,NCES raw reporting/imputation flag; see year-specific dictionary,nonresident_total
HumanResources,human_resources,nonresident_men,Nonresident men (NCES HRNRALM). Counts people in the selected occupational/faculty/new-hire row.,2012-2024,2012-2024; source dataset(s): instructional_staff/new_hires/staff,dataset-dependent: institution × year × occupation/staff/tenure/rank code,people,EAP; S*_OC/IS/SIS/NH; SAL*_IS/NIS (selected dataset),HRNRALM,source column (renamed),
HumanResources,human_resources,nonresident_men_status,NCES XHRNRALM reporting/imputation status for nonresident_men.,2012-2024,2012-2024; source dataset(s): instructional_staff/new_hires/staff,dataset-dependent: institution × year × occupation/staff/tenure/rank code,NCES status code,EAP; S*_OC/IS/SIS/NH; SAL*_IS/NIS (selected dataset),XHRNRALM,NCES raw reporting/imputation flag; see year-specific dictionary,nonresident_men
HumanResources,human_resources,nonresident_women,Nonresident women (NCES HRNRALW). Counts people in the selected occupational/faculty/new-hire row.,2012-2024,2012-2024; source dataset(s): instructional_staff/new_hires/staff,dataset-dependent: institution × year × occupation/staff/tenure/rank code,people,EAP; S*_OC/IS/SIS/NH; SAL*_IS/NIS (selected dataset),HRNRALW,source column (renamed),
HumanResources,human_resources,nonresident_women_status,NCES XHRNRALW reporting/imputation status for nonresident_women.,2012-2024,2012-2024; source dataset(s): instructional_staff/new_hires/staff,dataset-dependent: institution × year × occupation/staff/tenure/rank code,NCES status code,EAP; S*_OC/IS/SIS/NH; SAL*_IS/NIS (selected dataset),XHRNRALW,NCES raw reporting/imputation flag; see year-specific dictionary,nonresident_women
HumanResources,human_resources,employees_total,Employees total (NCES EAPTOT). Counts people in the selected occupational/faculty/new-hire row.,2012-2024,2012-2024; source dataset(s): employees,dataset-dependent: institution × year × occupation/staff/tenure/rank code,people,EAP; S*_OC/IS/SIS/NH; SAL*_IS/NIS (selected dataset),EAPTOT,source column (renamed),
HumanResources,human_resources,employees_total_status,NCES XEAPTOT reporting/imputation status for employees_total.,2012-2024,2012-2024; source dataset(s): employees,dataset-dependent: institution × year × occupation/staff/tenure/rank code,NCES status code,EAP; S*_OC/IS/SIS/NH; SAL*_IS/NIS (selected dataset),XEAPTOT,NCES raw reporting/imputation flag; see year-specific dictionary,employees_total
HumanResources,human_resources,employees_nonmedical,Employees nonmedical (NCES EAPTYP). Counts people in the selected occupational/faculty/new-hire row.,2012-2024,2012-2024; source dataset(s): employees,dataset-dependent: institution × year × occupation/staff/tenure/rank code,people,EAP; S*_OC/IS/SIS/NH; SAL*_IS/NIS (selected dataset),EAPTYP,source column (renamed),
HumanResources,human_resources,employees_nonmedical_status,NCES XEAPTYP reporting/imputation status for employees_nonmedical.,2012-2024,2012-2024; source dataset(s): employees,dataset-dependent: institution × year × occupation/staff/tenure/rank code,NCES status code,EAP; S*_OC/IS/SIS/NH; SAL*_IS/NIS (selected dataset),XEAPTYP,NCES raw reporting/imputation flag; see year-specific dictionary,employees_nonmedical
HumanResources,human_resources,employees_medical,Employees medical (NCES EAPMED). Counts people in the selected occupational/faculty/new-hire row.,2012-2024,2012-2024; source dataset(s): employees,dataset-dependent: institution × year × occupation/staff/tenure/rank code,people,EAP; S*_OC/IS/SIS/NH; SAL*_IS/NIS (selected dataset),EAPMED,source column (renamed),
HumanResources,human_resources,employees_medical_status,NCES XEAPMED reporting/imputation status for employees_medical.,2012-2024,2012-2024; source dataset(s): employees,dataset-dependent: institution × year × occupation/staff/tenure/rank code,NCES status code,EAP; S*_OC/IS/SIS/NH; SAL*_IS/NIS (selected dataset),XEAPMED,NCES raw reporting/imputation flag; see year-specific dictionary,employees_medical
HumanResources,human_resources,full_time_total,Full time total (NCES EAPFT). Counts people in the selected occupational/faculty/new-hire row.,2012-2024,2012-2024; source dataset(s): employees,dataset-dependent: institution × year × occupation/staff/tenure/rank code,people,EAP; S*_OC/IS/SIS/NH; SAL*_IS/NIS (selected dataset),EAPFT,source column (renamed),
HumanResources,human_resources,full_time_total_status,NCES XEAPFT reporting/imputation status for full_time_total.,2012-2024,2012-2024; source dataset(s): employees,dataset-dependent: institution × year × occupation/staff/tenure/rank code,NCES status code,EAP; S*_OC/IS/SIS/NH; SAL*_IS/NIS (selected dataset),XEAPFT,NCES raw reporting/imputation flag; see year-specific dictionary,full_time_total
HumanResources,human_resources,full_time_nonmedical,Full time nonmedical (NCES EAPFTTYP). Counts people in the selected occupational/faculty/new-hire row.,2012-2024,2012-2024; source dataset(s): employees,dataset-dependent: institution × year × occupation/staff/tenure/rank code,people,EAP; S*_OC/IS/SIS/NH; SAL*_IS/NIS (selected dataset),EAPFTTYP,source column (renamed),
HumanResources,human_resources,full_time_nonmedical_status,NCES XEAPFTTYP reporting/imputation status for full_time_nonmedical.,2012-2024,2012-2024; source dataset(s): employees,dataset-dependent: institution × year × occupation/staff/tenure/rank code,NCES status code,EAP; S*_OC/IS/SIS/NH; SAL*_IS/NIS (selected dataset),XEAPFTTYP,NCES raw reporting/imputation flag; see year-specific dictionary,full_time_nonmedical
HumanResources,human_resources,full_time_medical,Full time medical (NCES EAPFTMED). Counts people in the selected occupational/faculty/new-hire row.,2012-2024,2012-2024; source dataset(s): employees,dataset-dependent: institution × year × occupation/staff/tenure/rank code,people,EAP; S*_OC/IS/SIS/NH; SAL*_IS/NIS (selected dataset),EAPFTMED,source column (renamed),
HumanResources,human_resources,full_time_medical_status,NCES XEAPFTMED reporting/imputation status for full_time_medical.,2012-2024,2012-2024; source dataset(s): employees,dataset-dependent: institution × year × occupation/staff/tenure/rank code,NCES status code,EAP; S*_OC/IS/SIS/NH; SAL*_IS/NIS (selected dataset),XEAPFTMED,NCES raw reporting/imputation flag; see year-specific dictionary,full_time_medical
HumanResources,human_resources,part_time_total,Part time total (NCES EAPPT). Counts people in the selected occupational/faculty/new-hire row.,2012-2024,2012-2024; source dataset(s): employees,dataset-dependent: institution × year × occupation/staff/tenure/rank code,people,EAP; S*_OC/IS/SIS/NH; SAL*_IS/NIS (selected dataset),EAPPT,source column (renamed),
HumanResources,human_resources,part_time_total_status,NCES XEAPPT reporting/imputation status for part_time_total.,2012-2024,2012-2024; source dataset(s): employees,dataset-dependent: institution × year × occupation/staff/tenure/rank code,NCES status code,EAP; S*_OC/IS/SIS/NH; SAL*_IS/NIS (selected dataset),XEAPPT,NCES raw reporting/imputation flag; see year-specific dictionary,part_time_total
HumanResources,human_resources,part_time_nonmedical,Part time nonmedical (NCES EAPPTTYP). Counts people in the selected occupational/faculty/new-hire row.,2012-2024,2012-2024; source dataset(s): employees,dataset-dependent: institution × year × occupation/staff/tenure/rank code,people,EAP; S*_OC/IS/SIS/NH; SAL*_IS/NIS (selected dataset),EAPPTTYP,source column (renamed),
HumanResources,human_resources,part_time_nonmedical_status,NCES XEAPPTTYP reporting/imputation status for part_time_nonmedical.,2012-2024,2012-2024; source dataset(s): employees,dataset-dependent: institution × year × occupation/staff/tenure/rank code,NCES status code,EAP; S*_OC/IS/SIS/NH; SAL*_IS/NIS (selected dataset),XEAPPTTYP,NCES raw reporting/imputation flag; see year-specific dictionary,part_time_nonmedical
HumanResources,human_resources,part_time_medical,Part time medical (NCES EAPPTMED). Counts people in the selected occupational/faculty/new-hire row.,2012-2024,2012-2024; source dataset(s): employees,dataset-dependent: institution × year × occupation/staff/tenure/rank code,people,EAP; S*_OC/IS/SIS/NH; SAL*_IS/NIS (selected dataset),EAPPTMED,source column (renamed),
HumanResources,human_resources,part_time_medical_status,NCES XEAPPTMED reporting/imputation status for part_time_medical.,2012-2024,2012-2024; source dataset(s): employees,dataset-dependent: institution × year × occupation/staff/tenure/rank code,NCES status code,EAP; S*_OC/IS/SIS/NH; SAL*_IS/NIS (selected dataset),XEAPPTMED,NCES raw reporting/imputation flag; see year-specific dictionary,part_time_medical
HumanResources,human_resources,faculty_total,Faculty total (NCES SISTOTL). Counts people in the selected occupational/faculty/new-hire row.,2012-2024,2012-2024; source dataset(s): faculty_ranks,dataset-dependent: institution × year × occupation/staff/tenure/rank code,people,EAP; S*_OC/IS/SIS/NH; SAL*_IS/NIS (selected dataset),SISTOTL,source column (renamed),
HumanResources,human_resources,faculty_total_status,NCES XSISTOTL reporting/imputation status for faculty_total.,2012-2024,2012-2024; source dataset(s): faculty_ranks,dataset-dependent: institution × year × occupation/staff/tenure/rank code,NCES status code,EAP; S*_OC/IS/SIS/NH; SAL*_IS/NIS (selected dataset),XSISTOTL,NCES raw reporting/imputation flag; see year-specific dictionary,faculty_total
HumanResources,human_resources,professors,Professors (NCES SISPROF). Counts people in the selected occupational/faculty/new-hire row.,2012-2024,2012-2024; source dataset(s): faculty_ranks,dataset-dependent: institution × year × occupation/staff/tenure/rank code,people,EAP; S*_OC/IS/SIS/NH; SAL*_IS/NIS (selected dataset),SISPROF,source column (renamed),
HumanResources,human_resources,professors_status,NCES XSISPROF reporting/imputation status for professors.,2012-2024,2012-2024; source dataset(s): faculty_ranks,dataset-dependent: institution × year × occupation/staff/tenure/rank code,NCES status code,EAP; S*_OC/IS/SIS/NH; SAL*_IS/NIS (selected dataset),XSISPROF,NCES raw reporting/imputation flag; see year-specific dictionary,professors
HumanResources,human_resources,associate_professors,Associate professors (NCES SISASCP). Counts people in the selected occupational/faculty/new-hire row.,2012-2024,2012-2024; source dataset(s): faculty_ranks,dataset-dependent: institution × year × occupation/staff/tenure/rank code,people,EAP; S*_OC/IS/SIS/NH; SAL*_IS/NIS (selected dataset),SISASCP,source column (renamed),
HumanResources,human_resources,associate_professors_status,NCES XSISASCP reporting/imputation status for associate_professors.,2012-2024,2012-2024; source dataset(s): faculty_ranks,dataset-dependent: institution × year × occupation/staff/tenure/rank code,NCES status code,EAP; S*_OC/IS/SIS/NH; SAL*_IS/NIS (selected dataset),XSISASCP,NCES raw reporting/imputation flag; see year-specific dictionary,associate_professors
HumanResources,human_resources,assistant_professors,Assistant professors (NCES SISASTP). Counts people in the selected occupational/faculty/new-hire row.,2012-2024,2012-2024; source dataset(s): faculty_ranks,dataset-dependent: institution × year × occupation/staff/tenure/rank code,people,EAP; S*_OC/IS/SIS/NH; SAL*_IS/NIS (selected dataset),SISASTP,source column (renamed),
HumanResources,human_resources,assistant_professors_status,NCES XSISASTP reporting/imputation status for assistant_professors.,2012-2024,2012-2024; source dataset(s): faculty_ranks,dataset-dependent: institution × year × occupation/staff/tenure/rank code,NCES status code,EAP; S*_OC/IS/SIS/NH; SAL*_IS/NIS (selected dataset),XSISASTP,NCES raw reporting/imputation flag; see year-specific dictionary,assistant_professors
HumanResources,human_resources,instructors,Instructors (NCES SISINST). Counts people in the selected occupational/faculty/new-hire row.,2012-2024,2012-2024; source dataset(s): faculty_ranks,dataset-dependent: institution × year × occupation/staff/tenure/rank code,people,EAP; S*_OC/IS/SIS/NH; SAL*_IS/NIS (selected dataset),SISINST,source column (renamed),
HumanResources,human_resources,instructors_status,NCES XSISINST reporting/imputation status for instructors.,2012-2024,2012-2024; source dataset(s): faculty_ranks,dataset-dependent: institution × year × occupation/staff/tenure/rank code,NCES status code,EAP; S*_OC/IS/SIS/NH; SAL*_IS/NIS (selected dataset),XSISINST,NCES raw reporting/imputation flag; see year-specific dictionary,instructors
HumanResources,human_resources,lecturers,Lecturers (NCES SISLECT). Counts people in the selected occupational/faculty/new-hire row.,2012-2024,2012-2024; source dataset(s): faculty_ranks,dataset-dependent: institution × year × occupation/staff/tenure/rank code,people,EAP; S*_OC/IS/SIS/NH; SAL*_IS/NIS (selected dataset),SISLECT,source column (renamed),
HumanResources,human_resources,lecturers_status,NCES XSISLECT reporting/imputation status for lecturers.,2012-2024,2012-2024; source dataset(s): faculty_ranks,dataset-dependent: institution × year × occupation/staff/tenure/rank code,NCES status code,EAP; S*_OC/IS/SIS/NH; SAL*_IS/NIS (selected dataset),XSISLECT,NCES raw reporting/imputation flag; see year-specific dictionary,lecturers
HumanResources,human_resources,no_rank,No rank (NCES SISNORK). Counts people in the selected occupational/faculty/new-hire row.,2012-2024,2012-2024; source dataset(s): faculty_ranks,dataset-dependent: institution × year × occupation/staff/tenure/rank code,people,EAP; S*_OC/IS/SIS/NH; SAL*_IS/NIS (selected dataset),SISNORK,source column (renamed),
HumanResources,human_resources,no_rank_status,NCES XSISNORK reporting/imputation status for no_rank.,2012-2024,2012-2024; source dataset(s): faculty_ranks,dataset-dependent: institution × year × occupation/staff/tenure/rank code,NCES status code,EAP; S*_OC/IS/SIS/NH; SAL*_IS/NIS (selected dataset),XSISNORK,NCES raw reporting/imputation flag; see year-specific dictionary,no_rank
HumanResources,human_resources,staff_9to12_total,Staff 9to12 total (NCES SATOTLT). Source annual pay/contract measure; compare within the specified salary regime.,2012-2024,2012-2024; source dataset(s): instructional_salaries,dataset-dependent: institution × year × occupation/staff/tenure/rank code,people,EAP; S*_OC/IS/SIS/NH; SAL*_IS/NIS (selected dataset),SATOTLT,source column (renamed),
HumanResources,human_resources,staff_9to12_total_status,NCES XSATOTLT reporting/imputation status for staff_9to12_total.,2012-2024,2012-2024; source dataset(s): instructional_salaries,dataset-dependent: institution × year × occupation/staff/tenure/rank code,NCES status code,EAP; S*_OC/IS/SIS/NH; SAL*_IS/NIS (selected dataset),XSATOTLT,NCES raw reporting/imputation flag; see year-specific dictionary,staff_9to12_total
HumanResources,human_resources,instructional_staff_total,Instructional staff total (NCES SAINSTT). Source annual pay/contract measure; compare within the specified salary regime.,2012-2024,2016-2024 instructional salary source only,dataset-dependent: institution × year × occupation/staff/tenure/rank code,people,EAP; S*_OC/IS/SIS/NH; SAL*_IS/NIS (selected dataset),SAINSTT,source column (renamed),
HumanResources,human_resources,instructional_staff_total_status,NCES XSAINSTT reporting/imputation status for instructional_staff_total.,2012-2024,2016-2024 instructional salary source only,dataset-dependent: institution × year × occupation/staff/tenure/rank code,NCES status code,EAP; S*_OC/IS/SIS/NH; SAL*_IS/NIS (selected dataset),XSAINSTT,NCES raw reporting/imputation flag; see year-specific dictionary,instructional_staff_total
HumanResources,human_resources,staff_under9_total,Staff under9 total (NCES SA_9MCT). Source annual pay/contract measure; compare within the specified salary regime.,2012-2024,2016-2024 instructional salary source only,dataset-dependent: institution × year × occupation/staff/tenure/rank code,people,EAP; S*_OC/IS/SIS/NH; SAL*_IS/NIS (selected dataset),SA_9MCT,source column (renamed),
HumanResources,human_resources,staff_under9_total_status,NCES XSA_9MCT reporting/imputation status for staff_under9_total.,2012-2024,2016-2024 instructional salary source only,dataset-dependent: institution × year × occupation/staff/tenure/rank code,NCES status code,EAP; S*_OC/IS/SIS/NH; SAL*_IS/NIS (selected dataset),XSA_9MCT,NCES raw reporting/imputation flag; see year-specific dictionary,staff_under9_total
HumanResources,human_resources,salary_outlay_total,Salary outlay total (NCES SAOUTLT). Source annual pay/contract measure; compare within the specified salary regime.,2012-2024,2012-2024; source dataset(s): instructional_salaries,dataset-dependent: institution × year × occupation/staff/tenure/rank code,nominal dollars (institution aggregates or rank average),EAP; S*_OC/IS/SIS/NH; SAL*_IS/NIS (selected dataset),SAOUTLT,source column (renamed),
HumanResources,human_resources,salary_outlay_total_status,NCES XSAOUTLT reporting/imputation status for salary_outlay_total.,2012-2024,2012-2024; source dataset(s): instructional_salaries,dataset-dependent: institution × year × occupation/staff/tenure/rank code,NCES status code,EAP; S*_OC/IS/SIS/NH; SAL*_IS/NIS (selected dataset),XSAOUTLT,NCES raw reporting/imputation flag; see year-specific dictionary,salary_outlay_total
HumanResources,human_resources,equated_9_month_salary_total,Equated 9 month salary total (NCES SAEQ9AT). Source annual pay/contract measure; compare within the specified salary regime.,2012-2024,2016-2024 instructional salary source only,dataset-dependent: institution × year × occupation/staff/tenure/rank code,nominal dollars (institution aggregates or rank average),EAP; S*_OC/IS/SIS/NH; SAL*_IS/NIS (selected dataset),SAEQ9AT,source column (renamed),
HumanResources,human_resources,equated_9_month_salary_total_status,NCES XSAEQ9AT reporting/imputation status for equated_9_month_salary_total.,2012-2024,2016-2024 instructional salary source only,dataset-dependent: institution × year × occupation/staff/tenure/rank code,NCES status code,EAP; S*_OC/IS/SIS/NH; SAL*_IS/NIS (selected dataset),XSAEQ9AT,NCES raw reporting/imputation flag; see year-specific dictionary,equated_9_month_salary_total
HumanResources,human_resources,equated_9_month_outlay_total,Equated 9 month outlay total (NCES SAEQ9OT). Source annual pay/contract measure; compare within the specified salary regime.,2012-2024,2016-2024 instructional salary source only,dataset-dependent: institution × year × occupation/staff/tenure/rank code,nominal dollars (institution aggregates or rank average),EAP; S*_OC/IS/SIS/NH; SAL*_IS/NIS (selected dataset),SAEQ9OT,source column (renamed),
HumanResources,human_resources,equated_9_month_outlay_total_status,NCES XSAEQ9OT reporting/imputation status for equated_9_month_outlay_total.,2012-2024,2016-2024 instructional salary source only,dataset-dependent: institution × year × occupation/staff/tenure/rank code,NCES status code,EAP; S*_OC/IS/SIS/NH; SAL*_IS/NIS (selected dataset),XSAEQ9OT,NCES raw reporting/imputation flag; see year-specific dictionary,equated_9_month_outlay_total
HumanResources,human_resources,average_months_total,Average months total (NCES SAAVMNT). Source annual pay/contract measure; compare within the specified salary regime.,2012-2024,2012-2017 instructional salary source; absent from 2018+,dataset-dependent: institution × year × occupation/staff/tenure/rank code,months,EAP; S*_OC/IS/SIS/NH; SAL*_IS/NIS (selected dataset),SAAVMNT,source column (renamed),
HumanResources,human_resources,average_months_total_status,NCES XSAAVMNT reporting/imputation status for average_months_total.,2012-2024,2012-2017 instructional salary source; absent from 2018+,dataset-dependent: institution × year × occupation/staff/tenure/rank code,NCES status code,EAP; S*_OC/IS/SIS/NH; SAL*_IS/NIS (selected dataset),XSAAVMNT,NCES raw reporting/imputation flag; see year-specific dictionary,average_months_total
HumanResources,human_resources,months_worked_total,Months worked total (NCES SAMNTHT). Source annual pay/contract measure; compare within the specified salary regime.,2012-2024,2012-2017 instructional salary source; absent from 2018+,dataset-dependent: institution × year × occupation/staff/tenure/rank code,months,EAP; S*_OC/IS/SIS/NH; SAL*_IS/NIS (selected dataset),SAMNTHT,source column (renamed),
HumanResources,human_resources,months_worked_total_status,NCES XSAMNTHT reporting/imputation status for months_worked_total.,2012-2024,2012-2017 instructional salary source; absent from 2018+,dataset-dependent: institution × year × occupation/staff/tenure/rank code,NCES status code,EAP; S*_OC/IS/SIS/NH; SAL*_IS/NIS (selected dataset),XSAMNTHT,NCES raw reporting/imputation flag; see year-specific dictionary,months_worked_total
HumanResources,human_resources,staff_9_month_total,Staff 9 month total (NCES SA09MCT). Source annual pay/contract measure; compare within the specified salary regime.,2012-2024,2012-2024 instructional salary source only,dataset-dependent: institution × year × occupation/staff/tenure/rank code,people,EAP; S*_OC/IS/SIS/NH; SAL*_IS/NIS (selected dataset),SA09MCT,source column (renamed),
HumanResources,human_resources,staff_9_month_total_status,NCES XSA09MCT reporting/imputation status for staff_9_month_total.,2012-2024,2012-2024 instructional salary source only,dataset-dependent: institution × year × occupation/staff/tenure/rank code,NCES status code,EAP; S*_OC/IS/SIS/NH; SAL*_IS/NIS (selected dataset),XSA09MCT,NCES raw reporting/imputation flag; see year-specific dictionary,staff_9_month_total
HumanResources,human_resources,salary_outlay_9_month_total,Salary outlay 9 month total (NCES SA09MOT). Source annual pay/contract measure; compare within the specified salary regime.,2012-2024,2016-2024 instructional salary source only,dataset-dependent: institution × year × occupation/staff/tenure/rank code,nominal dollars (institution aggregates or rank average),EAP; S*_OC/IS/SIS/NH; SAL*_IS/NIS (selected dataset),SA09MOT,source column (renamed),
HumanResources,human_resources,salary_outlay_9_month_total_status,NCES XSA09MOT reporting/imputation status for salary_outlay_9_month_total.,2012-2024,2016-2024 instructional salary source only,dataset-dependent: institution × year × occupation/staff/tenure/rank code,NCES status code,EAP; S*_OC/IS/SIS/NH; SAL*_IS/NIS (selected dataset),XSA09MOT,NCES raw reporting/imputation flag; see year-specific dictionary,salary_outlay_9_month_total
HumanResources,human_resources,average_salary_9_month_total,Average salary 9 month total (NCES SA09MAT). Source annual pay/contract measure; compare within the specified salary regime.,2012-2024,2016-2024 instructional salary source only,dataset-dependent: institution × year × occupation/staff/tenure/rank code,nominal dollars (institution aggregates or rank average),EAP; S*_OC/IS/SIS/NH; SAL*_IS/NIS (selected dataset),SA09MAT,source column (renamed),
HumanResources,human_resources,average_salary_9_month_total_status,NCES XSA09MAT reporting/imputation status for average_salary_9_month_total.,2012-2024,2016-2024 instructional salary source only,dataset-dependent: institution × year × occupation/staff/tenure/rank code,NCES status code,EAP; S*_OC/IS/SIS/NH; SAL*_IS/NIS (selected dataset),XSA09MAT,NCES raw reporting/imputation flag; see year-specific dictionary,average_salary_9_month_total
HumanResources,human_resources,staff_10_month_total,Staff 10 month total (NCES SA10MCT). Source annual pay/contract measure; compare within the specified salary regime.,2012-2024,2012-2024 instructional salary source only,dataset-dependent: institution × year × occupation/staff/tenure/rank code,people,EAP; S*_OC/IS/SIS/NH; SAL*_IS/NIS (selected dataset),SA10MCT,source column (renamed),
HumanResources,human_resources,staff_10_month_total_status,NCES XSA10MCT reporting/imputation status for staff_10_month_total.,2012-2024,2012-2024 instructional salary source only,dataset-dependent: institution × year × occupation/staff/tenure/rank code,NCES status code,EAP; S*_OC/IS/SIS/NH; SAL*_IS/NIS (selected dataset),XSA10MCT,NCES raw reporting/imputation flag; see year-specific dictionary,staff_10_month_total
HumanResources,human_resources,salary_outlay_10_month_total,Salary outlay 10 month total (NCES SA10MOT). Source annual pay/contract measure; compare within the specified salary regime.,2012-2024,2016-2024 instructional salary source only,dataset-dependent: institution × year × occupation/staff/tenure/rank code,nominal dollars (institution aggregates or rank average),EAP; S*_OC/IS/SIS/NH; SAL*_IS/NIS (selected dataset),SA10MOT,source column (renamed),
HumanResources,human_resources,salary_outlay_10_month_total_status,NCES XSA10MOT reporting/imputation status for salary_outlay_10_month_total.,2012-2024,2016-2024 instructional salary source only,dataset-dependent: institution × year × occupation/staff/tenure/rank code,NCES status code,EAP; S*_OC/IS/SIS/NH; SAL*_IS/NIS (selected dataset),XSA10MOT,NCES raw reporting/imputation flag; see year-specific dictionary,salary_outlay_10_month_total
HumanResources,human_resources,average_salary_10_month_total,Average salary 10 month total (NCES SA10MAT). Source annual pay/contract measure; compare within the specified salary regime.,2012-2024,2016-2024 instructional salary source only,dataset-dependent: institution × year × occupation/staff/tenure/rank code,nominal dollars (institution aggregates or rank average),EAP; S*_OC/IS/SIS/NH; SAL*_IS/NIS (selected dataset),SA10MAT,source column (renamed),
HumanResources,human_resources,average_salary_10_month_total_status,NCES XSA10MAT reporting/imputation status for average_salary_10_month_total.,2012-2024,2016-2024 instructional salary source only,dataset-dependent: institution × year × occupation/staff/tenure/rank code,NCES status code,EAP; S*_OC/IS/SIS/NH; SAL*_IS/NIS (selected dataset),XSA10MAT,NCES raw reporting/imputation flag; see year-specific dictionary,average_salary_10_month_total
HumanResources,human_resources,staff_11_month_total,Staff 11 month total (NCES SA11MCT). Source annual pay/contract measure; compare within the specified salary regime.,2012-2024,2012-2024 instructional salary source only,dataset-dependent: institution × year × occupation/staff/tenure/rank code,people,EAP; S*_OC/IS/SIS/NH; SAL*_IS/NIS (selected dataset),SA11MCT,source column (renamed),
HumanResources,human_resources,staff_11_month_total_status,NCES XSA11MCT reporting/imputation status for staff_11_month_total.,2012-2024,2012-2024 instructional salary source only,dataset-dependent: institution × year × occupation/staff/tenure/rank code,NCES status code,EAP; S*_OC/IS/SIS/NH; SAL*_IS/NIS (selected dataset),XSA11MCT,NCES raw reporting/imputation flag; see year-specific dictionary,staff_11_month_total
HumanResources,human_resources,salary_outlay_11_month_total,Salary outlay 11 month total (NCES SA11MOT). Source annual pay/contract measure; compare within the specified salary regime.,2012-2024,2016-2024 instructional salary source only,dataset-dependent: institution × year × occupation/staff/tenure/rank code,nominal dollars (institution aggregates or rank average),EAP; S*_OC/IS/SIS/NH; SAL*_IS/NIS (selected dataset),SA11MOT,source column (renamed),
HumanResources,human_resources,salary_outlay_11_month_total_status,NCES XSA11MOT reporting/imputation status for salary_outlay_11_month_total.,2012-2024,2016-2024 instructional salary source only,dataset-dependent: institution × year × occupation/staff/tenure/rank code,NCES status code,EAP; S*_OC/IS/SIS/NH; SAL*_IS/NIS (selected dataset),XSA11MOT,NCES raw reporting/imputation flag; see year-specific dictionary,salary_outlay_11_month_total
HumanResources,human_resources,average_salary_11_month_total,Average salary 11 month total (NCES SA11MAT). Source annual pay/contract measure; compare within the specified salary regime.,2012-2024,2016-2024 instructional salary source only,dataset-dependent: institution × year × occupation/staff/tenure/rank code,nominal dollars (institution aggregates or rank average),EAP; S*_OC/IS/SIS/NH; SAL*_IS/NIS (selected dataset),SA11MAT,source column (renamed),
HumanResources,human_resources,average_salary_11_month_total_status,NCES XSA11MAT reporting/imputation status for average_salary_11_month_total.,2012-2024,2016-2024 instructional salary source only,dataset-dependent: institution × year × occupation/staff/tenure/rank code,NCES status code,EAP; S*_OC/IS/SIS/NH; SAL*_IS/NIS (selected dataset),XSA11MAT,NCES raw reporting/imputation flag; see year-specific dictionary,average_salary_11_month_total
HumanResources,human_resources,staff_12_month_total,Staff 12 month total (NCES SA12MCT). Source annual pay/contract measure; compare within the specified salary regime.,2012-2024,2012-2024 instructional salary source only,dataset-dependent: institution × year × occupation/staff/tenure/rank code,people,EAP; S*_OC/IS/SIS/NH; SAL*_IS/NIS (selected dataset),SA12MCT,source column (renamed),
HumanResources,human_resources,staff_12_month_total_status,NCES XSA12MCT reporting/imputation status for staff_12_month_total.,2012-2024,2012-2024 instructional salary source only,dataset-dependent: institution × year × occupation/staff/tenure/rank code,NCES status code,EAP; S*_OC/IS/SIS/NH; SAL*_IS/NIS (selected dataset),XSA12MCT,NCES raw reporting/imputation flag; see year-specific dictionary,staff_12_month_total
HumanResources,human_resources,salary_outlay_12_month_total,Salary outlay 12 month total (NCES SA12MOT). Source annual pay/contract measure; compare within the specified salary regime.,2012-2024,2016-2024 instructional salary source only,dataset-dependent: institution × year × occupation/staff/tenure/rank code,nominal dollars (institution aggregates or rank average),EAP; S*_OC/IS/SIS/NH; SAL*_IS/NIS (selected dataset),SA12MOT,source column (renamed),
HumanResources,human_resources,salary_outlay_12_month_total_status,NCES XSA12MOT reporting/imputation status for salary_outlay_12_month_total.,2012-2024,2016-2024 instructional salary source only,dataset-dependent: institution × year × occupation/staff/tenure/rank code,NCES status code,EAP; S*_OC/IS/SIS/NH; SAL*_IS/NIS (selected dataset),XSA12MOT,NCES raw reporting/imputation flag; see year-specific dictionary,salary_outlay_12_month_total
HumanResources,human_resources,average_salary_12_month_total,Average salary 12 month total (NCES SA12MAT). Source annual pay/contract measure; compare within the specified salary regime.,2012-2024,2016-2024 instructional salary source only,dataset-dependent: institution × year × occupation/staff/tenure/rank code,nominal dollars (institution aggregates or rank average),EAP; S*_OC/IS/SIS/NH; SAL*_IS/NIS (selected dataset),SA12MAT,source column (renamed),
HumanResources,human_resources,average_salary_12_month_total_status,NCES XSA12MAT reporting/imputation status for average_salary_12_month_total.,2012-2024,2016-2024 instructional salary source only,dataset-dependent: institution × year × occupation/staff/tenure/rank code,NCES status code,EAP; S*_OC/IS/SIS/NH; SAL*_IS/NIS (selected dataset),XSA12MAT,NCES raw reporting/imputation flag; see year-specific dictionary,average_salary_12_month_total
HumanResources,human_resources,staff_9to12_men,Staff 9to12 men (NCES SATOTLM). Source annual pay/contract measure; compare within the specified salary regime.,2012-2024,2012-2024; source dataset(s): instructional_salaries,dataset-dependent: institution × year × occupation/staff/tenure/rank code,people,EAP; S*_OC/IS/SIS/NH; SAL*_IS/NIS (selected dataset),SATOTLM,source column (renamed),
HumanResources,human_resources,staff_9to12_men_status,NCES XSATOTLM reporting/imputation status for staff_9to12_men.,2012-2024,2012-2024; source dataset(s): instructional_salaries,dataset-dependent: institution × year × occupation/staff/tenure/rank code,NCES status code,EAP; S*_OC/IS/SIS/NH; SAL*_IS/NIS (selected dataset),XSATOTLM,NCES raw reporting/imputation flag; see year-specific dictionary,staff_9to12_men
HumanResources,human_resources,instructional_staff_men,Instructional staff men (NCES SAINSTM). Source annual pay/contract measure; compare within the specified salary regime.,2012-2024,2016-2024 instructional salary source only,dataset-dependent: institution × year × occupation/staff/tenure/rank code,people,EAP; S*_OC/IS/SIS/NH; SAL*_IS/NIS (selected dataset),SAINSTM,source column (renamed),
HumanResources,human_resources,instructional_staff_men_status,NCES XSAINSTM reporting/imputation status for instructional_staff_men.,2012-2024,2016-2024 instructional salary source only,dataset-dependent: institution × year × occupation/staff/tenure/rank code,NCES status code,EAP; S*_OC/IS/SIS/NH; SAL*_IS/NIS (selected dataset),XSAINSTM,NCES raw reporting/imputation flag; see year-specific dictionary,instructional_staff_men
HumanResources,human_resources,staff_under9_men,Staff under9 men (NCES SA_9MCM). Source annual pay/contract measure; compare within the specified salary regime.,2012-2024,2016-2024 instructional salary source only,dataset-dependent: institution × year × occupation/staff/tenure/rank code,people,EAP; S*_OC/IS/SIS/NH; SAL*_IS/NIS (selected dataset),SA_9MCM,source column (renamed),
HumanResources,human_resources,staff_under9_men_status,NCES XSA_9MCM reporting/imputation status for staff_under9_men.,2012-2024,2016-2024 instructional salary source only,dataset-dependent: institution × year × occupation/staff/tenure/rank code,NCES status code,EAP; S*_OC/IS/SIS/NH; SAL*_IS/NIS (selected dataset),XSA_9MCM,NCES raw reporting/imputation flag; see year-specific dictionary,staff_under9_men
HumanResources,human_resources,salary_outlay_men,Salary outlay men (NCES SAOUTLM). Source annual pay/contract measure; compare within the specified salary regime.,2012-2024,2012-2024; source dataset(s): instructional_salaries,dataset-dependent: institution × year × occupation/staff/tenure/rank code,nominal dollars (institution aggregates or rank average),EAP; S*_OC/IS/SIS/NH; SAL*_IS/NIS (selected dataset),SAOUTLM,source column (renamed),
HumanResources,human_resources,salary_outlay_men_status,NCES XSAOUTLM reporting/imputation status for salary_outlay_men.,2012-2024,2012-2024; source dataset(s): instructional_salaries,dataset-dependent: institution × year × occupation/staff/tenure/rank code,NCES status code,EAP; S*_OC/IS/SIS/NH; SAL*_IS/NIS (selected dataset),XSAOUTLM,NCES raw reporting/imputation flag; see year-specific dictionary,salary_outlay_men
HumanResources,human_resources,equated_9_month_salary_men,Equated 9 month salary men (NCES SAEQ9AM). Source annual pay/contract measure; compare within the specified salary regime.,2012-2024,2016-2024 instructional salary source only,dataset-dependent: institution × year × occupation/staff/tenure/rank code,nominal dollars (institution aggregates or rank average),EAP; S*_OC/IS/SIS/NH; SAL*_IS/NIS (selected dataset),SAEQ9AM,source column (renamed),
HumanResources,human_resources,equated_9_month_salary_men_status,NCES XSAEQ9AM reporting/imputation status for equated_9_month_salary_men.,2012-2024,2016-2024 instructional salary source only,dataset-dependent: institution × year × occupation/staff/tenure/rank code,NCES status code,EAP; S*_OC/IS/SIS/NH; SAL*_IS/NIS (selected dataset),XSAEQ9AM,NCES raw reporting/imputation flag; see year-specific dictionary,equated_9_month_salary_men
HumanResources,human_resources,equated_9_month_outlay_men,Equated 9 month outlay men (NCES SAEQ9OM). Source annual pay/contract measure; compare within the specified salary regime.,2012-2024,2016-2024 instructional salary source only,dataset-dependent: institution × year × occupation/staff/tenure/rank code,nominal dollars (institution aggregates or rank average),EAP; S*_OC/IS/SIS/NH; SAL*_IS/NIS (selected dataset),SAEQ9OM,source column (renamed),
HumanResources,human_resources,equated_9_month_outlay_men_status,NCES XSAEQ9OM reporting/imputation status for equated_9_month_outlay_men.,2012-2024,2016-2024 instructional salary source only,dataset-dependent: institution × year × occupation/staff/tenure/rank code,NCES status code,EAP; S*_OC/IS/SIS/NH; SAL*_IS/NIS (selected dataset),XSAEQ9OM,NCES raw reporting/imputation flag; see year-specific dictionary,equated_9_month_outlay_men
HumanResources,human_resources,average_months_men,Average months men (NCES SAAVMNM). Source annual pay/contract measure; compare within the specified salary regime.,2012-2024,2012-2017 instructional salary source; absent from 2018+,dataset-dependent: institution × year × occupation/staff/tenure/rank code,months,EAP; S*_OC/IS/SIS/NH; SAL*_IS/NIS (selected dataset),SAAVMNM,source column (renamed),
HumanResources,human_resources,average_months_men_status,NCES XSAAVMNM reporting/imputation status for average_months_men.,2012-2024,2012-2017 instructional salary source; absent from 2018+,dataset-dependent: institution × year × occupation/staff/tenure/rank code,NCES status code,EAP; S*_OC/IS/SIS/NH; SAL*_IS/NIS (selected dataset),XSAAVMNM,NCES raw reporting/imputation flag; see year-specific dictionary,average_months_men
HumanResources,human_resources,months_worked_men,Months worked men (NCES SAMNTHM). Source annual pay/contract measure; compare within the specified salary regime.,2012-2024,2012-2017 instructional salary source; absent from 2018+,dataset-dependent: institution × year × occupation/staff/tenure/rank code,months,EAP; S*_OC/IS/SIS/NH; SAL*_IS/NIS (selected dataset),SAMNTHM,source column (renamed),
HumanResources,human_resources,months_worked_men_status,NCES XSAMNTHM reporting/imputation status for months_worked_men.,2012-2024,2012-2017 instructional salary source; absent from 2018+,dataset-dependent: institution × year × occupation/staff/tenure/rank code,NCES status code,EAP; S*_OC/IS/SIS/NH; SAL*_IS/NIS (selected dataset),XSAMNTHM,NCES raw reporting/imputation flag; see year-specific dictionary,months_worked_men
HumanResources,human_resources,staff_9_month_men,Staff 9 month men (NCES SA09MCM). Source annual pay/contract measure; compare within the specified salary regime.,2012-2024,2012-2024 instructional salary source only,dataset-dependent: institution × year × occupation/staff/tenure/rank code,people,EAP; S*_OC/IS/SIS/NH; SAL*_IS/NIS (selected dataset),SA09MCM,source column (renamed),
HumanResources,human_resources,staff_9_month_men_status,NCES XSA09MCM reporting/imputation status for staff_9_month_men.,2012-2024,2012-2024 instructional salary source only,dataset-dependent: institution × year × occupation/staff/tenure/rank code,NCES status code,EAP; S*_OC/IS/SIS/NH; SAL*_IS/NIS (selected dataset),XSA09MCM,NCES raw reporting/imputation flag; see year-specific dictionary,staff_9_month_men
HumanResources,human_resources,salary_outlay_9_month_men,Salary outlay 9 month men (NCES SA09MOM). Source annual pay/contract measure; compare within the specified salary regime.,2012-2024,2016-2024 instructional salary source only,dataset-dependent: institution × year × occupation/staff/tenure/rank code,nominal dollars (institution aggregates or rank average),EAP; S*_OC/IS/SIS/NH; SAL*_IS/NIS (selected dataset),SA09MOM,source column (renamed),
HumanResources,human_resources,salary_outlay_9_month_men_status,NCES XSA09MOM reporting/imputation status for salary_outlay_9_month_men.,2012-2024,2016-2024 instructional salary source only,dataset-dependent: institution × year × occupation/staff/tenure/rank code,NCES status code,EAP; S*_OC/IS/SIS/NH; SAL*_IS/NIS (selected dataset),XSA09MOM,NCES raw reporting/imputation flag; see year-specific dictionary,salary_outlay_9_month_men
HumanResources,human_resources,average_salary_9_month_men,Average salary 9 month men (NCES SA09MAM). Source annual pay/contract measure; compare within the specified salary regime.,2012-2024,2016-2024 instructional salary source only,dataset-dependent: institution × year × occupation/staff/tenure/rank code,nominal dollars (institution aggregates or rank average),EAP; S*_OC/IS/SIS/NH; SAL*_IS/NIS (selected dataset),SA09MAM,source column (renamed),
HumanResources,human_resources,average_salary_9_month_men_status,NCES XSA09MAM reporting/imputation status for average_salary_9_month_men.,2012-2024,2016-2024 instructional salary source only,dataset-dependent: institution × year × occupation/staff/tenure/rank code,NCES status code,EAP; S*_OC/IS/SIS/NH; SAL*_IS/NIS (selected dataset),XSA09MAM,NCES raw reporting/imputation flag; see year-specific dictionary,average_salary_9_month_men
HumanResources,human_resources,staff_10_month_men,Staff 10 month men (NCES SA10MCM). Source annual pay/contract measure; compare within the specified salary regime.,2012-2024,2012-2024 instructional salary source only,dataset-dependent: institution × year × occupation/staff/tenure/rank code,people,EAP; S*_OC/IS/SIS/NH; SAL*_IS/NIS (selected dataset),SA10MCM,source column (renamed),
HumanResources,human_resources,staff_10_month_men_status,NCES XSA10MCM reporting/imputation status for staff_10_month_men.,2012-2024,2012-2024 instructional salary source only,dataset-dependent: institution × year × occupation/staff/tenure/rank code,NCES status code,EAP; S*_OC/IS/SIS/NH; SAL*_IS/NIS (selected dataset),XSA10MCM,NCES raw reporting/imputation flag; see year-specific dictionary,staff_10_month_men
HumanResources,human_resources,salary_outlay_10_month_men,Salary outlay 10 month men (NCES SA10MOM). Source annual pay/contract measure; compare within the specified salary regime.,2012-2024,2016-2024 instructional salary source only,dataset-dependent: institution × year × occupation/staff/tenure/rank code,nominal dollars (institution aggregates or rank average),EAP; S*_OC/IS/SIS/NH; SAL*_IS/NIS (selected dataset),SA10MOM,source column (renamed),
HumanResources,human_resources,salary_outlay_10_month_men_status,NCES XSA10MOM reporting/imputation status for salary_outlay_10_month_men.,2012-2024,2016-2024 instructional salary source only,dataset-dependent: institution × year × occupation/staff/tenure/rank code,NCES status code,EAP; S*_OC/IS/SIS/NH; SAL*_IS/NIS (selected dataset),XSA10MOM,NCES raw reporting/imputation flag; see year-specific dictionary,salary_outlay_10_month_men
HumanResources,human_resources,average_salary_10_month_men,Average salary 10 month men (NCES SA10MAM). Source annual pay/contract measure; compare within the specified salary regime.,2012-2024,2016-2024 instructional salary source only,dataset-dependent: institution × year × occupation/staff/tenure/rank code,nominal dollars (institution aggregates or rank average),EAP; S*_OC/IS/SIS/NH; SAL*_IS/NIS (selected dataset),SA10MAM,source column (renamed),
HumanResources,human_resources,average_salary_10_month_men_status,NCES XSA10MAM reporting/imputation status for average_salary_10_month_men.,2012-2024,2016-2024 instructional salary source only,dataset-dependent: institution × year × occupation/staff/tenure/rank code,NCES status code,EAP; S*_OC/IS/SIS/NH; SAL*_IS/NIS (selected dataset),XSA10MAM,NCES raw reporting/imputation flag; see year-specific dictionary,average_salary_10_month_men
HumanResources,human_resources,staff_11_month_men,Staff 11 month men (NCES SA11MCM). Source annual pay/contract measure; compare within the specified salary regime.,2012-2024,2012-2024 instructional salary source only,dataset-dependent: institution × year × occupation/staff/tenure/rank code,people,EAP; S*_OC/IS/SIS/NH; SAL*_IS/NIS (selected dataset),SA11MCM,source column (renamed),
HumanResources,human_resources,staff_11_month_men_status,NCES XSA11MCM reporting/imputation status for staff_11_month_men.,2012-2024,2012-2024 instructional salary source only,dataset-dependent: institution × year × occupation/staff/tenure/rank code,NCES status code,EAP; S*_OC/IS/SIS/NH; SAL*_IS/NIS (selected dataset),XSA11MCM,NCES raw reporting/imputation flag; see year-specific dictionary,staff_11_month_men
HumanResources,human_resources,salary_outlay_11_month_men,Salary outlay 11 month men (NCES SA11MOM). Source annual pay/contract measure; compare within the specified salary regime.,2012-2024,2016-2024 instructional salary source only,dataset-dependent: institution × year × occupation/staff/tenure/rank code,nominal dollars (institution aggregates or rank average),EAP; S*_OC/IS/SIS/NH; SAL*_IS/NIS (selected dataset),SA11MOM,source column (renamed),
HumanResources,human_resources,salary_outlay_11_month_men_status,NCES XSA11MOM reporting/imputation status for salary_outlay_11_month_men.,2012-2024,2016-2024 instructional salary source only,dataset-dependent: institution × year × occupation/staff/tenure/rank code,NCES status code,EAP; S*_OC/IS/SIS/NH; SAL*_IS/NIS (selected dataset),XSA11MOM,NCES raw reporting/imputation flag; see year-specific dictionary,salary_outlay_11_month_men
HumanResources,human_resources,average_salary_11_month_men,Average salary 11 month men (NCES SA11MAM). Source annual pay/contract measure; compare within the specified salary regime.,2012-2024,2016-2024 instructional salary source only,dataset-dependent: institution × year × occupation/staff/tenure/rank code,nominal dollars (institution aggregates or rank average),EAP; S*_OC/IS/SIS/NH; SAL*_IS/NIS (selected dataset),SA11MAM,source column (renamed),
HumanResources,human_resources,average_salary_11_month_men_status,NCES XSA11MAM reporting/imputation status for average_salary_11_month_men.,2012-2024,2016-2024 instructional salary source only,dataset-dependent: institution × year × occupation/staff/tenure/rank code,NCES status code,EAP; S*_OC/IS/SIS/NH; SAL*_IS/NIS (selected dataset),XSA11MAM,NCES raw reporting/imputation flag; see year-specific dictionary,average_salary_11_month_men
HumanResources,human_resources,staff_12_month_men,Staff 12 month men (NCES SA12MCM). Source annual pay/contract measure; compare within the specified salary regime.,2012-2024,2012-2024 instructional salary source only,dataset-dependent: institution × year × occupation/staff/tenure/rank code,people,EAP; S*_OC/IS/SIS/NH; SAL*_IS/NIS (selected dataset),SA12MCM,source column (renamed),
HumanResources,human_resources,staff_12_month_men_status,NCES XSA12MCM reporting/imputation status for staff_12_month_men.,2012-2024,2012-2024 instructional salary source only,dataset-dependent: institution × year × occupation/staff/tenure/rank code,NCES status code,EAP; S*_OC/IS/SIS/NH; SAL*_IS/NIS (selected dataset),XSA12MCM,NCES raw reporting/imputation flag; see year-specific dictionary,staff_12_month_men
HumanResources,human_resources,salary_outlay_12_month_men,Salary outlay 12 month men (NCES SA12MOM). Source annual pay/contract measure; compare within the specified salary regime.,2012-2024,2016-2024 instructional salary source only,dataset-dependent: institution × year × occupation/staff/tenure/rank code,nominal dollars (institution aggregates or rank average),EAP; S*_OC/IS/SIS/NH; SAL*_IS/NIS (selected dataset),SA12MOM,source column (renamed),
HumanResources,human_resources,salary_outlay_12_month_men_status,NCES XSA12MOM reporting/imputation status for salary_outlay_12_month_men.,2012-2024,2016-2024 instructional salary source only,dataset-dependent: institution × year × occupation/staff/tenure/rank code,NCES status code,EAP; S*_OC/IS/SIS/NH; SAL*_IS/NIS (selected dataset),XSA12MOM,NCES raw reporting/imputation flag; see year-specific dictionary,salary_outlay_12_month_men
HumanResources,human_resources,average_salary_12_month_men,Average salary 12 month men (NCES SA12MAM). Source annual pay/contract measure; compare within the specified salary regime.,2012-2024,2016-2024 instructional salary source only,dataset-dependent: institution × year × occupation/staff/tenure/rank code,nominal dollars (institution aggregates or rank average),EAP; S*_OC/IS/SIS/NH; SAL*_IS/NIS (selected dataset),SA12MAM,source column (renamed),
HumanResources,human_resources,average_salary_12_month_men_status,NCES XSA12MAM reporting/imputation status for average_salary_12_month_men.,2012-2024,2016-2024 instructional salary source only,dataset-dependent: institution × year × occupation/staff/tenure/rank code,NCES status code,EAP; S*_OC/IS/SIS/NH; SAL*_IS/NIS (selected dataset),XSA12MAM,NCES raw reporting/imputation flag; see year-specific dictionary,average_salary_12_month_men
HumanResources,human_resources,staff_9to12_women,Staff 9to12 women (NCES SATOTLW). Source annual pay/contract measure; compare within the specified salary regime.,2012-2024,2012-2024; source dataset(s): instructional_salaries,dataset-dependent: institution × year × occupation/staff/tenure/rank code,people,EAP; S*_OC/IS/SIS/NH; SAL*_IS/NIS (selected dataset),SATOTLW,source column (renamed),
HumanResources,human_resources,staff_9to12_women_status,NCES XSATOTLW reporting/imputation status for staff_9to12_women.,2012-2024,2012-2024; source dataset(s): instructional_salaries,dataset-dependent: institution × year × occupation/staff/tenure/rank code,NCES status code,EAP; S*_OC/IS/SIS/NH; SAL*_IS/NIS (selected dataset),XSATOTLW,NCES raw reporting/imputation flag; see year-specific dictionary,staff_9to12_women
HumanResources,human_resources,instructional_staff_women,Instructional staff women (NCES SAINSTW). Source annual pay/contract measure; compare within the specified salary regime.,2012-2024,2016-2024 instructional salary source only,dataset-dependent: institution × year × occupation/staff/tenure/rank code,people,EAP; S*_OC/IS/SIS/NH; SAL*_IS/NIS (selected dataset),SAINSTW,source column (renamed),
HumanResources,human_resources,instructional_staff_women_status,NCES XSAINSTW reporting/imputation status for instructional_staff_women.,2012-2024,2016-2024 instructional salary source only,dataset-dependent: institution × year × occupation/staff/tenure/rank code,NCES status code,EAP; S*_OC/IS/SIS/NH; SAL*_IS/NIS (selected dataset),XSAINSTW,NCES raw reporting/imputation flag; see year-specific dictionary,instructional_staff_women
HumanResources,human_resources,staff_under9_women,Staff under9 women (NCES SA_9MCW). Source annual pay/contract measure; compare within the specified salary regime.,2012-2024,2016-2024 instructional salary source only,dataset-dependent: institution × year × occupation/staff/tenure/rank code,people,EAP; S*_OC/IS/SIS/NH; SAL*_IS/NIS (selected dataset),SA_9MCW,source column (renamed),
HumanResources,human_resources,staff_under9_women_status,NCES XSA_9MCW reporting/imputation status for staff_under9_women.,2012-2024,2016-2024 instructional salary source only,dataset-dependent: institution × year × occupation/staff/tenure/rank code,NCES status code,EAP; S*_OC/IS/SIS/NH; SAL*_IS/NIS (selected dataset),XSA_9MCW,NCES raw reporting/imputation flag; see year-specific dictionary,staff_under9_women
HumanResources,human_resources,salary_outlay_women,Salary outlay women (NCES SAOUTLW). Source annual pay/contract measure; compare within the specified salary regime.,2012-2024,2012-2024; source dataset(s): instructional_salaries,dataset-dependent: institution × year × occupation/staff/tenure/rank code,nominal dollars (institution aggregates or rank average),EAP; S*_OC/IS/SIS/NH; SAL*_IS/NIS (selected dataset),SAOUTLW,source column (renamed),
HumanResources,human_resources,salary_outlay_women_status,NCES XSAOUTLW reporting/imputation status for salary_outlay_women.,2012-2024,2012-2024; source dataset(s): instructional_salaries,dataset-dependent: institution × year × occupation/staff/tenure/rank code,NCES status code,EAP; S*_OC/IS/SIS/NH; SAL*_IS/NIS (selected dataset),XSAOUTLW,NCES raw reporting/imputation flag; see year-specific dictionary,salary_outlay_women
HumanResources,human_resources,equated_9_month_salary_women,Equated 9 month salary women (NCES SAEQ9AW). Source annual pay/contract measure; compare within the specified salary regime.,2012-2024,2016-2024 instructional salary source only,dataset-dependent: institution × year × occupation/staff/tenure/rank code,nominal dollars (institution aggregates or rank average),EAP; S*_OC/IS/SIS/NH; SAL*_IS/NIS (selected dataset),SAEQ9AW,source column (renamed),
HumanResources,human_resources,equated_9_month_salary_women_status,NCES XSAEQ9AW reporting/imputation status for equated_9_month_salary_women.,2012-2024,2016-2024 instructional salary source only,dataset-dependent: institution × year × occupation/staff/tenure/rank code,NCES status code,EAP; S*_OC/IS/SIS/NH; SAL*_IS/NIS (selected dataset),XSAEQ9AW,NCES raw reporting/imputation flag; see year-specific dictionary,equated_9_month_salary_women
HumanResources,human_resources,equated_9_month_outlay_women,Equated 9 month outlay women (NCES SAEQ9OW). Source annual pay/contract measure; compare within the specified salary regime.,2012-2024,2016-2024 instructional salary source only,dataset-dependent: institution × year × occupation/staff/tenure/rank code,nominal dollars (institution aggregates or rank average),EAP; S*_OC/IS/SIS/NH; SAL*_IS/NIS (selected dataset),SAEQ9OW,source column (renamed),
HumanResources,human_resources,equated_9_month_outlay_women_status,NCES XSAEQ9OW reporting/imputation status for equated_9_month_outlay_women.,2012-2024,2016-2024 instructional salary source only,dataset-dependent: institution × year × occupation/staff/tenure/rank code,NCES status code,EAP; S*_OC/IS/SIS/NH; SAL*_IS/NIS (selected dataset),XSAEQ9OW,NCES raw reporting/imputation flag; see year-specific dictionary,equated_9_month_outlay_women
HumanResources,human_resources,average_months_women,Average months women (NCES SAAVMNW). Source annual pay/contract measure; compare within the specified salary regime.,2012-2024,2012-2017 instructional salary source; absent from 2018+,dataset-dependent: institution × year × occupation/staff/tenure/rank code,months,EAP; S*_OC/IS/SIS/NH; SAL*_IS/NIS (selected dataset),SAAVMNW,source column (renamed),
HumanResources,human_resources,average_months_women_status,NCES XSAAVMNW reporting/imputation status for average_months_women.,2012-2024,2012-2017 instructional salary source; absent from 2018+,dataset-dependent: institution × year × occupation/staff/tenure/rank code,NCES status code,EAP; S*_OC/IS/SIS/NH; SAL*_IS/NIS (selected dataset),XSAAVMNW,NCES raw reporting/imputation flag; see year-specific dictionary,average_months_women
HumanResources,human_resources,months_worked_women,Months worked women (NCES SAMNTHW). Source annual pay/contract measure; compare within the specified salary regime.,2012-2024,2012-2017 instructional salary source; absent from 2018+,dataset-dependent: institution × year × occupation/staff/tenure/rank code,months,EAP; S*_OC/IS/SIS/NH; SAL*_IS/NIS (selected dataset),SAMNTHW,source column (renamed),
HumanResources,human_resources,months_worked_women_status,NCES XSAMNTHW reporting/imputation status for months_worked_women.,2012-2024,2012-2017 instructional salary source; absent from 2018+,dataset-dependent: institution × year × occupation/staff/tenure/rank code,NCES status code,EAP; S*_OC/IS/SIS/NH; SAL*_IS/NIS (selected dataset),XSAMNTHW,NCES raw reporting/imputation flag; see year-specific dictionary,months_worked_women
HumanResources,human_resources,staff_9_month_women,Staff 9 month women (NCES SA09MCW). Source annual pay/contract measure; compare within the specified salary regime.,2012-2024,2012-2024 instructional salary source only,dataset-dependent: institution × year × occupation/staff/tenure/rank code,people,EAP; S*_OC/IS/SIS/NH; SAL*_IS/NIS (selected dataset),SA09MCW,source column (renamed),
HumanResources,human_resources,staff_9_month_women_status,NCES XSA09MCW reporting/imputation status for staff_9_month_women.,2012-2024,2012-2024 instructional salary source only,dataset-dependent: institution × year × occupation/staff/tenure/rank code,NCES status code,EAP; S*_OC/IS/SIS/NH; SAL*_IS/NIS (selected dataset),XSA09MCW,NCES raw reporting/imputation flag; see year-specific dictionary,staff_9_month_women
HumanResources,human_resources,salary_outlay_9_month_women,Salary outlay 9 month women (NCES SA09MOW). Source annual pay/contract measure; compare within the specified salary regime.,2012-2024,2016-2024 instructional salary source only,dataset-dependent: institution × year × occupation/staff/tenure/rank code,nominal dollars (institution aggregates or rank average),EAP; S*_OC/IS/SIS/NH; SAL*_IS/NIS (selected dataset),SA09MOW,source column (renamed),
HumanResources,human_resources,salary_outlay_9_month_women_status,NCES XSA09MOW reporting/imputation status for salary_outlay_9_month_women.,2012-2024,2016-2024 instructional salary source only,dataset-dependent: institution × year × occupation/staff/tenure/rank code,NCES status code,EAP; S*_OC/IS/SIS/NH; SAL*_IS/NIS (selected dataset),XSA09MOW,NCES raw reporting/imputation flag; see year-specific dictionary,salary_outlay_9_month_women
HumanResources,human_resources,average_salary_9_month_women,Average salary 9 month women (NCES SA09MAW). Source annual pay/contract measure; compare within the specified salary regime.,2012-2024,2016-2024 instructional salary source only,dataset-dependent: institution × year × occupation/staff/tenure/rank code,nominal dollars (institution aggregates or rank average),EAP; S*_OC/IS/SIS/NH; SAL*_IS/NIS (selected dataset),SA09MAW,source column (renamed),
HumanResources,human_resources,average_salary_9_month_women_status,NCES XSA09MAW reporting/imputation status for average_salary_9_month_women.,2012-2024,2016-2024 instructional salary source only,dataset-dependent: institution × year × occupation/staff/tenure/rank code,NCES status code,EAP; S*_OC/IS/SIS/NH; SAL*_IS/NIS (selected dataset),XSA09MAW,NCES raw reporting/imputation flag; see year-specific dictionary,average_salary_9_month_women
HumanResources,human_resources,staff_10_month_women,Staff 10 month women (NCES SA10MCW). Source annual pay/contract measure; compare within the specified salary regime.,2012-2024,2012-2024 instructional salary source only,dataset-dependent: institution × year × occupation/staff/tenure/rank code,people,EAP; S*_OC/IS/SIS/NH; SAL*_IS/NIS (selected dataset),SA10MCW,source column (renamed),
HumanResources,human_resources,staff_10_month_women_status,NCES XSA10MCW reporting/imputation status for staff_10_month_women.,2012-2024,2012-2024 instructional salary source only,dataset-dependent: institution × year × occupation/staff/tenure/rank code,NCES status code,EAP; S*_OC/IS/SIS/NH; SAL*_IS/NIS (selected dataset),XSA10MCW,NCES raw reporting/imputation flag; see year-specific dictionary,staff_10_month_women
HumanResources,human_resources,salary_outlay_10_month_women,Salary outlay 10 month women (NCES SA10MOW). Source annual pay/contract measure; compare within the specified salary regime.,2012-2024,2016-2024 instructional salary source only,dataset-dependent: institution × year × occupation/staff/tenure/rank code,nominal dollars (institution aggregates or rank average),EAP; S*_OC/IS/SIS/NH; SAL*_IS/NIS (selected dataset),SA10MOW,source column (renamed),
HumanResources,human_resources,salary_outlay_10_month_women_status,NCES XSA10MOW reporting/imputation status for salary_outlay_10_month_women.,2012-2024,2016-2024 instructional salary source only,dataset-dependent: institution × year × occupation/staff/tenure/rank code,NCES status code,EAP; S*_OC/IS/SIS/NH; SAL*_IS/NIS (selected dataset),XSA10MOW,NCES raw reporting/imputation flag; see year-specific dictionary,salary_outlay_10_month_women
HumanResources,human_resources,average_salary_10_month_women,Average salary 10 month women (NCES SA10MAW). Source annual pay/contract measure; compare within the specified salary regime.,2012-2024,2016-2024 instructional salary source only,dataset-dependent: institution × year × occupation/staff/tenure/rank code,nominal dollars (institution aggregates or rank average),EAP; S*_OC/IS/SIS/NH; SAL*_IS/NIS (selected dataset),SA10MAW,source column (renamed),
HumanResources,human_resources,average_salary_10_month_women_status,NCES XSA10MAW reporting/imputation status for average_salary_10_month_women.,2012-2024,2016-2024 instructional salary source only,dataset-dependent: institution × year × occupation/staff/tenure/rank code,NCES status code,EAP; S*_OC/IS/SIS/NH; SAL*_IS/NIS (selected dataset),XSA10MAW,NCES raw reporting/imputation flag; see year-specific dictionary,average_salary_10_month_women
HumanResources,human_resources,staff_11_month_women,Staff 11 month women (NCES SA11MCW). Source annual pay/contract measure; compare within the specified salary regime.,2012-2024,2012-2024 instructional salary source only,dataset-dependent: institution × year × occupation/staff/tenure/rank code,people,EAP; S*_OC/IS/SIS/NH; SAL*_IS/NIS (selected dataset),SA11MCW,source column (renamed),
HumanResources,human_resources,staff_11_month_women_status,NCES XSA11MCW reporting/imputation status for staff_11_month_women.,2012-2024,2012-2024 instructional salary source only,dataset-dependent: institution × year × occupation/staff/tenure/rank code,NCES status code,EAP; S*_OC/IS/SIS/NH; SAL*_IS/NIS (selected dataset),XSA11MCW,NCES raw reporting/imputation flag; see year-specific dictionary,staff_11_month_women
HumanResources,human_resources,salary_outlay_11_month_women,Salary outlay 11 month women (NCES SA11MOW). Source annual pay/contract measure; compare within the specified salary regime.,2012-2024,2016-2024 instructional salary source only,dataset-dependent: institution × year × occupation/staff/tenure/rank code,nominal dollars (institution aggregates or rank average),EAP; S*_OC/IS/SIS/NH; SAL*_IS/NIS (selected dataset),SA11MOW,source column (renamed),
HumanResources,human_resources,salary_outlay_11_month_women_status,NCES XSA11MOW reporting/imputation status for salary_outlay_11_month_women.,2012-2024,2016-2024 instructional salary source only,dataset-dependent: institution × year × occupation/staff/tenure/rank code,NCES status code,EAP; S*_OC/IS/SIS/NH; SAL*_IS/NIS (selected dataset),XSA11MOW,NCES raw reporting/imputation flag; see year-specific dictionary,salary_outlay_11_month_women
HumanResources,human_resources,average_salary_11_month_women,Average salary 11 month women (NCES SA11MAW). Source annual pay/contract measure; compare within the specified salary regime.,2012-2024,2016-2024 instructional salary source only,dataset-dependent: institution × year × occupation/staff/tenure/rank code,nominal dollars (institution aggregates or rank average),EAP; S*_OC/IS/SIS/NH; SAL*_IS/NIS (selected dataset),SA11MAW,source column (renamed),
HumanResources,human_resources,average_salary_11_month_women_status,NCES XSA11MAW reporting/imputation status for average_salary_11_month_women.,2012-2024,2016-2024 instructional salary source only,dataset-dependent: institution × year × occupation/staff/tenure/rank code,NCES status code,EAP; S*_OC/IS/SIS/NH; SAL*_IS/NIS (selected dataset),XSA11MAW,NCES raw reporting/imputation flag; see year-specific dictionary,average_salary_11_month_women
HumanResources,human_resources,staff_12_month_women,Staff 12 month women (NCES SA12MCW). Source annual pay/contract measure; compare within the specified salary regime.,2012-2024,2012-2024 instructional salary source only,dataset-dependent: institution × year × occupation/staff/tenure/rank code,people,EAP; S*_OC/IS/SIS/NH; SAL*_IS/NIS (selected dataset),SA12MCW,source column (renamed),
HumanResources,human_resources,staff_12_month_women_status,NCES XSA12MCW reporting/imputation status for staff_12_month_women.,2012-2024,2012-2024 instructional salary source only,dataset-dependent: institution × year × occupation/staff/tenure/rank code,NCES status code,EAP; S*_OC/IS/SIS/NH; SAL*_IS/NIS (selected dataset),XSA12MCW,NCES raw reporting/imputation flag; see year-specific dictionary,staff_12_month_women
HumanResources,human_resources,salary_outlay_12_month_women,Salary outlay 12 month women (NCES SA12MOW). Source annual pay/contract measure; compare within the specified salary regime.,2012-2024,2016-2024 instructional salary source only,dataset-dependent: institution × year × occupation/staff/tenure/rank code,nominal dollars (institution aggregates or rank average),EAP; S*_OC/IS/SIS/NH; SAL*_IS/NIS (selected dataset),SA12MOW,source column (renamed),
HumanResources,human_resources,salary_outlay_12_month_women_status,NCES XSA12MOW reporting/imputation status for salary_outlay_12_month_women.,2012-2024,2016-2024 instructional salary source only,dataset-dependent: institution × year × occupation/staff/tenure/rank code,NCES status code,EAP; S*_OC/IS/SIS/NH; SAL*_IS/NIS (selected dataset),XSA12MOW,NCES raw reporting/imputation flag; see year-specific dictionary,salary_outlay_12_month_women
HumanResources,human_resources,average_salary_12_month_women,Average salary 12 month women (NCES SA12MAW). Source annual pay/contract measure; compare within the specified salary regime.,2012-2024,2016-2024 instructional salary source only,dataset-dependent: institution × year × occupation/staff/tenure/rank code,nominal dollars (institution aggregates or rank average),EAP; S*_OC/IS/SIS/NH; SAL*_IS/NIS (selected dataset),SA12MAW,source column (renamed),
HumanResources,human_resources,average_salary_12_month_women_status,NCES XSA12MAW reporting/imputation status for average_salary_12_month_women.,2012-2024,2016-2024 instructional salary source only,dataset-dependent: institution × year × occupation/staff/tenure/rank code,NCES status code,EAP; S*_OC/IS/SIS/NH; SAL*_IS/NIS (selected dataset),XSA12MAW,NCES raw reporting/imputation flag; see year-specific dictionary,average_salary_12_month_women
Finance,finance,id,Institutional UNITID string; a form-specific institution/fiscal-year key.,2004-2024,"2004-2024; form-specific source, applicability, and accounting regime",institution × fiscal year × accounting form,UNITID string,"F*_F1A (GASB), F*_F2/F3 (FASB); selected form",UNITID,"source identifier, trimmed",
Finance,finance,year,Fiscal year ending in this calendar year (F2324 describes fiscal year 2024).,2004-2024,"2004-2024; form-specific source, applicability, and accounting regime",institution × fiscal year × accounting form,year,"F*_F1A (GASB), F*_F2/F3 (FASB); selected form",source file year,file/period year; see guide for period alignment,
Finance,finance,form,"NCES Finance accounting form: f1a, f2 or f3. Different forms are not additive.",2004-2024,"2004-2024; form-specific source, applicability, and accounting regime",institution × fiscal year × accounting form,"category, text, or source-specific measure","F*_F1A (GASB), F*_F2/F3 (FASB); selected form",source F*_F1A/F2/F3 stem,"source accounting form, not a CONTROL lookup",
Finance,finance,accounting_basis,F1A public GASB; F2 nonprofit and some public FASB; F3 for-profit FASB.,2004-2024,"2004-2024; form-specific source, applicability, and accounting regime",institution × fiscal year × accounting form,"category, text, or source-specific measure","F*_F1A (GASB), F*_F2/F3 (FASB); selected form",source form,F1A GASB; F2 nonprofit/some public FASB; F3 for-profit FASB,
Finance,finance,accounting_regime,"2004-09 prealigned, 2010+ aligned, with F3 redesigned from fiscal 2014; use with form to interpret trends.",2004-2024,"2004-2024; form-specific source, applicability, and accounting regime",institution × fiscal year × accounting form,"category, text, or source-specific measure","F*_F1A (GASB), F*_F2/F3 (FASB); selected form",source form; fiscal year,2004-09 prealigned; 2010+ aligned; F3 revised from FY2014,
Finance,finance,source_stem,Exact NCES file stem for the fiscal year and form.,2004-2024,"2004-2024; form-specific source, applicability, and accounting regime",institution × fiscal year × accounting form,"category, text, or source-specific measure","F*_F1A (GASB), F*_F2/F3 (FASB); selected form",configured source file,exact NCES ZIP filename stem,
Finance,finance,total_assets,Year-end assets in nominal dollars; values and valuation rules differ by accounting form.,2004-2024,"2004-2024; form-specific source, applicability, and accounting regime",institution × fiscal year × accounting form,nominal institutional dollars (form/era-specific),"F*_F1A (GASB), F*_F2/F3 (FASB); selected form",F1A06; F2A02; F3A01,source column (renamed),
Finance,finance,total_liabilities,Year-end liabilities in nominal dollars; GASB pension/OPEB rules also change over time.,2004-2024,"2004-2024; form-specific source, applicability, and accounting regime",institution × fiscal year × accounting form,nominal institutional dollars (form/era-specific),"F*_F1A (GASB), F*_F2/F3 (FASB); selected form",F1A13; F2A03; F3A02,source column (renamed),
Finance,finance,net_position,F1A public GASB net position (F1A18; earlier dictionaries call it total net assets); not FASB equity.,2004-2024,2004-2024; public GASB F1A only,institution × fiscal year × accounting form,nominal institutional dollars (form/era-specific),"F*_F1A (GASB), F*_F2/F3 (FASB); selected form",F1A18,source column (renamed),
Finance,finance,net_assets,F2 nonprofit/some public FASB net assets (F2A06).,2004-2024,2004-2024; nonprofit/some public FASB F2 only,institution × fiscal year × accounting form,nominal institutional dollars (form/era-specific),"F*_F1A (GASB), F*_F2/F3 (FASB); selected form",F2A06,source column (renamed),
Finance,finance,equity,F3 for-profit FASB equity (F3A03).,2004-2024,2004-2024; for-profit FASB F3 only,institution × fiscal year × accounting form,nominal institutional dollars (form/era-specific),"F*_F1A (GASB), F*_F2/F3 (FASB); selected form",F3A03,source column (renamed),
Finance,finance,net_tuition_fees,"Tuition and fees after discounts/allowances (F1B01/F2D01/F3D01), not published tuition or student net price.",2004-2024,"2004-2024; form-specific source, applicability, and accounting regime",institution × fiscal year × accounting form,nominal institutional dollars (form/era-specific),"F*_F1A (GASB), F*_F2/F3 (FASB); selected form",F1B01; F2D01; F3D01,source column (renamed),
Finance,finance,tuition_discounts,Scholarship/aid discounts applied to tuition and fees (F1E08/F2C08/F3C06); do not add to net tuition as independent revenue.,2004-2024,"2004-2024; form-specific source, applicability, and accounting regime",institution × fiscal year × accounting form,nominal institutional dollars (form/era-specific),"F*_F1A (GASB), F*_F2/F3 (FASB); selected form",F1E08; F2C08; F3C06,source column (renamed),
Finance,finance,operating_revenues,F1A public GASB operating revenues (F1B09); government appropriations are generally nonoperating.,2004-2024,2004-2024; public GASB F1A only,institution × fiscal year × accounting form,nominal institutional dollars (form/era-specific),"F*_F1A (GASB), F*_F2/F3 (FASB); selected form",F1B09,source column (renamed),
Finance,finance,nonoperating_revenues,F1A public GASB nonoperating revenues (F1B19).,2004-2024,2004-2024; public GASB F1A only,institution × fiscal year × accounting form,nominal institutional dollars (form/era-specific),"F*_F1A (GASB), F*_F2/F3 (FASB); selected form",F1B19,source column (renamed),
Finance,finance,revenues_and_additions,"F1A public GASB total revenues and other additions (F1B25), including capital/endowment additions.",2004-2024,2004-2024; public GASB F1A only,institution × fiscal year × accounting form,nominal institutional dollars (form/era-specific),"F*_F1A (GASB), F*_F2/F3 (FASB); selected form",F1B25,source column (renamed),
Finance,finance,revenues_and_investment_return,F2/F3 FASB total revenues and investment return (F2D16/F3D09); not the F1A other-additions total.,2004-2024,2004-2024; FASB F2/F3 only,institution × fiscal year × accounting form,nominal institutional dollars (form/era-specific),"F*_F1A (GASB), F*_F2/F3 (FASB); selected form",F2D16; F3D09,source column (renamed),
Finance,finance,instruction_expenses,"Functional instruction expenses (F1C011/F2E011/F3E011), available on F3 from fiscal 2014; form/era definitions differ.",2004-2024,2004-2024 F1A/F2; 2014-2024 F3 (different regimes),institution × fiscal year × accounting form,nominal institutional dollars (form/era-specific),"F*_F1A (GASB), F*_F2/F3 (FASB); selected form",F1C011; F2E011; F3E011,source column (renamed),
Finance,finance,total_expenses,"F1A expenses and deductions (F1C191); F2 expenses (F2E131); F3 statement expenses (F3B02, not applicable for some F3 reporters).",2004-2024,"2004-2024; form-specific source, applicability, and accounting regime",institution × fiscal year × accounting form,nominal institutional dollars (form/era-specific),"F*_F1A (GASB), F*_F2/F3 (FASB); selected form",F1C191; F2E131; F3B02,source column (renamed),
Finance,finance,functional_expenses,"F3 total expenses by function (F3E071), fiscal 2014 onward. Differs from F3B02 for some reporters; no automatic substitution.",2004-2024,2014-2024; F3 only; not interchangeable with F3B02,institution × fiscal year × accounting form,nominal institutional dollars (form/era-specific),"F*_F1A (GASB), F*_F2/F3 (FASB); selected form",F3E071,source column (renamed),
Finance,finance,state_appropriations,"Source state appropriations (F1B11/F2D03/F3D03A where present), not all state grants and contracts.",2004-2024,"2004-2024; form-specific source, applicability, and accounting regime",institution × fiscal year × accounting form,nominal institutional dollars (form/era-specific),"F*_F1A (GASB), F*_F2/F3 (FASB); selected form",F1B11; F2D03; F3D03A,source column (renamed),
Finance,finance,pell_discounts,Total discounts/allowances funded by Pell grants (F1E12/F2C12/F3C12); first collected in fiscal 2020.,2004-2024,2020-2024; all three forms; missing before the field was added,institution × fiscal year × accounting form,nominal institutional dollars (form/era-specific),"F*_F1A (GASB), F*_F2/F3 (FASB); selected form",F1E12; F2C12; F3C12,source column (renamed),
Finance,finance,total_assets_status,NCES X* reporting/imputation flag for total_assets; codes depend on the source-year dictionary.,2004-2024,"2004-2024; form-specific source, applicability, and accounting regime",institution × fiscal year × accounting form,NCES status code,"F*_F1A (GASB), F*_F2/F3 (FASB); selected form",XF1A06; XF2A02; XF3A01,NCES raw reporting/imputation flag; see year-specific dictionary,total_assets
Finance,finance,total_liabilities_status,NCES X* reporting/imputation flag for total_liabilities; codes depend on the source-year dictionary.,2004-2024,"2004-2024; form-specific source, applicability, and accounting regime",institution × fiscal year × accounting form,NCES status code,"F*_F1A (GASB), F*_F2/F3 (FASB); selected form",XF1A13; XF2A03; XF3A02,NCES raw reporting/imputation flag; see year-specific dictionary,total_liabilities
Finance,finance,net_position_status,NCES X* reporting/imputation flag for net_position; codes depend on the source-year dictionary.,2004-2024,2004-2024; public GASB F1A only,institution × fiscal year × accounting form,NCES status code,"F*_F1A (GASB), F*_F2/F3 (FASB); selected form",XF1A18,NCES raw reporting/imputation flag; see year-specific dictionary,net_position
Finance,finance,net_tuition_fees_status,NCES X* reporting/imputation flag for net_tuition_fees; codes depend on the source-year dictionary.,2004-2024,"2004-2024; form-specific source, applicability, and accounting regime",institution × fiscal year × accounting form,NCES status code,"F*_F1A (GASB), F*_F2/F3 (FASB); selected form",XF1B01; XF2D01; XF3D01,NCES raw reporting/imputation flag; see year-specific dictionary,net_tuition_fees
Finance,finance,tuition_discounts_status,NCES X* reporting/imputation flag for tuition_discounts; codes depend on the source-year dictionary.,2004-2024,"2004-2024; form-specific source, applicability, and accounting regime",institution × fiscal year × accounting form,NCES status code,"F*_F1A (GASB), F*_F2/F3 (FASB); selected form",XF1E08; XF2C08; XF3C06,NCES raw reporting/imputation flag; see year-specific dictionary,tuition_discounts
Finance,finance,operating_revenues_status,NCES X* reporting/imputation flag for operating_revenues; codes depend on the source-year dictionary.,2004-2024,2004-2024; public GASB F1A only,institution × fiscal year × accounting form,NCES status code,"F*_F1A (GASB), F*_F2/F3 (FASB); selected form",XF1B09,NCES raw reporting/imputation flag; see year-specific dictionary,operating_revenues
Finance,finance,nonoperating_revenues_status,NCES X* reporting/imputation flag for nonoperating_revenues; codes depend on the source-year dictionary.,2004-2024,2004-2024; public GASB F1A only,institution × fiscal year × accounting form,NCES status code,"F*_F1A (GASB), F*_F2/F3 (FASB); selected form",XF1B19,NCES raw reporting/imputation flag; see year-specific dictionary,nonoperating_revenues
Finance,finance,revenues_and_additions_status,NCES X* reporting/imputation flag for revenues_and_additions; codes depend on the source-year dictionary.,2004-2024,2004-2024; public GASB F1A only,institution × fiscal year × accounting form,NCES status code,"F*_F1A (GASB), F*_F2/F3 (FASB); selected form",XF1B25,NCES raw reporting/imputation flag; see year-specific dictionary,revenues_and_additions
Finance,finance,instruction_expenses_status,NCES X* reporting/imputation flag for instruction_expenses; codes depend on the source-year dictionary.,2004-2024,2004-2024 F1A/F2; 2014-2024 F3 (different regimes),institution × fiscal year × accounting form,NCES status code,"F*_F1A (GASB), F*_F2/F3 (FASB); selected form",XF1C011; XF2E011; XF3E011,NCES raw reporting/imputation flag; see year-specific dictionary,instruction_expenses
Finance,finance,total_expenses_status,NCES X* reporting/imputation flag for total_expenses; codes depend on the source-year dictionary.,2004-2024,"2004-2024; form-specific source, applicability, and accounting regime",institution × fiscal year × accounting form,NCES status code,"F*_F1A (GASB), F*_F2/F3 (FASB); selected form",XF1C191; XF2E131; XF3B02,NCES raw reporting/imputation flag; see year-specific dictionary,total_expenses
Finance,finance,state_appropriations_status,NCES X* reporting/imputation flag for state_appropriations; codes depend on the source-year dictionary.,2004-2024,"2004-2024; form-specific source, applicability, and accounting regime",institution × fiscal year × accounting form,NCES status code,"F*_F1A (GASB), F*_F2/F3 (FASB); selected form",XF1B11; XF2D03; XF3D03A,NCES raw reporting/imputation flag; see year-specific dictionary,state_appropriations
Finance,finance,pell_discounts_status,NCES X* reporting/imputation flag for pell_discounts; codes depend on the source-year dictionary.,2004-2024,2020-2024; all three forms; missing before the field was added,institution × fiscal year × accounting form,NCES status code,"F*_F1A (GASB), F*_F2/F3 (FASB); selected form",XF1E12; XF2C12; XF3C12,NCES raw reporting/imputation flag; see year-specific dictionary,pell_discounts
Finance,finance,net_assets_status,NCES X* reporting/imputation flag for net_assets; codes depend on the source-year dictionary.,2004-2024,2004-2024; nonprofit/some public FASB F2 only,institution × fiscal year × accounting form,NCES status code,"F*_F1A (GASB), F*_F2/F3 (FASB); selected form",XF2A06,NCES raw reporting/imputation flag; see year-specific dictionary,net_assets
Finance,finance,revenues_and_investment_return_status,NCES X* reporting/imputation flag for revenues_and_investment_return; codes depend on the source-year dictionary.,2004-2024,2004-2024; FASB F2/F3 only,institution × fiscal year × accounting form,NCES status code,"F*_F1A (GASB), F*_F2/F3 (FASB); selected form",XF2D16; XF3D09,NCES raw reporting/imputation flag; see year-specific dictionary,revenues_and_investment_return
Finance,finance,equity_status,NCES X* reporting/imputation flag for equity; codes depend on the source-year dictionary.,2004-2024,2004-2024; for-profit FASB F3 only,institution × fiscal year × accounting form,NCES status code,"F*_F1A (GASB), F*_F2/F3 (FASB); selected form",XF3A03,NCES raw reporting/imputation flag; see year-specific dictionary,equity
Finance,finance,functional_expenses_status,NCES X* reporting/imputation flag for functional_expenses; codes depend on the source-year dictionary.,2004-2024,2014-2024; F3 only; not interchangeable with F3B02,institution × fiscal year × accounting form,NCES status code,"F*_F1A (GASB), F*_F2/F3 (FASB); selected form",XF3E071,NCES raw reporting/imputation flag; see year-specific dictionary,functional_expenses
Cip,cip,year,Year of the Completions data dictionary supplying this CIP description; CIP meanings can change with classification revisions. This is not a graduation cohort year.,1984-2025,1984-2025; code definitions/versions vary by year,CIP code × dictionary year,year,Completions A data dictionary CIPCODE frequencies,source file year,file/period year; see guide for period alignment,
Cip,cip,cip,CIP (Classification of Instructional Programs) identifier code.,1984-2025,1984-2025; code definitions/versions vary by year,CIP code × dictionary year,CIP code (string),Completions A data dictionary CIPCODE frequencies,CIPCODE CodeValue; HTML dictionary,year-specific dictionary code,
Cip,cip,cip_description,"CIP subject label (e.g., Geology).",1984-2025,1984-2025; code definitions/versions vary by year,CIP code × dictionary year,"category, text, or source-specific measure",Completions A data dictionary CIPCODE frequencies,CIPCODE ValueLabel; HTML dictionary,"dictionary label, title-cased and prefix trimmed",
